/*!40101 SET @OLD_CHARACTER_SET_CLIENT=@@CHARACTER_SET_CLIENT */;
/*!40101 SET NAMES utf8 */;
/*!50503 SET NAMES utf8mb4 */;
/*!40014 SET @OLD_FOREIGN_KEY_CHECKS=@@FOREIGN_KEY_CHECKS, FOREIGN_KEY_CHECKS=0 */;
/*!40101 SET @OLD_SQL_MODE=@@SQL_MODE, SQL_MODE='NO_AUTO_VALUE_ON_ZERO' */;

CREATE DATABASE IF NOT EXISTS `my_bottega611` /*!40100 DEFAULT CHARACTER SET latin1 */;
USE `my_bottega611`;

DROP TABLE IF EXISTS `app_custom_warehouse_items`;
CREATE TABLE IF NOT EXISTS `app_custom_warehouse_items` (
  `app_warehouse_items_id` int(11) NOT NULL,
  `tipo` varchar(255) NOT NULL,
  `modello` varchar(255) DEFAULT NULL,
  `colore` varchar(255) DEFAULT NULL,
  `taglia` varchar(255) NOT NULL,
  `genere` varchar(255) NOT NULL,
  `imagepath` varchar(255) DEFAULT NULL,
  KEY `fk_app_custom_warehouse_items_userreg` (`app_warehouse_items_id`),
  CONSTRAINT `fk_app_custom_warehouse_items_userreg` FOREIGN KEY (`app_warehouse_items_id`) REFERENCES `app_warehouse_items` (`id`) ON DELETE CASCADE ON UPDATE CASCADE
) ENGINE=InnoDB DEFAULT CHARSET=latin1;

DELETE FROM `app_custom_warehouse_items`;
/*!40000 ALTER TABLE `app_custom_warehouse_items` DISABLE KEYS */;
INSERT INTO `app_custom_warehouse_items` (`app_warehouse_items_id`, `tipo`, `modello`, `colore`, `taglia`, `genere`, `imagepath`) VALUES
	(1, 'SCIARPA', 'CLASSICA', 'MULTICOLOR', 'U', 'UNISEX', NULL),
	(2, 'ABITO', 'BALZE', 'BLU', 'XS', 'DONNA', NULL),
	(3, 'ABITO', 'BALZE', 'BLU', 'S', 'DONNA', NULL),
	(4, 'ABITO', 'BALZE', 'BLU', 'M', 'DONNA', NULL),
	(5, 'ABITO', 'BALZE', 'BLU', 'L', 'DONNA', NULL),
	(6, 'ABITO', 'BALZE', 'BLU', 'XL', 'DONNA', NULL),
	(7, 'ABITO', 'BALZE', 'ECRU', 'XS', 'DONNA', NULL),
	(8, 'ABITO', 'BALZE', 'ECRU', 'S', 'DONNA', NULL),
	(9, 'ABITO', 'BALZE', 'ECRU', 'M', 'DONNA', NULL),
	(10, 'ABITO', 'BALZE', 'ECRU', 'L', 'DONNA', NULL),
	(11, 'ABITO', 'BALZE', 'ECRU', 'XL', 'DONNA', NULL),
	(12, 'ABITO', 'CAFTANO MANICHE', 'BIANCO STONE', 'XS', 'DONNA', NULL),
	(13, 'ABITO', 'CAFTANO MANICHE', 'BIANCO STONE', 'S', 'DONNA', NULL),
	(14, 'ABITO', 'CAFTANO MANICHE', 'BIANCO STONE', 'M', 'DONNA', NULL),
	(15, 'ABITO', 'CAFTANO MANICHE', 'BIANCO STONE', 'L', 'DONNA', NULL),
	(16, 'ABITO', 'CAFTANO MANICHE', 'BIANCO STONE', 'XL', 'DONNA', NULL),
	(17, 'ABITO', 'CAFTANO MANICHE', 'STONE BIANCO', 'XS', 'DONNA', NULL),
	(18, 'ABITO', 'CAFTANO MANICHE', 'STONE BIANCO', 'S', 'DONNA', NULL),
	(19, 'ABITO', 'CAFTANO MANICHE', 'STONE BIANCO', 'M', 'DONNA', NULL),
	(20, 'ABITO', 'CAFTANO MANICHE', 'STONE BIANCO', 'L', 'DONNA', NULL),
	(21, 'ABITO', 'CAFTANO MANICHE', 'STONE BIANCO', 'XL', 'DONNA', NULL),
	(22, 'ABITO', 'CAFTANO SMANICATO', 'NERO BEIGE', 'XS', 'DONNA', NULL),
	(23, 'ABITO', 'CAFTANO SMANICATO', 'NERO BEIGE', 'S', 'DONNA', NULL),
	(24, 'ABITO', 'CAFTANO SMANICATO', 'NERO BEIGE', 'M', 'DONNA', NULL),
	(25, 'ABITO', 'CAFTANO SMANICATO', 'NERO BEIGE', 'L', 'DONNA', NULL),
	(26, 'ABITO', 'CAFTANO SMANICATO', 'NERO BEIGE', 'XL', 'DONNA', NULL),
	(27, 'ABITO', 'CAFTANO SMANICATO', 'ROSSO BEIGE', 'XS', 'DONNA', NULL),
	(28, 'ABITO', 'CAFTANO SMANICATO', 'ROSSO BEIGE', 'S', 'DONNA', NULL),
	(29, 'ABITO', 'CAFTANO SMANICATO', 'ROSSO BEIGE', 'M', 'DONNA', NULL),
	(30, 'ABITO', 'CAFTANO SMANICATO', 'ROSSO BEIGE', 'L', 'DONNA', NULL),
	(31, 'ABITO', 'CAFTANO SMANICATO', 'ROSSO BEIGE', 'XL', 'DONNA', NULL),
	(32, 'ABITO', 'COLLO ANELLO', 'GRIGIO PERLA', 'XS', 'DONNA', NULL),
	(33, 'ABITO', 'COLLO ANELLO', 'GRIGIO PERLA', 'S', 'DONNA', NULL),
	(34, 'ABITO', 'COLLO ANELLO', 'GRIGIO PERLA', 'M', 'DONNA', NULL),
	(35, 'ABITO', 'COLLO ANELLO', 'GRIGIO PERLA', 'L', 'DONNA', NULL),
	(36, 'ABITO', 'COLLO ANELLO', 'GRIGIO PERLA', 'XL', 'DONNA', NULL),
	(37, 'ABITO', 'DOPPIO', 'BIANCO BEIGE', 'XS', 'DONNA', NULL),
	(38, 'ABITO', 'DOPPIO', 'BIANCO BEIGE', 'S', 'DONNA', NULL),
	(39, 'ABITO', 'DOPPIO', 'BIANCO BEIGE', 'M', 'DONNA', NULL),
	(40, 'ABITO', 'DOPPIO', 'BIANCO BEIGE', 'L', 'DONNA', NULL),
	(41, 'ABITO', 'DOPPIO', 'BIANCO BEIGE', 'XL', 'DONNA', NULL),
	(42, 'ABITO', 'CANNELLO', 'BLU', 'XS', 'DONNA', NULL),
	(43, 'ABITO', 'CANNELLO', 'BLU', 'S', 'DONNA', NULL),
	(44, 'ABITO', 'CANNELLO', 'BLU', 'M', 'DONNA', NULL),
	(45, 'ABITO', 'CANNELLO', 'BLU', 'L', 'DONNA', NULL),
	(46, 'ABITO', 'CANNELLO', 'BLU', 'XL', 'DONNA', NULL),
	(47, 'ABITO', 'IMPERO', 'BIANCO', 'XS', 'DONNA', NULL),
	(48, 'ABITO', 'IMPERO', 'BIANCO', 'S', 'DONNA', NULL),
	(49, 'ABITO', 'IMPERO', 'BIANCO', 'M', 'DONNA', NULL),
	(50, 'ABITO', 'IMPERO', 'BIANCO', 'L', 'DONNA', NULL),
	(51, 'ABITO', 'IMPERO', 'BIANCO', 'XL', 'DONNA', NULL),
	(52, 'ABITO', 'IMPERO', 'BIANCO', 'XXL', 'DONNA', NULL),
	(53, 'ABITO', 'IMPERO', 'GRIGIO MARRONE', 'XS', 'DONNA', NULL),
	(54, 'ABITO', 'IMPERO', 'GRIGIO MARRONE', 'S', 'DONNA', NULL),
	(55, 'ABITO', 'IMPERO', 'GRIGIO MARRONE', 'M', 'DONNA', NULL),
	(56, 'ABITO', 'IMPERO', 'GRIGIO MARRONE', 'L', 'DONNA', NULL),
	(57, 'ABITO', 'IMPERO', 'GRIGIO MARRONE', 'XL', 'DONNA', NULL),
	(58, 'ABITO', 'IMPERO', 'GRIGIO MARRONE', 'XXL', 'DONNA', NULL),
	(59, 'ABITO', 'IMPERO', 'JEANS', 'XS', 'DONNA', NULL),
	(60, 'ABITO', 'IMPERO', 'JEANS', 'S', 'DONNA', NULL),
	(61, 'ABITO', 'IMPERO', 'JEANS', 'M', 'DONNA', NULL),
	(62, 'ABITO', 'IMPERO', 'JEANS', 'L', 'DONNA', NULL),
	(63, 'ABITO', 'IMPERO', 'JEANS', 'XL', 'DONNA', NULL),
	(64, 'ABITO', 'IMPERO', 'JEANS', 'XXL', 'DONNA', NULL),
	(65, 'ABITO', 'RIGHRE VERT. SPIGOLI', 'ECRU', 'XS', 'DONNA', NULL),
	(66, 'ABITO', 'RIGHRE VERT. SPIGOLI', 'ECRU', 'S', 'DONNA', NULL),
	(67, 'ABITO', 'RIGHRE VERT. SPIGOLI', 'ECRU', 'M', 'DONNA', NULL),
	(68, 'ABITO', 'RIGHRE VERT. SPIGOLI', 'ECRU', 'L', 'DONNA', NULL),
	(69, 'ABITO', 'RIGHRE VERT. SPIGOLI', 'ECRU', 'XL', 'DONNA', NULL),
	(70, 'ABITO', 'LUNGO RIGHE SPIGATO', 'BIANCO MARINE', 'XS', 'DONNA', NULL),
	(71, 'ABITO', 'LUNGO RIGHE SPIGATO', 'BIANCO MARINE', 'S', 'DONNA', NULL),
	(72, 'ABITO', 'LUNGO RIGHE SPIGATO', 'BIANCO MARINE', 'M', 'DONNA', NULL),
	(73, 'ABITO', 'LUNGO RIGHE SPIGATO', 'BIANCO MARINE', 'L', 'DONNA', NULL),
	(74, 'ABITO', 'LUNGO RIGHE SPIGATO', 'BIANCO MARINE', 'XL', 'DONNA', NULL),
	(75, 'ABITO', 'LUNGO RIGHE ORIZZ.', 'ECRU', 'U', 'DONNA', NULL),
	(76, 'ABITO', 'LUNGO COLLO ANELLO', 'GRIGIO MARRONE', 'XS', 'DONNA', NULL),
	(77, 'ABITO', 'LUNGO COLLO ANELLO', 'GRIGIO MARRONE', 'S', 'DONNA', NULL),
	(78, 'ABITO', 'LUNGO COLLO ANELLO', 'GRIGIO MARRONE', 'M', 'DONNA', NULL),
	(79, 'ABITO', 'LUNGO COLLO ANELLO', 'GRIGIO MARRONE', 'L', 'DONNA', NULL),
	(80, 'ABITO', 'LUNGO COLLO ANELLO', 'GRIGIO MARRONE', 'XL', 'DONNA', NULL),
	(81, 'ABITO', 'LUNGO COLLO COREANA', 'BLU', 'XS', 'DONNA', NULL),
	(82, 'ABITO', 'LUNGO COLLO COREANA', 'BLU', 'S', 'DONNA', NULL),
	(83, 'ABITO', 'LUNGO COLLO COREANA', 'BLU', 'M', 'DONNA', NULL),
	(84, 'ABITO', 'LUNGO COLLO COREANA', 'BLU', 'L', 'DONNA', NULL),
	(85, 'ABITO', 'LUNGO COLLO COREANA', 'BLU', 'XL', 'DONNA', NULL),
	(86, 'ABITO', 'LUNGO SBIEGO RIGATO', 'MARRONE', 'XS', 'DONNA', NULL),
	(87, 'ABITO', 'LUNGO SBIEGO RIGATO', 'MARRONE', 'S', 'DONNA', NULL),
	(88, 'ABITO', 'LUNGO SBIEGO RIGATO', 'MARRONE', 'M', 'DONNA', NULL),
	(89, 'ABITO', 'LUNGO SBIEGO RIGATO', 'MARRONE', 'L', 'DONNA', NULL),
	(90, 'ABITO', 'MARINARO A RIGHE', 'BLU BIANCO', 'XS', 'DONNA', NULL),
	(91, 'ABITO', 'MARINARO A RIGHE', 'BLU BIANCO', 'S', 'DONNA', NULL),
	(92, 'ABITO', 'MARINARO A RIGHE', 'BLU BIANCO', 'M', 'DONNA', NULL),
	(93, 'ABITO', 'MARINARO A RIGHE', 'BLU BIANCO', 'L', 'DONNA', NULL),
	(94, 'ABITO', 'MARINARO A RIGHE', 'BLU BIANCO', 'XL', 'DONNA', NULL),
	(95, 'ABITO', 'PATCHWORK 3 COLORI', 'BIANCO MARRONE ECRU', 'XS', 'DONNA', NULL),
	(96, 'ABITO', 'PATCHWORK 3 COLORI', 'BIANCO MARRONE ECRU', 'S', 'DONNA', NULL),
	(97, 'ABITO', 'PATCHWORK 3 COLORI', 'BIANCO MARRONE ECRU', 'M', 'DONNA', NULL),
	(98, 'ABITO', 'PATCHWORK 3 COLORI', 'BIANCO MARRONE ECRU', 'L', 'DONNA', NULL),
	(99, 'ABITO', 'PATCHWORK 3 COLORI', 'BIANCO MARRONE ECRU', 'XL', 'DONNA', NULL),
	(100, 'ABITO', 'VALENTINA', 'BLU', 'XS', 'DONNA', NULL),
	(101, 'ABITO', 'VALENTINA', 'BLU', 'S', 'DONNA', NULL),
	(102, 'ABITO', 'VALENTINA', 'BLU', 'M', 'DONNA', NULL),
	(103, 'ABITO', 'VALENTINA', 'BLU', 'L', 'DONNA', NULL),
	(104, 'ABITO', 'VALENTINA', 'BLU', 'XL', 'DONNA', NULL),
	(105, 'ABITO', 'VALENTINA', 'ROSSO', 'XS', 'DONNA', NULL),
	(106, 'ABITO', 'VALENTINA', 'ROSSO', 'S', 'DONNA', NULL),
	(107, 'ABITO', 'VALENTINA', 'ROSSO', 'M', 'DONNA', NULL),
	(108, 'ABITO', 'VALENTINA', 'ROSSO', 'L', 'DONNA', NULL),
	(109, 'ABITO', 'VALENTINA', 'ROSSO', 'XL', 'DONNA', NULL),
	(110, 'ABITO', 'AMALTEA', 'ROSSO', 'XS', 'DONNA', NULL),
	(111, 'ABITO', 'AMALTEA', 'ROSSO', 'S', 'DONNA', NULL),
	(112, 'ABITO', 'AMALTEA', 'ROSSO', 'M', 'DONNA', NULL),
	(113, 'ABITO', 'AMALTEA', 'ROSSO', 'L', 'DONNA', NULL),
	(114, 'BORSA', 'LINO', 'BLU', 'U', 'DONNA', NULL),
	(115, 'BORSA', 'LINO', 'BORSA SPIGATA', 'U', 'DONNA', NULL),
	(116, 'BORSA', 'LINO', 'ECRU', 'U', 'DONNA', NULL),
	(117, 'BORSA', 'LINO', 'MARRONE', 'U', 'DONNA', NULL),
	(118, 'CAMICIA', 'VOLANT', 'BIANCO', 'XS', 'DONNA', NULL),
	(119, 'CAMICIA', 'VOLANT', 'BIANCO', 'S', 'DONNA', NULL),
	(120, 'CAMICIA', 'VOLANT', 'BIANCO', 'M', 'DONNA', NULL),
	(121, 'CAMICIA', 'VOLANT', 'BIANCO', 'L', 'DONNA', NULL),
	(122, 'CAMICIA', 'VOLANT', 'BIANCO', 'XL', 'DONNA', NULL),
	(123, 'CAMICIA', 'ALAMARI', 'BONDY', 'XS', 'DONNA', NULL),
	(124, 'CAMICIA', 'ALAMARI', 'BONDY', 'S', 'DONNA', NULL),
	(125, 'CAMICIA', 'ALAMARI', 'BONDY', 'M', 'DONNA', NULL),
	(126, 'CAMICIA', 'ALAMARI', 'BONDY', 'L', 'DONNA', NULL),
	(127, 'CAMICIA', 'ALAMARI', 'BONDY', 'XL', 'DONNA', NULL),
	(128, 'CAMICIA', 'ALAMARI', 'BONDY', 'XXL', 'DONNA', NULL),
	(129, 'CAMICIA', 'ALAMARI', 'BIANCO', 'XS', 'DONNA', NULL),
	(130, 'CAMICIA', 'ALAMARI', 'BIANCO', 'S', 'DONNA', NULL),
	(131, 'CAMICIA', 'ALAMARI', 'BIANCO', 'M', 'DONNA', NULL),
	(132, 'CAMICIA', 'ALAMARI', 'BIANCO', 'L', 'DONNA', NULL),
	(133, 'CAMICIA', 'ALAMARI', 'BIANCO', 'XL', 'DONNA', NULL),
	(134, 'CAMICIA', 'ALAMARI', 'BIANCO', 'XXL', 'DONNA', NULL),
	(135, 'CAMICIA', 'ALAMARI', 'GRIGIO MARRONE', 'XS', 'DONNA', NULL),
	(136, 'CAMICIA', 'ALAMARI', 'GRIGIO MARRONE', 'S', 'DONNA', NULL),
	(137, 'CAMICIA', 'ALAMARI', 'GRIGIO MARRONE', 'M', 'DONNA', NULL),
	(138, 'CAMICIA', 'ALAMARI', 'GRIGIO MARRONE', 'L', 'DONNA', NULL),
	(139, 'CAMICIA', 'ALAMARI', 'GRIGIO MARRONE', 'XL', 'DONNA', NULL),
	(140, 'CAMICIA', 'ALAMARI', 'GRIGIO MARRONE', 'XXL', 'DONNA', NULL),
	(141, 'CAMICIA', 'CHEMISIER', 'ECRU', 'XS', 'DONNA', NULL),
	(142, 'CAMICIA', 'CHEMISIER', 'ECRU', 'S', 'DONNA', NULL),
	(143, 'CAMICIA', 'CHEMISIER', 'ECRU', 'M', 'DONNA', NULL),
	(144, 'CAMICIA', 'CHEMISIER', 'ECRU', 'L', 'DONNA', NULL),
	(145, 'CAMICIA', 'CHEMISIER', 'ECRU', 'XL', 'DONNA', NULL),
	(146, 'CAMICIA', 'CHEMISIER', 'MARRONE', 'XS', 'DONNA', NULL),
	(147, 'CAMICIA', 'CHEMISIER', 'MARRONE', 'S', 'DONNA', NULL),
	(148, 'CAMICIA', 'CHEMISIER', 'MARRONE', 'M', 'DONNA', NULL),
	(149, 'CAMICIA', 'CHEMISIER', 'MARRONE', 'L', 'DONNA', NULL),
	(150, 'CAMICIA', 'CHEMISIER', 'MARRONE', 'XL', 'DONNA', NULL),
	(151, 'CAMICIA', 'CLASSICA', 'ROYAL', 'XS', 'DONNA', NULL),
	(152, 'CAMICIA', 'CLASSICA', 'ROYAL', 'S', 'DONNA', NULL),
	(153, 'CAMICIA', 'CLASSICA', 'ROYAL', 'M', 'DONNA', NULL),
	(154, 'CAMICIA', 'CLASSICA', 'ROYAL', 'L', 'DONNA', NULL),
	(155, 'CAMICIA', 'CLASSICA', 'ROYAL', 'XL', 'DONNA', NULL),
	(156, 'CAMICIA', 'COREANA E POLSINO', 'ECRU', 'XS', 'DONNA', NULL),
	(157, 'CAMICIA', 'COREANA E POLSINO', 'ECRU', 'S', 'DONNA', NULL),
	(158, 'CAMICIA', 'COREANA E POLSINO', 'ECRU', 'M', 'DONNA', NULL),
	(159, 'CAMICIA', 'COREANA E POLSINO', 'ECRU', 'L', 'DONNA', NULL),
	(160, 'CAMICIA', 'FIOCCO', 'BIANCO ECRU', 'XS', 'DONNA', NULL),
	(161, 'CAMICIA', 'FIOCCO', 'BIANCO ECRU', 'S', 'DONNA', NULL),
	(162, 'CAMICIA', 'FIOCCO', 'BIANCO ECRU', 'M', 'DONNA', NULL),
	(163, 'CAMICIA', 'FIOCCO', 'BIANCO ECRU', 'L', 'DONNA', NULL),
	(164, 'CAMICIA', 'FIOCCO', 'BIANCO ECRU', 'XL', 'DONNA', NULL),
	(165, 'CAMICIA', 'OVER', 'BIANCO', 'XS', 'DONNA', NULL),
	(166, 'CAMICIA', 'OVER', 'BIANCO', 'S', 'DONNA', NULL),
	(167, 'CAMICIA', 'OVER', 'BIANCO', 'M', 'DONNA', NULL),
	(168, 'CAMICIA', 'OVER', 'BIANCO', 'L', 'DONNA', NULL),
	(169, 'CAMICIA', 'OVER', 'BIANCO', 'XL', 'DONNA', NULL),
	(170, 'CAMICIA', 'OVER', 'BIANCO', 'XXL', 'DONNA', NULL),
	(171, 'CAMICIA', 'PRINCIPESSA', 'BIANCO', 'XS', 'DONNA', NULL),
	(172, 'CAMICIA', 'PRINCIPESSA', 'BIANCO', 'S', 'DONNA', NULL),
	(173, 'CAMICIA', 'PRINCIPESSA', 'BIANCO', 'M', 'DONNA', NULL),
	(174, 'CAMICIA', 'PRINCIPESSA', 'BIANCO', 'L', 'DONNA', NULL),
	(175, 'CAMICIA', 'PRINCIPESSA', 'BIANCO', 'XL', 'DONNA', NULL),
	(176, 'CAMICIA', 'PRINCIPESSA', 'BIANCO', 'XXL', 'DONNA', NULL),
	(177, 'CAMICIA', 'SPIGATA A RIGHE', 'BIANCO MARINE', 'S', 'DONNA', NULL),
	(178, 'CAMICIA', 'SPIGATA A RIGHE', 'BIANCO MARINE', 'L', 'DONNA', NULL),
	(179, 'CAMICIA', 'SPIGATA A RIGHE', 'MARRONE ECRU', 'S', 'DONNA', NULL),
	(180, 'CAMICIA', 'SPIGATA A RIGHE', 'MARRONE ECRU', 'L', 'DONNA', NULL),
	(181, 'CAMICIA', 'SPIGATA A RIGHE', 'VERDE BLU', 'S', 'DONNA', NULL),
	(182, 'CAMICIA', 'SPIGATA A RIGHE', 'VERDE BLU', 'L', 'DONNA', NULL),
	(183, 'CAMICIA', 'VALENTINA', 'BIANCO', 'XS', 'DONNA', NULL),
	(184, 'CAMICIA', 'VALENTINA', 'BIANCO', 'S', 'DONNA', NULL),
	(185, 'CAMICIA', 'VALENTINA', 'BIANCO', 'M', 'DONNA', NULL),
	(186, 'CAMICIA', 'VALENTINA', 'BIANCO', 'L', 'DONNA', NULL),
	(187, 'CAMICIA', 'VALENTINA', 'BIANCO', 'XL', 'DONNA', NULL),
	(188, 'CAMICIA', 'RIGHINA', 'BIANCO', 'XS', 'DONNA', NULL),
	(189, 'CAMICIA', 'RIGHINA', 'BIANCO', 'S', 'DONNA', NULL),
	(190, 'CAMICIA', 'RIGHINA', 'BIANCO', 'M', 'DONNA', NULL),
	(191, 'CAMICIA', 'RIGHINA', 'BIANCO', 'L', 'DONNA', NULL),
	(192, 'CAMICIA', 'RIGHINA', 'BIANCO', 'XL', 'DONNA', NULL),
	(193, 'CAMICIONE', 'COREANO PLISSET', 'BIANCO', 'S', 'DONNA', NULL),
	(194, 'CAMICIONE', 'COREANO PLISSET', 'BIANCO', 'M', 'DONNA', NULL),
	(195, 'CAMICIONE', 'COREANO PLISSET', 'BIANCO', 'L', 'DONNA', NULL),
	(196, 'CAMICIONE', 'COREANO PLISSET', 'BIANCO', 'XL', 'DONNA', NULL),
	(197, 'CAMICIONE', 'COREANO PLISSET', 'BLU', 'S', 'DONNA', NULL),
	(198, 'CAMICIONE', 'COREANO PLISSET', 'BLU', 'M', 'DONNA', NULL),
	(199, 'CAMICIONE', 'COREANO PLISSET', 'BLU', 'L', 'DONNA', NULL),
	(200, 'CAMICIONE', 'COREANO PLISSET', 'BLU', 'XL', 'DONNA', NULL),
	(201, 'CAMICIONE', 'COREANO PLISSET', 'ROSSO', 'S', 'DONNA', NULL),
	(202, 'CAMICIONE', 'COREANO PLISSET', 'ROSSO', 'M', 'DONNA', NULL),
	(203, 'CAMICIONE', 'COREANO PLISSET', 'ROSSO', 'L', 'DONNA', NULL),
	(204, 'CAMICIONE', 'COREANO PLISSET', 'ROSSO', 'XL', 'DONNA', NULL),
	(205, 'CAMICIONE', 'LUNGHISSIMO', 'BIANCO', 'S', 'DONNA', NULL),
	(206, 'CAMICIONE', 'LUNGHISSIMO', 'BIANCO', 'M', 'DONNA', NULL),
	(207, 'CAMICIONE', 'LUNGHISSIMO', 'BIANCO', 'L', 'DONNA', NULL),
	(208, 'CAMICIONE', 'LUNGHISSIMO', 'BIANCO', 'XL', 'DONNA', NULL),
	(209, 'CINTA', 'LINO', 'BIANCO', 'U', 'DONNA', NULL),
	(210, 'CINTA', 'LINO', 'BLU', 'U', 'DONNA', NULL),
	(211, 'CINTA', 'LINO', 'ECRU', 'U', 'DONNA', NULL),
	(212, 'CINTA', 'LINO', 'MARRONE', 'U', 'DONNA', NULL),
	(213, 'CINTA', 'LINO', 'NERO', 'U', 'DONNA', NULL),
	(214, 'CINTA', 'LINO', 'ROSSO', 'U', 'DONNA', NULL),
	(215, 'GONNA', 'RIGHE', 'BLU BIANCO', 'XS', 'DONNA', NULL),
	(216, 'GONNA', 'RIGHE', 'BLU BIANCO', 'S', 'DONNA', NULL),
	(217, 'GONNA', 'RIGHE', 'BLU BIANCO', 'M', 'DONNA', NULL),
	(218, 'GONNA', 'RIGHE', 'BLU BIANCO', 'L', 'DONNA', NULL),
	(219, 'MAGLIA', 'BOTTONI DIETRO', 'BEIGE', 'S', 'DONNA', NULL),
	(220, 'MAGLIA', 'BOTTONI DIETRO', 'BEIGE', 'M', 'DONNA', NULL),
	(221, 'MAGLIA', 'BOTTONI DIETRO', 'BEIGE', 'L', 'DONNA', NULL),
	(222, 'MAGLIA', 'BOTTONI DIETRO', 'BLU', 'S', 'DONNA', NULL),
	(223, 'MAGLIA', 'BOTTONI DIETRO', 'BLU', 'M', 'DONNA', NULL),
	(224, 'MAGLIA', 'BOTTONI DIETRO', 'BLU', 'L', 'DONNA', NULL),
	(225, 'MAGLIA', 'BOTTONI DIETRO', 'GRIGIO', 'S', 'DONNA', NULL),
	(226, 'MAGLIA', 'BOTTONI DIETRO', 'GRIGIO', 'M', 'DONNA', NULL),
	(227, 'MAGLIA', 'BOTTONI DIETRO', 'GRIGIO', 'L', 'DONNA', NULL),
	(228, 'MAGLIA', 'BOTTONI DIETRO', 'PIOMBO', 'S', 'DONNA', NULL),
	(229, 'MAGLIA', 'BOTTONI DIETRO', 'PIOMBO', 'M', 'DONNA', NULL),
	(230, 'MAGLIA', 'BOTTONI DIETRO', 'PIOMBO', 'L', 'DONNA', NULL),
	(231, 'MAGLIA', 'BOTTONI DIETRO', 'ROSA', 'S', 'DONNA', NULL),
	(232, 'MAGLIA', 'BOTTONI DIETRO', 'ROSA', 'M', 'DONNA', NULL),
	(233, 'MAGLIA', 'BOTTONI DIETRO', 'ROSA', 'L', 'DONNA', NULL),
	(234, 'MAGLIA', 'CARDIGAN', 'BLU', 'S', 'DONNA', NULL),
	(235, 'MAGLIA', 'CARDIGAN', 'BLU', 'M', 'DONNA', NULL),
	(236, 'MAGLIA', 'CARDIGAN', 'BLU', 'L', 'DONNA', NULL),
	(237, 'MAGLIA', 'TOP MAGLINA', 'BIANCO', 'S', 'DONNA', NULL),
	(238, 'MAGLIA', 'TOP MAGLINA', 'BIANCO', 'M', 'DONNA', NULL),
	(239, 'MAGLIA', 'TOP MAGLINA', 'BIANCO', 'L', 'DONNA', NULL),
	(240, 'MAGLIA', 'TOP MAGLINA', 'BIANCO', 'XL', 'DONNA', NULL),
	(241, 'MAGLIA', 'UOVO', 'BLU', 'U', 'DONNA', NULL),
	(242, 'MAGLIA', 'UOVO', 'PIOMBO', 'U', 'DONNA', NULL),
	(243, 'MAGLIA', 'UOVO', 'ROSSO', 'U', 'DONNA', NULL),
	(244, 'MAGLIA', 'UOVO', 'TERRA', 'U', 'DONNA', NULL),
	(245, 'MAGLIA', 'UOVO RIGHE', 'BLU BIANCO', 'U', 'DONNA', NULL),
	(246, 'PANTALONE', 'CAPRI', 'BIANCO', 'XS', 'DONNA', NULL),
	(247, 'PANTALONE', 'CAPRI', 'BIANCO', 'S', 'DONNA', NULL),
	(248, 'PANTALONE', 'CAPRI', 'BIANCO', 'M', 'DONNA', NULL),
	(249, 'PANTALONE', 'CAPRI', 'BIANCO', 'L', 'DONNA', NULL),
	(250, 'PANTALONE', 'CAPRI', 'BIANCO', 'XL', 'DONNA', NULL),
	(251, 'PANTALONE', 'CAPRI', 'BIANCO', 'XXL', 'DONNA', NULL),
	(252, 'PANTALONE', 'CAPRI', 'BLU', 'XS', 'DONNA', NULL),
	(253, 'PANTALONE', 'CAPRI', 'BLU', 'S', 'DONNA', NULL),
	(254, 'PANTALONE', 'CAPRI', 'BLU', 'M', 'DONNA', NULL),
	(255, 'PANTALONE', 'CAPRI', 'BLU', 'L', 'DONNA', NULL),
	(256, 'PANTALONE', 'CAPRI', 'BLU', 'XL', 'DONNA', NULL),
	(257, 'PANTALONE', 'CAPRI', 'BLU', 'XXL', 'DONNA', NULL),
	(258, 'PANTALONE', 'CAPRI', 'ECRU', 'XS', 'DONNA', NULL),
	(259, 'PANTALONE', 'CAPRI', 'ECRU', 'S', 'DONNA', NULL),
	(260, 'PANTALONE', 'CAPRI', 'ECRU', 'M', 'DONNA', NULL),
	(261, 'PANTALONE', 'CAPRI', 'ECRU', 'L', 'DONNA', NULL),
	(262, 'PANTALONE', 'CAPRI', 'ECRU', 'XL', 'DONNA', NULL),
	(263, 'PANTALONE', 'CAPRI', 'ECRU', 'XXL', 'DONNA', NULL),
	(264, 'PANTALONE', 'CAPRI', 'MARRONE', 'XS', 'DONNA', NULL),
	(265, 'PANTALONE', 'CAPRI', 'MARRONE', 'S', 'DONNA', NULL),
	(266, 'PANTALONE', 'CAPRI', 'MARRONE', 'M', 'DONNA', NULL),
	(267, 'PANTALONE', 'CAPRI', 'MARRONE', 'L', 'DONNA', NULL),
	(268, 'PANTALONE', 'CAPRI', 'MARRONE', 'XL', 'DONNA', NULL),
	(269, 'PANTALONE', 'CAPRI', 'MARRONE', 'XXL', 'DONNA', NULL),
	(270, 'PANTALONE', 'CAPRI QUADRETTO', 'BLU BIANCO', 'XS', 'DONNA', NULL),
	(271, 'PANTALONE', 'CAPRI QUADRETTO', 'BLU BIANCO', 'S', 'DONNA', NULL),
	(272, 'PANTALONE', 'CAPRI QUADRETTO', 'BLU BIANCO', 'M', 'DONNA', NULL),
	(273, 'PANTALONE', 'CAPRI QUADRETTO', 'BLU BIANCO', 'L', 'DONNA', NULL),
	(274, 'PANTALONE', 'CAPRI QUADRETTO', 'BLU BIANCO', 'XL', 'DONNA', NULL),
	(275, 'PANTALONE', 'CAPRI QUADRETTO', 'BLU BIANCO', 'XXL', 'DONNA', NULL),
	(276, 'PANTALONE', 'PALAZZO', 'BIANCO', 'XS', 'DONNA', NULL),
	(277, 'PANTALONE', 'PALAZZO', 'BIANCO', 'S', 'DONNA', NULL),
	(278, 'PANTALONE', 'PALAZZO', 'BIANCO', 'M', 'DONNA', NULL),
	(279, 'PANTALONE', 'PALAZZO', 'BIANCO', 'L', 'DONNA', NULL),
	(280, 'PANTALONE', 'PALAZZO', 'BIANCO', 'XL', 'DONNA', NULL),
	(281, 'PANTALONE', 'PALAZZO', 'BIANCO', 'XXL', 'DONNA', NULL),
	(282, 'PANTALONE', 'PALAZZO', 'STONE', 'XS', 'DONNA', NULL),
	(283, 'PANTALONE', 'PALAZZO', 'STONE', 'S', 'DONNA', NULL),
	(284, 'PANTALONE', 'PALAZZO', 'STONE', 'M', 'DONNA', NULL),
	(285, 'PANTALONE', 'PALAZZO', 'STONE', 'L', 'DONNA', NULL),
	(286, 'PANTALONE', 'PALAZZO', 'STONE', 'XL', 'DONNA', NULL),
	(287, 'PANTALONE', 'PALAZZO', 'STONE', 'XXL', 'DONNA', NULL),
	(288, 'PANTALONE', 'PALAZZO', 'VERDE', 'XS', 'DONNA', NULL),
	(289, 'PANTALONE', 'PALAZZO', 'VERDE', 'S', 'DONNA', NULL),
	(290, 'PANTALONE', 'PALAZZO', 'VERDE', 'M', 'DONNA', NULL),
	(291, 'PANTALONE', 'PALAZZO', 'VERDE', 'L', 'DONNA', NULL),
	(292, 'PANTALONE', 'PALAZZO', 'VERDE', 'XL', 'DONNA', NULL),
	(293, 'PANTALONE', 'PALAZZO', 'VERDE', 'XXL', 'DONNA', NULL),
	(294, 'PONCHO', 'LINO', 'MILITARE', 'U', 'DONNA', NULL),
	(295, 'PONCHO', 'LINO', 'SABBIA', 'U', 'DONNA', NULL),
	(296, 'PONCHO', 'LINO', 'MARRONE', 'U', 'DONNA', NULL),
	(297, 'PONCHO', 'CACHEMER', 'BLU', 'U', 'DONNA', NULL),
	(298, 'PONCHO', 'CACHEMER', 'BEIGE', 'U', 'DONNA', NULL),
	(299, 'PONCHO', 'CACHEMER', 'PANNA', 'U', 'DONNA', NULL),
	(300, 'PONCHO', 'CACHEMER', 'VERDE', 'U', 'DONNA', NULL),
	(301, 'TOP', 'CANNELLO', 'BIANCO', 'XS', 'DONNA', NULL),
	(302, 'TOP', 'CANNELLO', 'BIANCO', 'S', 'DONNA', NULL),
	(303, 'TOP', 'CANNELLO', 'BIANCO', 'M', 'DONNA', NULL),
	(304, 'TOP', 'CANNELLO', 'BIANCO', 'L', 'DONNA', NULL),
	(305, 'TOP', 'CANNELLO', 'BIANCO', 'XL', 'DONNA', NULL),
	(306, 'TOP', 'COLLO ANELLO', 'BIANCO ECRU', 'XS', 'DONNA', NULL),
	(307, 'TOP', 'COLLO ANELLO', 'BIANCO ECRU', 'S', 'DONNA', NULL),
	(308, 'TOP', 'COLLO ANELLO', 'BIANCO ECRU', 'M', 'DONNA', NULL),
	(309, 'TOP', 'COLLO ANELLO', 'BIANCO ECRU', 'L', 'DONNA', NULL),
	(310, 'TOP', 'COLLO ANELLO', 'BIANCO ECRU', 'XL', 'DONNA', NULL),
	(311, 'TOP', 'COLLO ANELLO', 'BLU BIANCO', 'XS', 'DONNA', NULL),
	(312, 'TOP', 'COLLO ANELLO', 'BLU BIANCO', 'S', 'DONNA', NULL),
	(313, 'TOP', 'COLLO ANELLO', 'BLU BIANCO', 'M', 'DONNA', NULL),
	(314, 'TOP', 'COLLO ANELLO', 'BLU BIANCO', 'L', 'DONNA', NULL),
	(315, 'TOP', 'COLLO ANELLO', 'BLU BIANCO', 'XL', 'DONNA', NULL),
	(316, 'TOP', 'COLLO ANELLO', 'PERLA BIANCO', 'XS', 'DONNA', NULL),
	(317, 'TOP', 'COLLO ANELLO', 'PERLA BIANCO', 'S', 'DONNA', NULL),
	(318, 'TOP', 'COLLO ANELLO', 'PERLA BIANCO', 'M', 'DONNA', NULL),
	(319, 'TOP', 'COLLO ANELLO', 'PERLA BIANCO', 'L', 'DONNA', NULL),
	(320, 'TOP', 'COLLO ANELLO', 'PERLA BIANCO', 'XL', 'DONNA', NULL),
	(321, 'TOP', 'LINO MISTO MAGLINA', 'NERO', 'XS', 'DONNA', NULL),
	(322, 'TOP', 'LINO MISTO MAGLINA', 'NERO', 'S', 'DONNA', NULL),
	(323, 'TOP', 'LINO MISTO MAGLINA', 'NERO', 'M', 'DONNA', NULL),
	(324, 'TOP', 'LINO MISTO MAGLINA', 'NERO', 'L', 'DONNA', NULL),
	(325, 'TOP', 'PLISSET', 'BIANCO', 'XS', 'DONNA', NULL),
	(326, 'TOP', 'PLISSET', 'BIANCO', 'S', 'DONNA', NULL),
	(327, 'TOP', 'PLISSET', 'BIANCO', 'M', 'DONNA', NULL),
	(328, 'TOP', 'PLISSET', 'BIANCO', 'L', 'DONNA', NULL),
	(329, 'TOP', 'PLISSET', 'BIANCO', 'XL', 'DONNA', NULL),
	(330, 'TOP', 'PLISSET', 'ECRU', 'XS', 'DONNA', NULL),
	(331, 'TOP', 'PLISSET', 'ECRU', 'S', 'DONNA', NULL),
	(332, 'TOP', 'PLISSET', 'ECRU', 'M', 'DONNA', NULL),
	(333, 'TOP', 'PLISSET', 'ECRU', 'L', 'DONNA', NULL),
	(334, 'TOP', 'PLISSET', 'ECRU', 'XL', 'DONNA', NULL),
	(335, 'TOP', 'PLISSET', 'MARRONE', 'XS', 'DONNA', NULL),
	(336, 'TOP', 'PLISSET', 'MARRONE', 'S', 'DONNA', NULL),
	(337, 'TOP', 'PLISSET', 'MARRONE', 'M', 'DONNA', NULL),
	(338, 'TOP', 'PLISSET', 'MARRONE', 'L', 'DONNA', NULL),
	(339, 'TOP', 'PLISSET', 'MARRONE', 'XL', 'DONNA', NULL),
	(340, 'CAMICIA', 'CLASSICO', 'BIANCO', 'S', 'UOMO', NULL),
	(341, 'CAMICIA', 'CLASSICO', 'BIANCO', 'M', 'UOMO', NULL),
	(342, 'CAMICIA', 'CLASSICO', 'BIANCO', 'L', 'UOMO', NULL),
	(343, 'CAMICIA', 'CLASSICO', 'BIANCO', 'XL', 'UOMO', NULL),
	(344, 'CAMICIA', 'CLASSICO', 'BIANCO', 'XXL', 'UOMO', NULL),
	(345, 'CAMICIA', 'CLASSICO', 'BLU', 'S', 'UOMO', NULL),
	(346, 'CAMICIA', 'CLASSICO', 'BLU', 'M', 'UOMO', NULL),
	(347, 'CAMICIA', 'CLASSICO', 'BLU', 'L', 'UOMO', NULL),
	(348, 'CAMICIA', 'CLASSICO', 'BLU', 'XL', 'UOMO', NULL),
	(349, 'CAMICIA', 'CLASSICO', 'BLU', 'XXL', 'UOMO', NULL),
	(350, 'CAMICIA', 'CLASSICO', 'ROSSO', 'S', 'UOMO', NULL),
	(351, 'CAMICIA', 'CLASSICO', 'ROSSO', 'M', 'UOMO', NULL),
	(352, 'CAMICIA', 'CLASSICO', 'ROSSO', 'L', 'UOMO', NULL),
	(353, 'CAMICIA', 'CLASSICO', 'ROSSO', 'XL', 'UOMO', NULL),
	(354, 'CAMICIA', 'CLASSICO', 'ROSSO', 'XXL', 'UOMO', NULL),
	(355, 'CAMICIA', 'COREANA APERTO', 'BIANCO', 'S', 'UOMO', NULL),
	(356, 'CAMICIA', 'COREANA APERTO', 'BIANCO', 'M', 'UOMO', NULL),
	(357, 'CAMICIA', 'COREANA APERTO', 'BIANCO', 'L', 'UOMO', NULL),
	(358, 'CAMICIA', 'COREANA APERTO', 'BIANCO', 'XL', 'UOMO', NULL),
	(359, 'CAMICIA', 'COREANA APERTO', 'BIANCO', 'XXL', 'UOMO', NULL),
	(360, 'CAMICIA', 'COREANA APERTO', 'MARINE', 'S', 'UOMO', NULL),
	(361, 'CAMICIA', 'COREANA APERTO', 'MARINE', 'M', 'UOMO', NULL),
	(362, 'CAMICIA', 'COREANA APERTO', 'MARINE', 'L', 'UOMO', NULL),
	(363, 'CAMICIA', 'COREANA APERTO', 'MARINE', 'XL', 'UOMO', NULL),
	(364, 'CAMICIA', 'COREANA APERTO', 'MARINE', 'XXL', 'UOMO', NULL),
	(365, 'CAMICIA', 'COREANA APERTO RIGA', 'BIANCO BEIGE', 'S', 'UOMO', NULL),
	(366, 'CAMICIA', 'COREANA APERTO RIGA', 'BIANCO BEIGE', 'M', 'UOMO', NULL),
	(367, 'CAMICIA', 'COREANA APERTO RIGA', 'BIANCO BEIGE', 'L', 'UOMO', NULL),
	(368, 'CAMICIA', 'COREANA APERTO RIGA', 'BIANCO BEIGE', 'XL', 'UOMO', NULL),
	(369, 'CAMICIA', 'COREANA APERTO RIGA', 'BIANCO BEIGE', 'XXL', 'UOMO', NULL),
	(370, 'CAMICIA', 'COREANA CHIUSO', 'BONDY', 'S', 'UOMO', NULL),
	(371, 'CAMICIA', 'COREANA CHIUSO', 'BONDY', 'M', 'UOMO', NULL),
	(372, 'CAMICIA', 'COREANA CHIUSO', 'BONDY', 'L', 'UOMO', NULL),
	(373, 'CAMICIA', 'COREANA CHIUSO', 'BONDY', 'XL', 'UOMO', NULL),
	(374, 'CAMICIA', 'COREANA CHIUSO', 'BONDY', 'XXL', 'UOMO', NULL),
	(375, 'CAMICIA', 'COREANA CHIUSO RIGA', 'BIANCO BEIGE', 'S', 'UOMO', NULL),
	(376, 'CAMICIA', 'COREANA CHIUSO RIGA', 'BIANCO BEIGE', 'M', 'UOMO', NULL),
	(377, 'CAMICIA', 'COREANA CHIUSO RIGA', 'BIANCO BEIGE', 'L', 'UOMO', NULL),
	(378, 'CAMICIA', 'COREANA CHIUSO RIGA', 'BIANCO BEIGE', 'XL', 'UOMO', NULL),
	(379, 'CAMICIA', 'COREANA CHIUSO RIGA', 'BIANCO BEIGE', 'XXL', 'UOMO', NULL),
	(380, 'CAMICIA', 'COREANA CHIUSO RIGA', 'BLU BIANCO', 'S', 'UOMO', NULL),
	(381, 'CAMICIA', 'COREANA CHIUSO RIGA', 'BLU BIANCO', 'M', 'UOMO', NULL),
	(382, 'CAMICIA', 'COREANA CHIUSO RIGA', 'BLU BIANCO', 'L', 'UOMO', NULL),
	(383, 'CAMICIA', 'COREANA CHIUSO RIGA', 'BLU BIANCO', 'XL', 'UOMO', NULL),
	(384, 'CAMICIA', 'COREANA CHIUSO RIGA', 'BLU BIANCO', 'XXL', 'UOMO', NULL),
	(385, 'GIACCA', 'CLASSICA', 'BLU', '48', 'UOMO', NULL),
	(386, 'GIACCA', 'CLASSICA', 'BLU', '50', 'UOMO', NULL),
	(387, 'GIACCA', 'CLASSICA', 'BLU', '52', 'UOMO', NULL),
	(388, 'GIACCA', 'CLASSICA', 'BLU', '54', 'UOMO', NULL),
	(389, 'GIACCA', 'CLASSICA', 'BLU', '56', 'UOMO', NULL),
	(390, 'GIACCA', 'CLASSICA', 'BLU', '58', 'UOMO', NULL),
	(391, 'GIACCA', 'CLASSICA', 'ECRU', '48', 'UOMO', NULL),
	(392, 'GIACCA', 'CLASSICA', 'ECRU', '50', 'UOMO', NULL),
	(393, 'GIACCA', 'CLASSICA', 'ECRU', '52', 'UOMO', NULL),
	(394, 'GIACCA', 'CLASSICA', 'ECRU', '54', 'UOMO', NULL),
	(395, 'GIACCA', 'CLASSICA', 'ECRU', '56', 'UOMO', NULL),
	(396, 'GIACCA', 'CLASSICA', 'ECRU', '58', 'UOMO', NULL),
	(397, 'PANTALONE', 'BERMUDA', 'BIANCO', 'S', 'UOMO', NULL),
	(398, 'PANTALONE', 'BERMUDA', 'BIANCO', 'M', 'UOMO', NULL),
	(399, 'PANTALONE', 'BERMUDA', 'BIANCO', 'L', 'UOMO', NULL),
	(400, 'PANTALONE', 'BERMUDA', 'BIANCO', 'XL', 'UOMO', NULL),
	(401, 'PANTALONE', 'BERMUDA', 'BIANCO', 'XXL', 'UOMO', NULL),
	(402, 'PANTALONE', 'BERMUDA', 'BLU', 'S', 'UOMO', NULL),
	(403, 'PANTALONE', 'BERMUDA', 'BLU', 'M', 'UOMO', NULL),
	(404, 'PANTALONE', 'BERMUDA', 'BLU', 'L', 'UOMO', NULL),
	(405, 'PANTALONE', 'BERMUDA', 'BLU', 'XL', 'UOMO', NULL),
	(406, 'PANTALONE', 'BERMUDA', 'BLU', 'XXL', 'UOMO', NULL),
	(407, 'PANTALONE', 'BERMUDA', 'ECRU', 'S', 'UOMO', NULL),
	(408, 'PANTALONE', 'BERMUDA', 'ECRU', 'M', 'UOMO', NULL),
	(409, 'PANTALONE', 'BERMUDA', 'ECRU', 'L', 'UOMO', NULL),
	(410, 'PANTALONE', 'BERMUDA', 'ECRU', 'XL', 'UOMO', NULL),
	(411, 'PANTALONE', 'BERMUDA', 'ECRU', 'XXL', 'UOMO', NULL),
	(412, 'PANTALONE', 'PANTALACCIO', 'BIANCO', 'S', 'UOMO', NULL),
	(413, 'PANTALONE', 'PANTALACCIO', 'BIANCO', 'M', 'UOMO', NULL),
	(414, 'PANTALONE', 'PANTALACCIO', 'BIANCO', 'L', 'UOMO', NULL),
	(415, 'PANTALONE', 'PANTALACCIO', 'BIANCO', 'XL', 'UOMO', NULL),
	(416, 'PANTALONE', 'PANTALACCIO', 'BIANCO', 'XXL', 'UOMO', NULL),
	(417, 'PANTALONE', 'PANTALACCIO', 'BLU', 'S', 'UOMO', NULL),
	(418, 'PANTALONE', 'PANTALACCIO', 'BLU', 'M', 'UOMO', NULL),
	(419, 'PANTALONE', 'PANTALACCIO', 'BLU', 'L', 'UOMO', NULL),
	(420, 'PANTALONE', 'PANTALACCIO', 'BLU', 'XL', 'UOMO', NULL),
	(421, 'PANTALONE', 'PANTALACCIO', 'BLU', 'XXL', 'UOMO', NULL),
	(422, 'PANTALONE', 'PANTALACCIO', 'ECRU', 'S', 'UOMO', NULL),
	(423, 'PANTALONE', 'PANTALACCIO', 'ECRU', 'M', 'UOMO', NULL),
	(424, 'PANTALONE', 'PANTALACCIO', 'ECRU', 'L', 'UOMO', NULL),
	(425, 'PANTALONE', 'PANTALACCIO', 'ECRU', 'XL', 'UOMO', NULL),
	(426, 'PANTALONE', 'PANTALACCIO', 'ECRU', 'XXL', 'UOMO', NULL),
	(427, 'PANTALONE', 'PANTALACCIO', 'VERDE', 'S', 'UOMO', NULL),
	(428, 'PANTALONE', 'PANTALACCIO', 'VERDE', 'M', 'UOMO', NULL),
	(429, 'PANTALONE', 'PANTALACCIO', 'VERDE', 'L', 'UOMO', NULL),
	(430, 'PANTALONE', 'PANTALACCIO', 'VERDE', 'XL', 'UOMO', NULL),
	(431, 'PANTALONE', 'PANTALACCIO', 'VERDE', 'XXL', 'UOMO', NULL),
	(432, 'COPRISPALLE', 'ESTIVO', NULL, 'U', 'DONNA', NULL),
	(433, 'COPRISPALLE', 'ESTIVO DAMASCATO', NULL, 'U', 'DONNA', NULL),
	(434, 'COPRISPALLE', 'INVERNALE', NULL, 'U', 'DONNA', NULL),
	(435, 'CAPRI', 'ESTIVO', NULL, 'U', 'DONNA', NULL),
	(436, 'CAPRI', 'INVERNALE', NULL, 'U', 'DONNA', NULL),
	(437, 'PONCHO', 'INVERNALE', NULL, 'U', 'DONNA', NULL),
	(438, 'SCIARPA', 'ESTIVO', NULL, 'U', 'DONNA', NULL),
	(439, 'SCIARPA', 'ESTIVO DAMASCATO', NULL, 'U', 'DONNA', NULL),
	(440, 'SCIARPA', 'INVERNALE', NULL, 'U', 'DONNA', NULL),
	(441, 'SCIALLE', 'ESTIVO', NULL, 'U', 'DONNA', NULL),
	(442, 'MESSICO', 'ESTIVO', NULL, 'U', 'DONNA', NULL),
	(443, 'MESSICO', 'INVERNALE', NULL, 'U', 'DONNA', NULL),
	(444, 'SMANICATO', 'ESTIVO', NULL, 'U', 'DONNA', NULL),
	(445, 'GIACCA', 'VATICANO AIDA', 'PANNA', 'U', 'DONNA', NULL),
	(446, 'GIACCA', 'BELLA', 'PEPE NERO', 'U', 'DONNA', NULL),
	(447, 'GIACCA', 'BELLA', 'LUCE', 'U', 'DONNA', NULL),
	(448, 'GIACCA', 'BENEDETTA', 'NATURALE', 'XS', 'DONNA', NULL),
	(449, 'GIACCA', 'BENEDETTA', 'NATURALE', 'XL', 'DONNA', NULL),
	(450, 'CAPPOTTO', 'VATICANO', 'NATURALE', 'U', 'DONNA', NULL),
	(451, 'TOP', 'PESCE', 'MIX CIELO', 'S', 'DONNA', NULL),
	(452, 'PANTALONE', 'ISTANTE', 'PEPE NERO', 'S', 'DONNA', NULL),
	(453, 'PANTALONE', 'ISTANTE', 'PEPE NERO', 'L', 'DONNA', NULL),
	(454, 'PANTALONE', 'ISTANTE', 'OCEANO', 'S', 'DONNA', NULL),
	(455, 'PANTALONE', 'ISTANTE', 'PANNA', 'S', 'DONNA', NULL),
	(456, 'PANTALONE', 'ISTANTE', 'PANNA', 'L', 'DONNA', NULL),
	(457, 'PANTALONE', 'ISTANTE', 'NATURALE', 'S', 'DONNA', NULL),
	(458, 'PANTALONE', 'ISTANTE', 'TELA NEUTRA', 'S', 'DONNA', NULL),
	(459, 'PANTALONE', 'ISTANTE', 'OMBRA', 'S', 'DONNA', NULL),
	(460, 'PANTALONE', 'BAROLO SEQUENZA', 'NATURALE', 'U', 'DONNA', NULL),
	(461, 'PANTALONE', 'TRITONE CESTINATO', 'MARE RIGATO', 'U', 'DONNA', NULL),
	(462, 'PANTALONE', 'FARO ROVESCIA', 'BLU', 'U', 'DONNA', NULL),
	(463, 'PANTALONE', 'ULISSE BATTISTA', 'PANNA', 'M', 'DONNA', NULL),
	(464, 'PANTALONE', 'CIPRESSO SPIGATO', 'BLU', 'S', 'DONNA', NULL),
	(465, 'PANTALONE', 'VINCENTE BATTISTA', 'NATURALE', 'L', 'DONNA', NULL),
	(466, 'SPOLVERINO', 'ARIENZO DIAMANTE', 'NATURALE', 'U', 'DONNA', NULL),
	(467, 'ABITO', 'EGG', 'INFINITO GIGATO', 'U', 'DONNA', NULL),
	(468, 'ABITO', 'EGG', 'ACCORDO BLU', 'U', 'DONNA', NULL),
	(469, 'ABITO', 'EGG', 'ARENA', 'U', 'DONNA', NULL),
	(470, 'ABITO', 'EGG', 'NEUTRA', 'U', 'DONNA', NULL),
	(471, 'ABITO', 'PIEGA', 'PACIFICA', 'U', 'DONNA', NULL),
	(472, 'ABITO', 'NEBBIOLO', 'NEUTRA', 'U', 'DONNA', NULL),
	(473, 'ABITO', 'NEBBIOLO', 'PACIFICA', 'U', 'DONNA', NULL),
	(474, 'TUTA', 'VESUVIO', 'TEMPESTA', 'U', 'DONNA', NULL),
	(475, 'TUTA', 'VESUVIO', 'ESSENZA', 'U', 'DONNA', NULL),
	(476, 'CAMICIA', 'TEMA DIAMANTE', 'PANNA', 'U', 'DONNA', NULL),
	(477, 'CAMICIA', 'TEMA FINEZZA', 'NATURALE', 'U', 'DONNA', NULL),
	(478, 'CAMICIA', 'TEMA', 'SABBIA', 'M', 'DONNA', NULL),
	(479, 'CASACCA', 'TAO', 'CIELO NERO', 'U', 'DONNA', NULL),
	(480, 'CASACCA', 'TAO', 'PANNA', 'U', 'DONNA', NULL),
	(481, 'CASACCA', 'TAO', 'CIELO', 'U', 'DONNA', NULL),
	(482, 'CASACCA', 'MAXI TAO RETE', 'PANNA', 'U', 'DONNA', NULL),
	(483, 'CASACCA', 'MAXI TAO', 'CIELO', 'U', 'DONNA', NULL),
	(484, 'CASACCA', 'LIFE RETE PESANTE', 'NATURALE', 'U', 'DONNA', NULL),
	(485, 'CASACCA', 'QUADRA', 'LUCE', 'U', 'DONNA', NULL),
	(486, 'CASACCA', 'CAMPANA RETE', 'PANNA', 'U', 'DONNA', NULL),
	(487, 'CASACCA', 'BARCA', 'BRASILIA', 'U', 'DONNA', NULL),
	(488, 'CASACCA', 'BARCA', 'SABBIA', 'U', 'DONNA', NULL),
	(489, 'CASACCA', 'BARCA', 'CIELO NERO', 'U', 'DONNA', NULL),
	(490, 'CASACCA', 'RETE', 'PANNA', 'U', 'DONNA', NULL),
	(491, 'CASACCA', 'RIUSCITA CESTINATA', 'MARE RIGATO', 'U', 'DONNA', NULL),
	(492, 'CASACCA', 'MARINA', 'VESUVIO PEPE', 'U', 'DONNA', NULL),
	(493, 'CASACCA', 'NERANO', 'NATURALE', 'U', 'DONNA', NULL),
	(494, 'CASACCA', 'NERANO', 'AUTUNNO', 'U', 'DONNA', NULL),
	(495, 'CASACCA', 'SCALA', 'PANNA', 'U', 'DONNA', NULL),
	(496, 'CASACCA', 'POLLA', 'MINI INFINITO', 'U', 'DONNA', NULL),
	(497, 'CASACCA', 'CRAPOLLA RETE', 'PANNA', 'U', 'DONNA', NULL),
	(498, 'CASACCA', 'IERI', 'NATURALE', 'U', 'DONNA', NULL),
	(499, 'CASACCA', 'ONDA RETE', 'BLU PANNA', 'U', 'DONNA', NULL),
	(500, 'CASACCA', 'CAMPANA RETE', 'PANNA', 'M', 'DONNA', NULL),
	(501, 'CASACCA', 'ANELLO', 'VESUVIO', 'U', 'DONNA', NULL),
	(502, 'CASACCA', 'ANELLO', 'PANNA', 'U', 'DONNA', NULL),
	(503, 'CASACCA', 'SEMPLICE', 'SILVER', 'U', 'DONNA', NULL),
	(504, 'CASACCA', 'SEMPLICE', 'PANNA', 'U', 'DONNA', NULL),
	(505, 'CASACCA', 'BOMBA', 'GHIACCIO', 'U', 'DONNA', NULL),
	(506, 'CASACCA', 'ASTRATTA', 'SILVER ESSENZA', 'U', 'DONNA', NULL),
	(507, 'CASACCA', 'SVOLTA', 'MARINA', 'U', 'DONNA', NULL),
	(508, 'GIACCA', 'GILA', 'BIA', 'S', 'DONNA', NULL),
	(509, 'GIACCA', 'GILA', 'BIA', 'M', 'DONNA', NULL),
	(510, 'GIACCA', 'GILA', 'BIA', 'L', 'DONNA', NULL),
	(511, 'GIACCA', 'GILA', 'AMBRA', 'S', 'DONNA', NULL),
	(512, 'GIACCA', 'GILA', 'AMBRA', 'M', 'DONNA', NULL),
	(513, 'GIACCA', 'GILA', 'AMBRA', 'L', 'DONNA', NULL),
	(514, 'SPOLVERINO', 'SHERLOCK', 'RIGA AMETISTA', 'U', 'DONNA', NULL),
	(515, 'SPOLVERINO', 'SHERLOCK', 'RIGA AMBRA', 'U', 'DONNA', NULL),
	(516, 'ABITO', 'SAPRI', 'AMBRA', 'U', 'DONNA', NULL),
	(517, 'ABITO', 'OLIVIA', 'AMETISTA', 'S', 'DONNA', NULL),
	(518, 'ABITO', 'OLIVIA', 'AMETISTA', 'M', 'DONNA', NULL),
	(519, 'ABITO', 'OLIVIA', 'AMETISTA', 'L', 'DONNA', NULL),
	(520, 'PANTALONE', 'MARTE', 'AMETISTA', 'S', 'DONNA', NULL),
	(521, 'PANTALONE', 'MARTE', 'AMETISTA', 'M', 'DONNA', NULL),
	(522, 'PANTALONE', 'MARTE', 'AMETISTA', 'L', 'DONNA', NULL),
	(523, 'CASACCA', 'ALMA', 'RIGA AMETISTA', 'U', 'DONNA', NULL),
	(524, 'CAMICIA', 'VERA', 'AMETISTA', 'S', 'DONNA', NULL),
	(525, 'ABITO', 'VERA', 'AMETISTA', 'M', 'DONNA', NULL),
	(526, 'ABITO', 'VERA', 'AMETISTA', 'L', 'DONNA', NULL),
	(527, 'ABITO', 'VERA', 'AMETISTA', 'XL', 'DONNA', NULL),
	(528, 'BORSA', NULL, NULL, 'U', 'DONNA', NULL),
	(529, 'CARTELLA', NULL, NULL, 'U', 'UNISEX', NULL),
	(530, 'ZAINO', NULL, NULL, 'U', 'UNISEX', NULL),
	(531, 'BORSELLO', NULL, NULL, 'U', 'UNISEX', NULL),
	(532, 'PORTAFOGLIO', NULL, NULL, 'U', 'DONNA', NULL),
	(533, 'PORTAFOGLIO', NULL, NULL, 'U', 'UOMO', NULL),
	(534, 'CINTURA', NULL, NULL, 'U', 'UNISEX', NULL),
	(535, 'CUSTODIA', NULL, NULL, 'U', 'DONNA', NULL),
	(536, 'VENTAGLIO', NULL, NULL, 'U', 'DONNA', NULL),
	(537, 'PAPILLON', NULL, NULL, 'U', 'UNISEX', NULL),
	(538, 'CRAVATTE', NULL, NULL, 'U', 'UNISEX', NULL),
	(539, 'OMBRELLO', NULL, NULL, 'U', 'UNISEX', NULL),
	(540, 'PORTADOCU', NULL, NULL, 'U', 'UNISEX', NULL),
	(541, 'PORTAMON', NULL, NULL, 'U', 'UNISEX', NULL),
	(542, 'ALTRO', NULL, NULL, 'U', 'UNISEX', NULL),
	(543, 'SCIARPA', 'SCIARPA', NULL, 'U', 'UNISEX', NULL),
	(544, 'ESTIVO', 'CAPPELO', NULL, 'U', 'UNISEX', NULL),
	(545, 'INVERNALE', 'CAPPELLO', NULL, 'U', 'UNISEX', NULL),
	(546, 'PANTALONE', NULL, NULL, 'U', 'DONNA', NULL),
	(547, 'CAMICIA', 'CHIUSA', NULL, 'U', 'DONNA', NULL),
	(548, 'MAGLIA', NULL, NULL, 'U', 'DONNA', NULL),
	(549, 'TOP', NULL, NULL, 'U', 'DONNA', NULL),
	(550, 'ABITO', NULL, NULL, 'U', 'DONNA', NULL),
	(551, 'GIACCA', NULL, NULL, 'U', 'DONNA', NULL),
	(552, 'CAPPOTTO', NULL, NULL, 'U', 'DONNA', NULL),
	(553, 'MANTELLA', NULL, NULL, 'U', 'DONNA', NULL),
	(554, 'GONNA', NULL, NULL, 'U', 'DONNA', NULL),
	(555, 'COPRISPALLE', NULL, NULL, 'U', 'DONNA', NULL),
	(556, 'ALTRO', NULL, NULL, 'U', 'DONNA', NULL),
	(557, 'COLLANE', NULL, NULL, 'U', 'DONNA', NULL),
	(558, 'ORECCHINI', NULL, NULL, 'U', 'DONNA', NULL),
	(559, 'BRACCIALE', NULL, NULL, 'U', 'DONNA', NULL),
	(560, 'SPILLA', NULL, NULL, 'U', 'DONNA', NULL);
/*!40000 ALTER TABLE `app_custom_warehouse_items` ENABLE KEYS */;

DROP TABLE IF EXISTS `app_dml_operation_log`;
CREATE TABLE IF NOT EXISTS `app_dml_operation_log` (
  `id` int(11) NOT NULL AUTO_INCREMENT,
  `datare` timestamp NOT NULL DEFAULT CURRENT_TIMESTAMP,
  `userreg` int(11) NOT NULL,
  `tablename` varchar(50) NOT NULL,
  `operation` varchar(50) NOT NULL,
  `rawvalues` longtext NOT NULL,
  `inserted_id` int(11) DEFAULT NULL,
  `errmess` varchar(32000) DEFAULT NULL,
  PRIMARY KEY (`id`),
  KEY `fk_app_dml_operation_log_userreg` (`userreg`),
  CONSTRAINT `fk_app_dml_operation_log_userreg` FOREIGN KEY (`userreg`) REFERENCES `app_users` (`id`) ON DELETE NO ACTION
) ENGINE=InnoDB AUTO_INCREMENT=49 DEFAULT CHARSET=latin1;

DELETE FROM `app_dml_operation_log`;
/*!40000 ALTER TABLE `app_dml_operation_log` DISABLE KEYS */;
INSERT INTO `app_dml_operation_log` (`id`, `datare`, `userreg`, `tablename`, `operation`, `rawvalues`, `inserted_id`, `errmess`) VALUES
	(23, '2019-06-08 02:22:28', 1, 'APP_USERS', 'LOGOUT', '{"USERNAME":"admin","USER_ID":1,"IS_ADMIN":1}', NULL, NULL),
	(24, '2019-06-08 14:03:22', 1, 'APP_USERS', 'LOGIN', '{"USERNAME":"admin","USER_ID":1,"IS_ADMIN":1}', NULL, NULL),
	(25, '2019-06-08 14:03:29', 1, 'APP_USERS', 'LOGOUT', '{"USERNAME":"admin","USER_ID":1,"IS_ADMIN":1}', NULL, NULL),
	(26, '2019-06-08 14:13:11', 1, 'APP_USERS', 'LOGIN', '{"USERNAME":"admin","USER_ID":1,"IS_ADMIN":1}', NULL, NULL),
	(27, '2019-06-08 14:17:34', 1, 'APP_USERS', 'LOGOUT', '{"USERNAME":"admin","USER_ID":1,"IS_ADMIN":1}', NULL, NULL),
	(28, '2019-06-08 14:17:45', 8, 'APP_USERS', 'LOGIN', '{"USERNAME":"daniele.viti","USER_ID":8,"IS_ADMIN":1}', NULL, NULL),
	(29, '2019-06-08 14:21:18', 8, 'APP_USERS', 'LOGOUT', '{"USERNAME":"daniele.viti","USER_ID":8,"IS_ADMIN":1}', NULL, NULL),
	(30, '2019-06-08 14:21:26', 8, 'APP_USERS', 'LOGIN', '{"USERNAME":"daniele.viti","BIRTHNAME":" ","USER_ID":8,"IS_ADMIN":1}', NULL, NULL),
	(31, '2019-06-08 14:21:34', 8, 'APP_USERS', 'LOGOUT', '{"USERNAME":"daniele.viti","BIRTHNAME":" ","USER_ID":8,"IS_ADMIN":1}', NULL, NULL),
	(32, '2019-06-08 14:23:12', 8, 'APP_USERS', 'LOGIN', '{"USERNAME":"daniele.viti","BIRTHNAME":"Daniele Viti","USER_ID":8,"IS_ADMIN":1}', NULL, NULL),
	(33, '2019-06-08 14:26:52', 8, 'APP_USERS', 'LOGOUT', '{"USERNAME":"daniele.viti","BIRTHNAME":"Daniele Viti","USER_ID":8,"IS_ADMIN":1}', NULL, NULL),
	(34, '2019-06-08 14:33:43', 8, 'APP_USERS', 'LOGIN', '{"USERNAME":"daniele.viti","BIRTHNAME":"Daniele Viti","USER_ID":8,"USER_ROLE_ID":0,"USER_ROLE":"Super Admin","IS_ADMIN":1}', NULL, NULL),
	(35, '2019-06-08 14:37:57', 8, 'APP_USERS', 'LOGOUT', '{"USERNAME":"daniele.viti","BIRTHNAME":"Daniele Viti","USER_ID":8,"USER_ROLE_ID":0,"USER_ROLE":"Super Admin","IS_ADMIN":1}', NULL, NULL),
	(36, '2019-06-08 14:42:19', 7, 'APP_USERS', 'LOGIN', '{"USERNAME":"gopala.savelloni","BIRTHNAME":"Gopala Savelloni","USER_ID":7,"USER_ROLE_ID":0,"USER_ROLE":"Super Admin","IS_ADMIN":1}', NULL, NULL),
	(37, '2019-06-08 14:42:38', 7, 'APP_USERS', 'LOGOUT', '{"USERNAME":"gopala.savelloni","BIRTHNAME":"Gopala Savelloni","USER_ID":7,"USER_ROLE_ID":0,"USER_ROLE":"Super Admin","IS_ADMIN":1}', NULL, NULL),
	(38, '2019-06-08 14:42:47', 8, 'APP_USERS', 'LOGIN', '{"USERNAME":"daniele.viti","BIRTHNAME":"Daniele Viti","USER_ID":8,"USER_ROLE_ID":0,"USER_ROLE":"Super Admin","IS_ADMIN":1}', NULL, NULL),
	(39, '2019-06-08 14:43:58', 8, 'APP_USERS', 'INSERT', '{"APP_USER_ROLES_ID":"10","EMAIL":"bottegaintrecci@gmail.com","NAME":"Gopala","NOTES":"Account Gestore Negozio","SURNAME":"Savelloni","USERNAME":"gopala.savelloni","USERREG":"1"}', NULL, NULL),
	(40, '2019-06-08 14:44:07', 8, 'APP_USERS', 'INSERT', '{"APP_USER_ROLES_ID":"90","EMAIL":"-","NAME":"Marzia","NOTES":"Utente Dipendente Sistema","SURNAME":"Dipendente","USERNAME":"marzia.dipendente","USERREG":"1"}', NULL, NULL),
	(41, '2019-06-08 14:45:56', 8, 'APP_USERS', 'LOGOUT', '{"USERNAME":"daniele.viti","BIRTHNAME":"Daniele Viti","USER_ID":8,"USER_ROLE_ID":0,"USER_ROLE":"Super Admin","IS_ADMIN":1}', NULL, NULL),
	(42, '2019-06-08 14:46:08', 7, 'APP_USERS', 'LOGIN', '{"USERNAME":"gopala.savelloni","BIRTHNAME":"Gopala Savelloni","USER_ID":7,"USER_ROLE_ID":10,"USER_ROLE":"Titolare","IS_ADMIN":0}', NULL, NULL),
	(43, '2019-06-08 18:16:25', 7, 'APP_USERS', 'LOGOUT', '{"USERNAME":"gopala.savelloni","BIRTHNAME":"Gopala Savelloni","USER_ID":7,"USER_ROLE_ID":10,"USER_ROLE":"Titolare","IS_ADMIN":0}', NULL, NULL),
	(45, '2019-06-08 18:16:55', 8, 'APP_USERS', 'LOGIN', '{"USERNAME":"daniele.viti","BIRTHNAME":"Daniele Viti","USER_ID":8,"USER_ROLE_ID":0,"USER_ROLE":"Super Admin","IS_ADMIN":1}', NULL, NULL),
	(46, '2019-06-08 18:17:41', 8, 'APP_USERS', 'LOGOUT', '{"USERNAME":"daniele.viti","BIRTHNAME":"Daniele Viti","USER_ID":8,"USER_ROLE_ID":0,"USER_ROLE":"Super Admin","IS_ADMIN":1}', NULL, NULL),
	(47, '2019-06-08 18:18:07', 8, 'APP_USERS', 'LOGIN', '{"USERNAME":"daniele.viti","BIRTHNAME":"Daniele Viti","USER_ID":8,"USER_ROLE_ID":0,"USER_ROLE":"Admin","IS_ADMIN":1}', NULL, NULL),
	(48, '2019-06-09 11:29:46', 8, 'APP_USERS', 'LOGIN', '{"USERNAME":"daniele.viti","BIRTHNAME":"Daniele Viti","USER_ID":8,"USER_ROLE_ID":0,"USER_ROLE":"Admin","IS_ADMIN":1}', NULL, NULL);
/*!40000 ALTER TABLE `app_dml_operation_log` ENABLE KEYS */;

DROP TABLE IF EXISTS `app_measure_units`;
CREATE TABLE IF NOT EXISTS `app_measure_units` (
  `id` int(11) NOT NULL AUTO_INCREMENT,
  `code` varchar(255) NOT NULL,
  `descri` varchar(255) NOT NULL,
  `notes` varchar(255) DEFAULT NULL,
  PRIMARY KEY (`id`)
) ENGINE=InnoDB AUTO_INCREMENT=2 DEFAULT CHARSET=latin1;

DELETE FROM `app_measure_units`;
/*!40000 ALTER TABLE `app_measure_units` DISABLE KEYS */;
INSERT INTO `app_measure_units` (`id`, `code`, `descri`, `notes`) VALUES
	(1, 'NUMBER', 'Numero', NULL);
/*!40000 ALTER TABLE `app_measure_units` ENABLE KEYS */;

DROP TABLE IF EXISTS `app_reports`;
CREATE TABLE IF NOT EXISTS `app_reports` (
  `id` int(11) NOT NULL AUTO_INCREMENT,
  `app_reports_type_id` int(11) NOT NULL,
  `outfilename` varchar(255) NOT NULL,
  `descri` varchar(255) NOT NULL,
  `query_path` varchar(255) NOT NULL,
  `inputs` varchar(4000) DEFAULT NULL,
  PRIMARY KEY (`id`),
  KEY `fk_app_reports_type` (`app_reports_type_id`),
  CONSTRAINT `fk_app_reports_type` FOREIGN KEY (`app_reports_type_id`) REFERENCES `app_reports_type` (`id`) ON DELETE NO ACTION ON UPDATE NO ACTION
) ENGINE=InnoDB AUTO_INCREMENT=4 DEFAULT CHARSET=latin1;

DELETE FROM `app_reports`;
/*!40000 ALTER TABLE `app_reports` DISABLE KEYS */;
INSERT INTO `app_reports` (`id`, `app_reports_type_id`, `outfilename`, `descri`, `query_path`, `inputs`) VALUES
	(1, 0, 'maga_movim_xdata', 'Movimenti x Data', 'excel/excel_movim_xdata.sql', 'inidate=date=Data Inizio&findate=date=Data Fine'),
	(2, 0, 'maga_giac_xdata', 'Giacenza x Data', 'excel/excel_giac_xdata.sql', 'inidate=date=Data Inizio&findate=date=Data Fine'),
	(3, 0, 'maga_giac_xdata', 'Movimentato x Data', 'excel/excel_qtamov_xdata.sql', 'inidate=date=Data Inizio&findate=date=Data Fine');
/*!40000 ALTER TABLE `app_reports` ENABLE KEYS */;

DROP TABLE IF EXISTS `app_reports_type`;
CREATE TABLE IF NOT EXISTS `app_reports_type` (
  `id` int(11) NOT NULL,
  `descri` varchar(255) NOT NULL,
  PRIMARY KEY (`id`)
) ENGINE=InnoDB DEFAULT CHARSET=latin1;

DELETE FROM `app_reports_type`;
/*!40000 ALTER TABLE `app_reports_type` DISABLE KEYS */;
INSERT INTO `app_reports_type` (`id`, `descri`) VALUES
	(0, 'Magazzino');
/*!40000 ALTER TABLE `app_reports_type` ENABLE KEYS */;

DROP TABLE IF EXISTS `app_slidemenu_items`;
CREATE TABLE IF NOT EXISTS `app_slidemenu_items` (
  `id` int(11) NOT NULL AUTO_INCREMENT,
  `app_slidemenu_sections_id` int(11) NOT NULL,
  `pagenum` int(11) NOT NULL,
  `linktext` varchar(50) NOT NULL,
  `obsolete` int(11) NOT NULL DEFAULT '0',
  PRIMARY KEY (`id`),
  KEY `fk_app_slidemenu_items_app_slidemenu_sections` (`app_slidemenu_sections_id`),
  CONSTRAINT `fk_app_slidemenu_items_app_slidemenu_sections` FOREIGN KEY (`app_slidemenu_sections_id`) REFERENCES `app_slidemenu_sections` (`id`) ON DELETE CASCADE
) ENGINE=InnoDB AUTO_INCREMENT=8 DEFAULT CHARSET=latin1;

DELETE FROM `app_slidemenu_items`;
/*!40000 ALTER TABLE `app_slidemenu_items` DISABLE KEYS */;
INSERT INTO `app_slidemenu_items` (`id`, `app_slidemenu_sections_id`, `pagenum`, `linktext`, `obsolete`) VALUES
	(1, 0, 9, 'Magazzino', 0),
	(2, 100, 2, 'Nuovo Articolo', 0),
	(3, 100, 8, 'Lista Articoli', 0),
	(4, 200, 5, 'Lista Fornitori', 0),
	(5, 200, 4, 'Registrazione Fornitore', 0),
	(6, 400, 6, 'Lista Utenti', 0),
	(7, 400, 7, 'Registrazione Utente', 0);
/*!40000 ALTER TABLE `app_slidemenu_items` ENABLE KEYS */;

DROP TABLE IF EXISTS `app_slidemenu_items_role`;
CREATE TABLE IF NOT EXISTS `app_slidemenu_items_role` (
  `app_user_roles_id` int(11) NOT NULL,
  `app_slidemenu_items_id` int(11) NOT NULL,
  KEY `fk_app_slidemenu_sections_role_app_user_roles_id` (`app_user_roles_id`),
  KEY `fk_app_slidemenu_sections_roles_app_slidemenu_sections_id` (`app_slidemenu_items_id`),
  CONSTRAINT `app_slidemenu_items_role_app_slidemenu_items_id` FOREIGN KEY (`app_slidemenu_items_id`) REFERENCES `app_slidemenu_items` (`id`) ON DELETE NO ACTION,
  CONSTRAINT `app_slidemenu_items_role_app_user_roles_id` FOREIGN KEY (`app_user_roles_id`) REFERENCES `app_user_roles` (`id`) ON DELETE NO ACTION
) ENGINE=InnoDB DEFAULT CHARSET=latin1 ROW_FORMAT=DYNAMIC;

DELETE FROM `app_slidemenu_items_role`;
/*!40000 ALTER TABLE `app_slidemenu_items_role` DISABLE KEYS */;
/*!40000 ALTER TABLE `app_slidemenu_items_role` ENABLE KEYS */;

DROP TABLE IF EXISTS `app_slidemenu_sections`;
CREATE TABLE IF NOT EXISTS `app_slidemenu_sections` (
  `id` int(11) NOT NULL AUTO_INCREMENT,
  `text` varchar(50) NOT NULL,
  `obsolete` int(11) NOT NULL DEFAULT '0',
  PRIMARY KEY (`id`)
) ENGINE=InnoDB AUTO_INCREMENT=401 DEFAULT CHARSET=latin1;

DELETE FROM `app_slidemenu_sections`;
/*!40000 ALTER TABLE `app_slidemenu_sections` DISABLE KEYS */;
INSERT INTO `app_slidemenu_sections` (`id`, `text`, `obsolete`) VALUES
	(0, 'Report', 0),
	(100, 'Gestione Magazzino', 0),
	(200, 'Gestione Fornitori', 0),
	(300, 'Gestione Dipendenti', 1),
	(400, 'Gestione Utenti', 0);
/*!40000 ALTER TABLE `app_slidemenu_sections` ENABLE KEYS */;

DROP TABLE IF EXISTS `app_slidemenu_sections_role`;
CREATE TABLE IF NOT EXISTS `app_slidemenu_sections_role` (
  `app_user_roles_id` int(11) NOT NULL,
  `app_slidemenu_sections_id` int(11) NOT NULL,
  KEY `fk_app_slidemenu_sections_role_app_user_roles_id` (`app_user_roles_id`),
  KEY `fk_app_slidemenu_sections_roles_app_slidemenu_sections_id` (`app_slidemenu_sections_id`),
  CONSTRAINT `fk_app_slidemenu_sections_role_app_user_roles_id` FOREIGN KEY (`app_user_roles_id`) REFERENCES `app_user_roles` (`id`) ON DELETE NO ACTION,
  CONSTRAINT `fk_app_slidemenu_sections_roles_app_slidemenu_sections_id` FOREIGN KEY (`app_slidemenu_sections_id`) REFERENCES `app_slidemenu_sections` (`id`) ON DELETE NO ACTION
) ENGINE=InnoDB DEFAULT CHARSET=latin1;

DELETE FROM `app_slidemenu_sections_role`;
/*!40000 ALTER TABLE `app_slidemenu_sections_role` DISABLE KEYS */;
INSERT INTO `app_slidemenu_sections_role` (`app_user_roles_id`, `app_slidemenu_sections_id`) VALUES
	(10, 0),
	(10, 100),
	(10, 200),
	(10, 300),
	(0, 400);
/*!40000 ALTER TABLE `app_slidemenu_sections_role` ENABLE KEYS */;

DROP TABLE IF EXISTS `app_suppliers`;
CREATE TABLE IF NOT EXISTS `app_suppliers` (
  `id` int(11) NOT NULL AUTO_INCREMENT,
  `code` varchar(255) NOT NULL DEFAULT '0',
  `buname` varchar(255) NOT NULL,
  `vatid` varchar(255) DEFAULT NULL,
  `telephone` varchar(255) DEFAULT NULL,
  `address` varchar(255) DEFAULT NULL,
  `email` varchar(255) DEFAULT NULL,
  `userreg` int(11) NOT NULL,
  `userupdate` int(11) NOT NULL,
  `datereg` timestamp NOT NULL DEFAULT CURRENT_TIMESTAMP,
  `lastupdate` timestamp NOT NULL DEFAULT CURRENT_TIMESTAMP,
  `obsolete` tinyint(4) NOT NULL DEFAULT '0',
  `notes` varchar(255) DEFAULT NULL,
  PRIMARY KEY (`id`),
  KEY `fk_app_suppliers_userreg` (`userreg`),
  KEY `fk_app_suppliers_userupdate` (`userupdate`),
  CONSTRAINT `fk_app_suppliers_userreg` FOREIGN KEY (`userreg`) REFERENCES `app_users` (`id`) ON DELETE NO ACTION ON UPDATE NO ACTION,
  CONSTRAINT `fk_app_suppliers_userupdate` FOREIGN KEY (`userupdate`) REFERENCES `app_users` (`id`) ON DELETE NO ACTION ON UPDATE NO ACTION
) ENGINE=InnoDB AUTO_INCREMENT=10 DEFAULT CHARSET=latin1;

DELETE FROM `app_suppliers`;
/*!40000 ALTER TABLE `app_suppliers` DISABLE KEYS */;
INSERT INTO `app_suppliers` (`id`, `code`, `buname`, `vatid`, `telephone`, `address`, `email`, `userreg`, `userupdate`, `datereg`, `lastupdate`, `obsolete`, `notes`) VALUES
	(1, '0', 'SALERNO', NULL, NULL, NULL, NULL, 1, 1, '2019-06-09 12:33:18', '2019-06-09 12:33:18', 0, NULL),
	(2, '0', 'TESSITURA', NULL, NULL, NULL, NULL, 1, 1, '2019-06-09 12:33:18', '2019-06-09 12:33:18', 0, NULL),
	(3, '0', 'LINOMANIA', NULL, NULL, NULL, NULL, 1, 1, '2019-06-09 12:33:18', '2019-06-09 12:33:18', 0, NULL),
	(4, '0', 'BLIZ', NULL, NULL, NULL, NULL, 1, 1, '2019-06-09 12:33:18', '2019-06-09 12:33:18', 0, NULL),
	(5, '0', 'SUGHERO', NULL, NULL, NULL, NULL, 1, 1, '2019-06-09 12:33:18', '2019-06-09 12:33:18', 0, NULL),
	(6, '0', 'SCIARPA', NULL, NULL, NULL, NULL, 1, 1, '2019-06-09 12:33:18', '2019-06-09 12:33:18', 0, NULL),
	(7, '0', 'CAPPELLI', NULL, NULL, NULL, NULL, 1, 1, '2019-06-09 12:33:18', '2019-06-09 12:33:18', 0, NULL),
	(8, '0', 'SARTORIA', NULL, NULL, NULL, NULL, 1, 1, '2019-06-09 12:33:18', '2019-06-09 12:33:18', 0, NULL),
	(9, '0', 'CHIACCHIERINO', NULL, NULL, NULL, NULL, 1, 1, '2019-06-09 12:33:18', '2019-06-09 12:33:18', 0, NULL);
/*!40000 ALTER TABLE `app_suppliers` ENABLE KEYS */;

DROP TABLE IF EXISTS `app_users`;
CREATE TABLE IF NOT EXISTS `app_users` (
  `id` int(11) NOT NULL AUTO_INCREMENT,
  `name` varchar(255) NOT NULL,
  `surname` varchar(255) NOT NULL,
  `username` varchar(255) NOT NULL,
  `password` varchar(255) NOT NULL,
  `email` varchar(255) NOT NULL,
  `notes` varchar(255) DEFAULT NULL,
  `userreg` int(11) NOT NULL,
  `datereg` timestamp NOT NULL DEFAULT CURRENT_TIMESTAMP,
  `obsolete` tinyint(4) NOT NULL DEFAULT '0',
  `app_user_roles_id` int(11) NOT NULL DEFAULT '3',
  PRIMARY KEY (`id`),
  UNIQUE KEY `idx_app_users_username` (`username`),
  KEY `fk_app_user_roles` (`app_user_roles_id`),
  CONSTRAINT `fk_app_user_roles` FOREIGN KEY (`app_user_roles_id`) REFERENCES `app_user_roles` (`id`) ON DELETE NO ACTION ON UPDATE NO ACTION
) ENGINE=InnoDB AUTO_INCREMENT=10 DEFAULT CHARSET=latin1;

DELETE FROM `app_users`;
/*!40000 ALTER TABLE `app_users` DISABLE KEYS */;
INSERT INTO `app_users` (`id`, `name`, `surname`, `username`, `password`, `email`, `notes`, `userreg`, `datereg`, `obsolete`, `app_user_roles_id`) VALUES
	(1, 'admin', 'admin', 'admin', '$2y$10$WeX4wUGjx9fMvOnEQQUQne2NuIUfLcq5l9P8/k/7YbzMlB3Y8ATn.', 'admin@localhost', NULL, 1, '2019-06-05 22:34:07', 1, 90),
	(7, 'Gopala', 'Savelloni', 'gopala.savelloni', '$2y$10$mYAX2J5Tgms085PWUZ0SbOJ1xG5Ld.ssYXyyYqTauO37GAVAcz3nu', 'bottegaintrecci@gmail.com', 'Account Gestore Negozio', 1, '2019-06-07 23:15:27', 0, 10),
	(8, 'Daniele', 'Viti', 'daniele.viti', '$2y$10$7cOdETCq420PpeqsCMkQJeMNbeJP2ppNJ.qoZzUU8glgE02pg4pgO', 'dnviti@outlook.com', 'Utente Amministratore di sistema', 1, '2019-06-07 23:16:39', 0, 0),
	(9, 'Marzia', 'Dipendente', 'marzia.dipendente', '$2y$10$otXWky8aNJJaq1kpwkkZVuXK0ua9DdoHLEDb22uk/zS5vrOzeCyxi', '-', 'Utente Dipendente Sistema', 1, '2019-06-07 23:18:27', 0, 90);
/*!40000 ALTER TABLE `app_users` ENABLE KEYS */;

DROP TABLE IF EXISTS `app_user_roles`;
CREATE TABLE IF NOT EXISTS `app_user_roles` (
  `id` int(11) NOT NULL,
  `descri` varchar(255) NOT NULL,
  `datereg` timestamp NOT NULL DEFAULT CURRENT_TIMESTAMP,
  PRIMARY KEY (`id`)
) ENGINE=InnoDB DEFAULT CHARSET=latin1;

DELETE FROM `app_user_roles`;
/*!40000 ALTER TABLE `app_user_roles` DISABLE KEYS */;
INSERT INTO `app_user_roles` (`id`, `descri`, `datereg`) VALUES
	(0, 'Admin', '2019-06-05 22:34:07'),
	(10, 'Titolare', '2019-06-05 22:34:07'),
	(20, 'Gestore', '2019-06-05 22:34:07'),
	(30, 'Dipendente', '2019-06-05 22:34:07'),
	(90, 'Nessuno', '2019-06-07 23:26:50');
/*!40000 ALTER TABLE `app_user_roles` ENABLE KEYS */;

DROP TABLE IF EXISTS `app_warehouses`;
CREATE TABLE IF NOT EXISTS `app_warehouses` (
  `id` int(11) NOT NULL AUTO_INCREMENT,
  `code` varchar(255) NOT NULL,
  `descri` varchar(255) NOT NULL,
  `country` varchar(255) NOT NULL DEFAULT 'IT',
  `address` varchar(255) NOT NULL,
  `datereg` timestamp NOT NULL DEFAULT CURRENT_TIMESTAMP,
  `lastupdate` timestamp NOT NULL DEFAULT CURRENT_TIMESTAMP,
  `userreg` int(11) NOT NULL,
  `userupdate` int(11) NOT NULL,
  `notes` varchar(255) DEFAULT NULL,
  `obsolete` int(11) NOT NULL DEFAULT '0',
  PRIMARY KEY (`id`),
  KEY `fk_app_warehouses_userreg` (`userreg`),
  KEY `fk_app_warehouses_userupdate` (`userupdate`),
  CONSTRAINT `fk_app_warehouses_userreg` FOREIGN KEY (`userreg`) REFERENCES `app_users` (`id`) ON DELETE NO ACTION ON UPDATE NO ACTION,
  CONSTRAINT `fk_app_warehouses_userupdate` FOREIGN KEY (`userupdate`) REFERENCES `app_users` (`id`) ON DELETE NO ACTION ON UPDATE NO ACTION
) ENGINE=InnoDB AUTO_INCREMENT=2 DEFAULT CHARSET=latin1;

DELETE FROM `app_warehouses`;
/*!40000 ALTER TABLE `app_warehouses` DISABLE KEYS */;
INSERT INTO `app_warehouses` (`id`, `code`, `descri`, `country`, `address`, `datereg`, `lastupdate`, `userreg`, `userupdate`, `notes`, `obsolete`) VALUES
	(1, 'MAIN', 'Main Warehouse', 'IT', 'Location', '2019-06-05 22:34:07', '2019-06-05 22:34:07', 1, 1, NULL, 0);
/*!40000 ALTER TABLE `app_warehouses` ENABLE KEYS */;

DROP TABLE IF EXISTS `app_warehouse_causals`;
CREATE TABLE IF NOT EXISTS `app_warehouse_causals` (
  `id` int(11) NOT NULL AUTO_INCREMENT,
  `code` varchar(255) NOT NULL,
  `type` char(1) NOT NULL,
  `descri` varchar(255) NOT NULL,
  `datereg` timestamp NOT NULL DEFAULT CURRENT_TIMESTAMP,
  `lastupdate` timestamp NOT NULL DEFAULT CURRENT_TIMESTAMP,
  `userreg` int(11) NOT NULL,
  `userupdate` int(11) NOT NULL,
  `notes` varchar(255) DEFAULT NULL,
  PRIMARY KEY (`id`),
  KEY `fk_app_warehouse_causals_userreg` (`userreg`),
  KEY `fk_app_warehouse_causals_userupdate` (`userupdate`),
  CONSTRAINT `fk_app_warehouse_causals_userreg` FOREIGN KEY (`userreg`) REFERENCES `app_users` (`id`) ON DELETE NO ACTION ON UPDATE NO ACTION,
  CONSTRAINT `fk_app_warehouse_causals_userupdate` FOREIGN KEY (`userupdate`) REFERENCES `app_users` (`id`) ON DELETE NO ACTION ON UPDATE NO ACTION
) ENGINE=InnoDB AUTO_INCREMENT=9 DEFAULT CHARSET=latin1;

DELETE FROM `app_warehouse_causals`;
/*!40000 ALTER TABLE `app_warehouse_causals` DISABLE KEYS */;
INSERT INTO `app_warehouse_causals` (`id`, `code`, `type`, `descri`, `datereg`, `lastupdate`, `userreg`, `userupdate`, `notes`) VALUES
	(1, 'CARICO_FORNITORE', '+', 'Carico per acquisto merce presso fornitore', '2019-06-05 22:34:07', '2019-06-05 22:34:07', 1, 1, NULL),
	(2, 'SCARICO_NEGOZIO', '-', 'Scarico per vendita al negozio', '2019-06-05 22:34:07', '2019-06-05 22:34:07', 1, 1, NULL),
	(3, 'SCARICO_MATTEW', '-', 'Scarico per vendita su facebook', '2019-06-05 22:34:07', '2019-06-05 22:34:07', 1, 1, NULL),
	(4, 'SCARICO_ECOMMERCE', '-', 'Scarico per vendita su e-commerce', '2019-06-05 22:34:07', '2019-06-05 22:34:07', 1, 1, NULL),
	(5, 'SCARICO_RESO_FORNITORE', '-', 'Scarico da reso fornitore', '2019-06-05 22:34:07', '2019-06-05 22:34:07', 1, 1, NULL),
	(6, 'CARICO_RESO_CLIENTE', '+', 'Carico da reso cliente', '2019-06-05 22:34:07', '2019-06-05 22:34:07', 1, 1, NULL),
	(7, 'CARICO_RETTIFICA_INVENTARIALE', '+', 'Carico rettifica inventario', '2019-06-05 22:34:07', '2019-06-05 22:34:07', 1, 1, NULL),
	(8, 'SCARICO_RETTIFICA_INVENTARIALE', '-', 'Scarico rettifica inventario', '2019-06-05 22:34:07', '2019-06-05 22:34:07', 1, 1, NULL);
/*!40000 ALTER TABLE `app_warehouse_causals` ENABLE KEYS */;

DROP TABLE IF EXISTS `app_warehouse_items`;
CREATE TABLE IF NOT EXISTS `app_warehouse_items` (
  `id` int(11) NOT NULL AUTO_INCREMENT,
  `code` varchar(255) DEFAULT NULL,
  `descri` varchar(255) DEFAULT NULL,
  `unitprice` double NOT NULL,
  `app_measure_units_id` int(11) NOT NULL DEFAULT '1',
  `datereg` timestamp NOT NULL DEFAULT CURRENT_TIMESTAMP,
  `lastupdate` timestamp NOT NULL DEFAULT CURRENT_TIMESTAMP,
  `userreg` int(11) NOT NULL,
  `userupdate` int(11) NOT NULL,
  `obsolete` tinyint(4) NOT NULL DEFAULT '0',
  `app_suppliers_id` int(11) NOT NULL,
  `app_warehouses_id` int(11) NOT NULL,
  `notes` varchar(255) DEFAULT NULL,
  PRIMARY KEY (`id`),
  KEY `fk_app_warehouse_items_userreg` (`userreg`),
  KEY `fk_app_warehouse_items_userupdate` (`userupdate`),
  KEY `fk_app_warehouse_items_warehouse` (`app_warehouses_id`),
  KEY `fk_app_warehouse_items_supplier` (`app_suppliers_id`),
  CONSTRAINT `fk_app_warehouse_items_supplier` FOREIGN KEY (`app_suppliers_id`) REFERENCES `app_suppliers` (`id`) ON DELETE NO ACTION ON UPDATE NO ACTION,
  CONSTRAINT `fk_app_warehouse_items_userreg` FOREIGN KEY (`userreg`) REFERENCES `app_users` (`id`) ON DELETE NO ACTION ON UPDATE NO ACTION,
  CONSTRAINT `fk_app_warehouse_items_userupdate` FOREIGN KEY (`userupdate`) REFERENCES `app_users` (`id`) ON DELETE NO ACTION ON UPDATE NO ACTION,
  CONSTRAINT `fk_app_warehouse_items_warehouse` FOREIGN KEY (`app_warehouses_id`) REFERENCES `app_warehouses` (`id`) ON DELETE NO ACTION ON UPDATE NO ACTION
) ENGINE=InnoDB AUTO_INCREMENT=561 DEFAULT CHARSET=latin1;

DELETE FROM `app_warehouse_items`;
/*!40000 ALTER TABLE `app_warehouse_items` DISABLE KEYS */;
INSERT INTO `app_warehouse_items` (`id`, `code`, `descri`, `unitprice`, `app_measure_units_id`, `datereg`, `lastupdate`, `userreg`, `userupdate`, `obsolete`, `app_suppliers_id`, `app_warehouses_id`, `notes`) VALUES
	(1, 'XXX', NULL, 8, 1, '2019-06-09 12:34:39', '2019-06-09 12:34:39', 1, 1, 0, 1, 1, NULL),
	(2, '91353', NULL, 40, 1, '2019-06-09 12:34:39', '2019-06-09 12:34:39', 1, 1, 0, 1, 1, NULL),
	(3, '91353', NULL, 40, 1, '2019-06-09 12:34:39', '2019-06-09 12:34:39', 1, 1, 0, 1, 1, NULL),
	(4, '91353', NULL, 40, 1, '2019-06-09 12:34:39', '2019-06-09 12:34:39', 1, 1, 0, 1, 1, NULL),
	(5, '91353', NULL, 40, 1, '2019-06-09 12:34:39', '2019-06-09 12:34:39', 1, 1, 0, 1, 1, NULL),
	(6, '91353', NULL, 40, 1, '2019-06-09 12:34:39', '2019-06-09 12:34:39', 1, 1, 0, 1, 1, NULL),
	(7, '91353', NULL, 40, 1, '2019-06-09 12:34:39', '2019-06-09 12:34:39', 1, 1, 0, 1, 1, NULL),
	(8, '91353', NULL, 40, 1, '2019-06-09 12:34:39', '2019-06-09 12:34:39', 1, 1, 0, 1, 1, NULL),
	(9, '91353', NULL, 40, 1, '2019-06-09 12:34:39', '2019-06-09 12:34:39', 1, 1, 0, 1, 1, NULL),
	(10, '91353', NULL, 40, 1, '2019-06-09 12:34:39', '2019-06-09 12:34:39', 1, 1, 0, 1, 1, NULL),
	(11, '91353', NULL, 40, 1, '2019-06-09 12:34:39', '2019-06-09 12:34:39', 1, 1, 0, 1, 1, NULL),
	(12, '92010', NULL, 41, 1, '2019-06-09 12:34:39', '2019-06-09 12:34:39', 1, 1, 0, 1, 1, NULL),
	(13, '92010', NULL, 41, 1, '2019-06-09 12:34:39', '2019-06-09 12:34:39', 1, 1, 0, 1, 1, NULL),
	(14, '92010', NULL, 41, 1, '2019-06-09 12:34:39', '2019-06-09 12:34:39', 1, 1, 0, 1, 1, NULL),
	(15, '92010', NULL, 41, 1, '2019-06-09 12:34:39', '2019-06-09 12:34:39', 1, 1, 0, 1, 1, NULL),
	(16, '92010', NULL, 41, 1, '2019-06-09 12:34:39', '2019-06-09 12:34:39', 1, 1, 0, 1, 1, NULL),
	(17, '92010', NULL, 41, 1, '2019-06-09 12:34:39', '2019-06-09 12:34:39', 1, 1, 0, 1, 1, NULL),
	(18, '92010', NULL, 41, 1, '2019-06-09 12:34:39', '2019-06-09 12:34:39', 1, 1, 0, 1, 1, NULL),
	(19, '92010', NULL, 41, 1, '2019-06-09 12:34:39', '2019-06-09 12:34:39', 1, 1, 0, 1, 1, NULL),
	(20, '92010', NULL, 41, 1, '2019-06-09 12:34:39', '2019-06-09 12:34:39', 1, 1, 0, 1, 1, NULL),
	(21, '92010', NULL, 41, 1, '2019-06-09 12:34:39', '2019-06-09 12:34:39', 1, 1, 0, 1, 1, NULL),
	(22, '91352', NULL, 36, 1, '2019-06-09 12:34:39', '2019-06-09 12:34:39', 1, 1, 0, 1, 1, NULL),
	(23, '91352', NULL, 36, 1, '2019-06-09 12:34:39', '2019-06-09 12:34:39', 1, 1, 0, 1, 1, NULL),
	(24, '91352', NULL, 36, 1, '2019-06-09 12:34:39', '2019-06-09 12:34:39', 1, 1, 0, 1, 1, NULL),
	(25, '91352', NULL, 36, 1, '2019-06-09 12:34:39', '2019-06-09 12:34:39', 1, 1, 0, 1, 1, NULL),
	(26, '91352', NULL, 36, 1, '2019-06-09 12:34:39', '2019-06-09 12:34:39', 1, 1, 0, 1, 1, NULL),
	(27, '91352', NULL, 36, 1, '2019-06-09 12:34:39', '2019-06-09 12:34:39', 1, 1, 0, 1, 1, NULL),
	(28, '91352', NULL, 36, 1, '2019-06-09 12:34:39', '2019-06-09 12:34:39', 1, 1, 0, 1, 1, NULL),
	(29, '91352', NULL, 36, 1, '2019-06-09 12:34:39', '2019-06-09 12:34:39', 1, 1, 0, 1, 1, NULL),
	(30, '91352', NULL, 36, 1, '2019-06-09 12:34:39', '2019-06-09 12:34:39', 1, 1, 0, 1, 1, NULL),
	(31, '91352', NULL, 36, 1, '2019-06-09 12:34:39', '2019-06-09 12:34:39', 1, 1, 0, 1, 1, NULL),
	(32, '91776', NULL, 41, 1, '2019-06-09 12:34:39', '2019-06-09 12:34:39', 1, 1, 0, 1, 1, NULL),
	(33, '91776', NULL, 41, 1, '2019-06-09 12:34:39', '2019-06-09 12:34:39', 1, 1, 0, 1, 1, NULL),
	(34, '91776', NULL, 41, 1, '2019-06-09 12:34:39', '2019-06-09 12:34:39', 1, 1, 0, 1, 1, NULL),
	(35, '91776', NULL, 41, 1, '2019-06-09 12:34:39', '2019-06-09 12:34:39', 1, 1, 0, 1, 1, NULL),
	(36, '91776', NULL, 41, 1, '2019-06-09 12:34:39', '2019-06-09 12:34:39', 1, 1, 0, 1, 1, NULL),
	(37, '91713', NULL, 56, 1, '2019-06-09 12:34:39', '2019-06-09 12:34:39', 1, 1, 0, 1, 1, NULL),
	(38, '91713', NULL, 56, 1, '2019-06-09 12:34:39', '2019-06-09 12:34:39', 1, 1, 0, 1, 1, NULL),
	(39, '91713', NULL, 56, 1, '2019-06-09 12:34:39', '2019-06-09 12:34:39', 1, 1, 0, 1, 1, NULL),
	(40, '91713', NULL, 56, 1, '2019-06-09 12:34:39', '2019-06-09 12:34:39', 1, 1, 0, 1, 1, NULL),
	(41, '91713', NULL, 56, 1, '2019-06-09 12:34:39', '2019-06-09 12:34:39', 1, 1, 0, 1, 1, NULL),
	(42, '91820', NULL, 39, 1, '2019-06-09 12:34:39', '2019-06-09 12:34:39', 1, 1, 0, 1, 1, NULL),
	(43, '91820', NULL, 39, 1, '2019-06-09 12:34:39', '2019-06-09 12:34:39', 1, 1, 0, 1, 1, NULL),
	(44, '91820', NULL, 39, 1, '2019-06-09 12:34:39', '2019-06-09 12:34:39', 1, 1, 0, 1, 1, NULL),
	(45, '91820', NULL, 39, 1, '2019-06-09 12:34:39', '2019-06-09 12:34:39', 1, 1, 0, 1, 1, NULL),
	(46, '91820', NULL, 39, 1, '2019-06-09 12:34:39', '2019-06-09 12:34:39', 1, 1, 0, 1, 1, NULL),
	(47, '91217', NULL, 37, 1, '2019-06-09 12:34:39', '2019-06-09 12:34:39', 1, 1, 0, 1, 1, NULL),
	(48, '91217', NULL, 37, 1, '2019-06-09 12:34:39', '2019-06-09 12:34:39', 1, 1, 0, 1, 1, NULL),
	(49, '91217', NULL, 37, 1, '2019-06-09 12:34:39', '2019-06-09 12:34:39', 1, 1, 0, 1, 1, NULL),
	(50, '91217', NULL, 37, 1, '2019-06-09 12:34:39', '2019-06-09 12:34:39', 1, 1, 0, 1, 1, NULL),
	(51, '91217', NULL, 37, 1, '2019-06-09 12:34:39', '2019-06-09 12:34:39', 1, 1, 0, 1, 1, NULL),
	(52, '91217', NULL, 37, 1, '2019-06-09 12:34:39', '2019-06-09 12:34:39', 1, 1, 0, 1, 1, NULL),
	(53, '91217', NULL, 37, 1, '2019-06-09 12:34:39', '2019-06-09 12:34:39', 1, 1, 0, 1, 1, NULL),
	(54, '91217', NULL, 37, 1, '2019-06-09 12:34:39', '2019-06-09 12:34:39', 1, 1, 0, 1, 1, NULL),
	(55, '91217', NULL, 37, 1, '2019-06-09 12:34:39', '2019-06-09 12:34:39', 1, 1, 0, 1, 1, NULL),
	(56, '91217', NULL, 37, 1, '2019-06-09 12:34:39', '2019-06-09 12:34:39', 1, 1, 0, 1, 1, NULL),
	(57, '91217', NULL, 37, 1, '2019-06-09 12:34:39', '2019-06-09 12:34:39', 1, 1, 0, 1, 1, NULL),
	(58, '91217', NULL, 37, 1, '2019-06-09 12:34:39', '2019-06-09 12:34:39', 1, 1, 0, 1, 1, NULL),
	(59, '91217', NULL, 37, 1, '2019-06-09 12:34:39', '2019-06-09 12:34:39', 1, 1, 0, 1, 1, NULL),
	(60, '91217', NULL, 37, 1, '2019-06-09 12:34:39', '2019-06-09 12:34:39', 1, 1, 0, 1, 1, NULL),
	(61, '91217', NULL, 37, 1, '2019-06-09 12:34:39', '2019-06-09 12:34:39', 1, 1, 0, 1, 1, NULL),
	(62, '91217', NULL, 37, 1, '2019-06-09 12:34:39', '2019-06-09 12:34:39', 1, 1, 0, 1, 1, NULL),
	(63, '91217', NULL, 37, 1, '2019-06-09 12:34:39', '2019-06-09 12:34:39', 1, 1, 0, 1, 1, NULL),
	(64, '91217', NULL, 37, 1, '2019-06-09 12:34:39', '2019-06-09 12:34:39', 1, 1, 0, 1, 1, NULL),
	(65, '91022', NULL, 41, 1, '2019-06-09 12:34:39', '2019-06-09 12:34:39', 1, 1, 0, 1, 1, NULL),
	(66, '91022', NULL, 41, 1, '2019-06-09 12:34:39', '2019-06-09 12:34:39', 1, 1, 0, 1, 1, NULL),
	(67, '91022', NULL, 41, 1, '2019-06-09 12:34:39', '2019-06-09 12:34:39', 1, 1, 0, 1, 1, NULL),
	(68, '91022', NULL, 41, 1, '2019-06-09 12:34:39', '2019-06-09 12:34:39', 1, 1, 0, 1, 1, NULL),
	(69, '91022', NULL, 41, 1, '2019-06-09 12:34:39', '2019-06-09 12:34:39', 1, 1, 0, 1, 1, NULL),
	(70, '91922', NULL, 33, 1, '2019-06-09 12:34:39', '2019-06-09 12:34:39', 1, 1, 0, 1, 1, NULL),
	(71, '91922', NULL, 33, 1, '2019-06-09 12:34:39', '2019-06-09 12:34:39', 1, 1, 0, 1, 1, NULL),
	(72, '91922', NULL, 33, 1, '2019-06-09 12:34:39', '2019-06-09 12:34:39', 1, 1, 0, 1, 1, NULL),
	(73, '91922', NULL, 33, 1, '2019-06-09 12:34:39', '2019-06-09 12:34:39', 1, 1, 0, 1, 1, NULL),
	(74, '91922', NULL, 33, 1, '2019-06-09 12:34:39', '2019-06-09 12:34:39', 1, 1, 0, 1, 1, NULL),
	(75, '91925', NULL, 40, 1, '2019-06-09 12:34:39', '2019-06-09 12:34:39', 1, 1, 0, 1, 1, NULL),
	(76, '91814', NULL, 51, 1, '2019-06-09 12:34:39', '2019-06-09 12:34:39', 1, 1, 0, 1, 1, NULL),
	(77, '91814', NULL, 51, 1, '2019-06-09 12:34:39', '2019-06-09 12:34:39', 1, 1, 0, 1, 1, NULL),
	(78, '91814', NULL, 51, 1, '2019-06-09 12:34:39', '2019-06-09 12:34:39', 1, 1, 0, 1, 1, NULL),
	(79, '91814', NULL, 51, 1, '2019-06-09 12:34:39', '2019-06-09 12:34:39', 1, 1, 0, 1, 1, NULL),
	(80, '91814', NULL, 51, 1, '2019-06-09 12:34:39', '2019-06-09 12:34:39', 1, 1, 0, 1, 1, NULL),
	(81, 'XXX', NULL, 42, 1, '2019-06-09 12:34:39', '2019-06-09 12:34:39', 1, 1, 0, 1, 1, NULL),
	(82, 'XXX', NULL, 42, 1, '2019-06-09 12:34:39', '2019-06-09 12:34:39', 1, 1, 0, 1, 1, NULL),
	(83, 'XXX', NULL, 42, 1, '2019-06-09 12:34:39', '2019-06-09 12:34:39', 1, 1, 0, 1, 1, NULL),
	(84, 'XXX', NULL, 42, 1, '2019-06-09 12:34:39', '2019-06-09 12:34:39', 1, 1, 0, 1, 1, NULL),
	(85, 'XXX', NULL, 42, 1, '2019-06-09 12:34:39', '2019-06-09 12:34:39', 1, 1, 0, 1, 1, NULL),
	(86, '91916', NULL, 43, 1, '2019-06-09 12:34:39', '2019-06-09 12:34:39', 1, 1, 0, 1, 1, NULL),
	(87, '91916', NULL, 43, 1, '2019-06-09 12:34:39', '2019-06-09 12:34:39', 1, 1, 0, 1, 1, NULL),
	(88, '91916', NULL, 43, 1, '2019-06-09 12:34:39', '2019-06-09 12:34:39', 1, 1, 0, 1, 1, NULL),
	(89, '91916', NULL, 43, 1, '2019-06-09 12:34:39', '2019-06-09 12:34:39', 1, 1, 0, 1, 1, NULL),
	(90, 'XXX', NULL, 35, 1, '2019-06-09 12:34:39', '2019-06-09 12:34:39', 1, 1, 0, 1, 1, NULL),
	(91, 'XXX', NULL, 35, 1, '2019-06-09 12:34:39', '2019-06-09 12:34:39', 1, 1, 0, 1, 1, NULL),
	(92, 'XXX', NULL, 35, 1, '2019-06-09 12:34:39', '2019-06-09 12:34:39', 1, 1, 0, 1, 1, NULL),
	(93, 'XXX', NULL, 35, 1, '2019-06-09 12:34:39', '2019-06-09 12:34:39', 1, 1, 0, 1, 1, NULL),
	(94, 'XXX', NULL, 35, 1, '2019-06-09 12:34:39', '2019-06-09 12:34:39', 1, 1, 0, 1, 1, NULL),
	(95, 'XXX', NULL, 32, 1, '2019-06-09 12:34:39', '2019-06-09 12:34:39', 1, 1, 0, 1, 1, NULL),
	(96, 'XXX', NULL, 32, 1, '2019-06-09 12:34:39', '2019-06-09 12:34:39', 1, 1, 0, 1, 1, NULL),
	(97, 'XXX', NULL, 32, 1, '2019-06-09 12:34:39', '2019-06-09 12:34:39', 1, 1, 0, 1, 1, NULL),
	(98, 'XXX', NULL, 32, 1, '2019-06-09 12:34:39', '2019-06-09 12:34:39', 1, 1, 0, 1, 1, NULL),
	(99, 'XXX', NULL, 32, 1, '2019-06-09 12:34:39', '2019-06-09 12:34:39', 1, 1, 0, 1, 1, NULL),
	(100, '91215', NULL, 37, 1, '2019-06-09 12:34:39', '2019-06-09 12:34:39', 1, 1, 0, 1, 1, NULL),
	(101, '91215', NULL, 37, 1, '2019-06-09 12:34:39', '2019-06-09 12:34:39', 1, 1, 0, 1, 1, NULL),
	(102, '91215', NULL, 37, 1, '2019-06-09 12:34:39', '2019-06-09 12:34:39', 1, 1, 0, 1, 1, NULL),
	(103, '91215', NULL, 37, 1, '2019-06-09 12:34:39', '2019-06-09 12:34:39', 1, 1, 0, 1, 1, NULL),
	(104, '91215', NULL, 37, 1, '2019-06-09 12:34:39', '2019-06-09 12:34:39', 1, 1, 0, 1, 1, NULL),
	(105, '91215', NULL, 37, 1, '2019-06-09 12:34:39', '2019-06-09 12:34:39', 1, 1, 0, 1, 1, NULL),
	(106, '91215', NULL, 37, 1, '2019-06-09 12:34:39', '2019-06-09 12:34:39', 1, 1, 0, 1, 1, NULL),
	(107, '91215', NULL, 37, 1, '2019-06-09 12:34:39', '2019-06-09 12:34:39', 1, 1, 0, 1, 1, NULL),
	(108, '91215', NULL, 37, 1, '2019-06-09 12:34:39', '2019-06-09 12:34:39', 1, 1, 0, 1, 1, NULL),
	(109, '91215', NULL, 37, 1, '2019-06-09 12:34:39', '2019-06-09 12:34:39', 1, 1, 0, 1, 1, NULL),
	(110, '91610', NULL, 35, 1, '2019-06-09 12:34:39', '2019-06-09 12:34:39', 1, 1, 0, 1, 1, NULL),
	(111, '91610', NULL, 35, 1, '2019-06-09 12:34:39', '2019-06-09 12:34:39', 1, 1, 0, 1, 1, NULL),
	(112, '91610', NULL, 35, 1, '2019-06-09 12:34:39', '2019-06-09 12:34:39', 1, 1, 0, 1, 1, NULL),
	(113, '91610', NULL, 35, 1, '2019-06-09 12:34:39', '2019-06-09 12:34:39', 1, 1, 0, 1, 1, NULL),
	(114, 'BACIPIEGA', NULL, 15, 1, '2019-06-09 12:34:39', '2019-06-09 12:34:39', 1, 1, 0, 1, 1, NULL),
	(115, 'BACIPIEGA', NULL, 15, 1, '2019-06-09 12:34:39', '2019-06-09 12:34:39', 1, 1, 0, 1, 1, NULL),
	(116, 'BACIPIEGA', NULL, 15, 1, '2019-06-09 12:34:39', '2019-06-09 12:34:39', 1, 1, 0, 1, 1, NULL),
	(117, 'BACIPIEGA', NULL, 15, 1, '2019-06-09 12:34:39', '2019-06-09 12:34:39', 1, 1, 0, 1, 1, NULL),
	(118, 'XXX', NULL, 37, 1, '2019-06-09 12:34:39', '2019-06-09 12:34:39', 1, 1, 0, 1, 1, NULL),
	(119, 'XXX', NULL, 37, 1, '2019-06-09 12:34:39', '2019-06-09 12:34:39', 1, 1, 0, 1, 1, NULL),
	(120, 'XXX', NULL, 37, 1, '2019-06-09 12:34:39', '2019-06-09 12:34:39', 1, 1, 0, 1, 1, NULL),
	(121, 'XXX', NULL, 37, 1, '2019-06-09 12:34:39', '2019-06-09 12:34:39', 1, 1, 0, 1, 1, NULL),
	(122, 'XXX', NULL, 37, 1, '2019-06-09 12:34:39', '2019-06-09 12:34:39', 1, 1, 0, 1, 1, NULL),
	(123, '98119', NULL, 35, 1, '2019-06-09 12:34:39', '2019-06-09 12:34:39', 1, 1, 0, 1, 1, NULL),
	(124, '98119', NULL, 35, 1, '2019-06-09 12:34:39', '2019-06-09 12:34:39', 1, 1, 0, 1, 1, NULL),
	(125, '98119', NULL, 35, 1, '2019-06-09 12:34:39', '2019-06-09 12:34:39', 1, 1, 0, 1, 1, NULL),
	(126, '98119', NULL, 35, 1, '2019-06-09 12:34:39', '2019-06-09 12:34:39', 1, 1, 0, 1, 1, NULL),
	(127, '98119', NULL, 35, 1, '2019-06-09 12:34:39', '2019-06-09 12:34:39', 1, 1, 0, 1, 1, NULL),
	(128, '98119', NULL, 35, 1, '2019-06-09 12:34:39', '2019-06-09 12:34:39', 1, 1, 0, 1, 1, NULL),
	(129, '98119', NULL, 35, 1, '2019-06-09 12:34:39', '2019-06-09 12:34:39', 1, 1, 0, 1, 1, NULL),
	(130, '98119', NULL, 35, 1, '2019-06-09 12:34:39', '2019-06-09 12:34:39', 1, 1, 0, 1, 1, NULL),
	(131, '98119', NULL, 35, 1, '2019-06-09 12:34:39', '2019-06-09 12:34:39', 1, 1, 0, 1, 1, NULL),
	(132, '98119', NULL, 35, 1, '2019-06-09 12:34:39', '2019-06-09 12:34:39', 1, 1, 0, 1, 1, NULL),
	(133, '98119', NULL, 35, 1, '2019-06-09 12:34:39', '2019-06-09 12:34:39', 1, 1, 0, 1, 1, NULL),
	(134, '98119', NULL, 35, 1, '2019-06-09 12:34:39', '2019-06-09 12:34:39', 1, 1, 0, 1, 1, NULL),
	(135, '98119', NULL, 35, 1, '2019-06-09 12:34:39', '2019-06-09 12:34:39', 1, 1, 0, 1, 1, NULL),
	(136, '98119', NULL, 35, 1, '2019-06-09 12:34:39', '2019-06-09 12:34:39', 1, 1, 0, 1, 1, NULL),
	(137, '98119', NULL, 35, 1, '2019-06-09 12:34:39', '2019-06-09 12:34:39', 1, 1, 0, 1, 1, NULL),
	(138, '98119', NULL, 35, 1, '2019-06-09 12:34:39', '2019-06-09 12:34:39', 1, 1, 0, 1, 1, NULL),
	(139, '98119', NULL, 35, 1, '2019-06-09 12:34:39', '2019-06-09 12:34:39', 1, 1, 0, 1, 1, NULL),
	(140, '98119', NULL, 35, 1, '2019-06-09 12:34:39', '2019-06-09 12:34:39', 1, 1, 0, 1, 1, NULL),
	(141, '92005', NULL, 34, 1, '2019-06-09 12:34:39', '2019-06-09 12:34:39', 1, 1, 0, 1, 1, NULL),
	(142, '92005', NULL, 34, 1, '2019-06-09 12:34:39', '2019-06-09 12:34:39', 1, 1, 0, 1, 1, NULL),
	(143, '92005', NULL, 34, 1, '2019-06-09 12:34:39', '2019-06-09 12:34:39', 1, 1, 0, 1, 1, NULL),
	(144, '92005', NULL, 34, 1, '2019-06-09 12:34:39', '2019-06-09 12:34:39', 1, 1, 0, 1, 1, NULL),
	(145, '92005', NULL, 34, 1, '2019-06-09 12:34:39', '2019-06-09 12:34:39', 1, 1, 0, 1, 1, NULL),
	(146, '92005', NULL, 34, 1, '2019-06-09 12:34:39', '2019-06-09 12:34:39', 1, 1, 0, 1, 1, NULL),
	(147, '92005', NULL, 34, 1, '2019-06-09 12:34:39', '2019-06-09 12:34:39', 1, 1, 0, 1, 1, NULL),
	(148, '92005', NULL, 34, 1, '2019-06-09 12:34:39', '2019-06-09 12:34:39', 1, 1, 0, 1, 1, NULL),
	(149, '92005', NULL, 34, 1, '2019-06-09 12:34:39', '2019-06-09 12:34:39', 1, 1, 0, 1, 1, NULL),
	(150, '92005', NULL, 34, 1, '2019-06-09 12:34:39', '2019-06-09 12:34:39', 1, 1, 0, 1, 1, NULL),
	(151, '91761', NULL, 37, 1, '2019-06-09 12:34:39', '2019-06-09 12:34:39', 1, 1, 0, 1, 1, NULL),
	(152, '91761', NULL, 37, 1, '2019-06-09 12:34:39', '2019-06-09 12:34:39', 1, 1, 0, 1, 1, NULL),
	(153, '91761', NULL, 37, 1, '2019-06-09 12:34:39', '2019-06-09 12:34:39', 1, 1, 0, 1, 1, NULL),
	(154, '91761', NULL, 37, 1, '2019-06-09 12:34:39', '2019-06-09 12:34:39', 1, 1, 0, 1, 1, NULL),
	(155, '91761', NULL, 37, 1, '2019-06-09 12:34:39', '2019-06-09 12:34:39', 1, 1, 0, 1, 1, NULL),
	(156, 'XXX', NULL, 40, 1, '2019-06-09 12:34:39', '2019-06-09 12:34:39', 1, 1, 0, 1, 1, NULL),
	(157, 'XXX', NULL, 40, 1, '2019-06-09 12:34:39', '2019-06-09 12:34:39', 1, 1, 0, 1, 1, NULL),
	(158, 'XXX', NULL, 40, 1, '2019-06-09 12:34:39', '2019-06-09 12:34:39', 1, 1, 0, 1, 1, NULL),
	(159, 'XXX', NULL, 40, 1, '2019-06-09 12:34:39', '2019-06-09 12:34:39', 1, 1, 0, 1, 1, NULL),
	(160, 'XXX', NULL, 30, 1, '2019-06-09 12:34:39', '2019-06-09 12:34:39', 1, 1, 0, 1, 1, NULL),
	(161, 'XXX', NULL, 30, 1, '2019-06-09 12:34:39', '2019-06-09 12:34:39', 1, 1, 0, 1, 1, NULL),
	(162, 'XXX', NULL, 30, 1, '2019-06-09 12:34:39', '2019-06-09 12:34:39', 1, 1, 0, 1, 1, NULL),
	(163, 'XXX', NULL, 30, 1, '2019-06-09 12:34:39', '2019-06-09 12:34:39', 1, 1, 0, 1, 1, NULL),
	(164, 'XXX', NULL, 30, 1, '2019-06-09 12:34:39', '2019-06-09 12:34:39', 1, 1, 0, 1, 1, NULL),
	(165, '91518', NULL, 29, 1, '2019-06-09 12:34:39', '2019-06-09 12:34:39', 1, 1, 0, 1, 1, NULL),
	(166, '91518', NULL, 29, 1, '2019-06-09 12:34:39', '2019-06-09 12:34:39', 1, 1, 0, 1, 1, NULL),
	(167, '91518', NULL, 29, 1, '2019-06-09 12:34:39', '2019-06-09 12:34:39', 1, 1, 0, 1, 1, NULL),
	(168, '91518', NULL, 29, 1, '2019-06-09 12:34:39', '2019-06-09 12:34:39', 1, 1, 0, 1, 1, NULL),
	(169, '91518', NULL, 29, 1, '2019-06-09 12:34:39', '2019-06-09 12:34:39', 1, 1, 0, 1, 1, NULL),
	(170, '91518', NULL, 29, 1, '2019-06-09 12:34:39', '2019-06-09 12:34:39', 1, 1, 0, 1, 1, NULL),
	(171, '91537', NULL, 33, 1, '2019-06-09 12:34:39', '2019-06-09 12:34:39', 1, 1, 0, 1, 1, NULL),
	(172, '91537', NULL, 33, 1, '2019-06-09 12:34:39', '2019-06-09 12:34:39', 1, 1, 0, 1, 1, NULL),
	(173, '91537', NULL, 33, 1, '2019-06-09 12:34:39', '2019-06-09 12:34:39', 1, 1, 0, 1, 1, NULL),
	(174, '91537', NULL, 33, 1, '2019-06-09 12:34:39', '2019-06-09 12:34:39', 1, 1, 0, 1, 1, NULL),
	(175, '91537', NULL, 33, 1, '2019-06-09 12:34:39', '2019-06-09 12:34:39', 1, 1, 0, 1, 1, NULL),
	(176, '91537', NULL, 33, 1, '2019-06-09 12:34:39', '2019-06-09 12:34:39', 1, 1, 0, 1, 1, NULL),
	(177, '91721', NULL, 31, 1, '2019-06-09 12:34:39', '2019-06-09 12:34:39', 1, 1, 0, 1, 1, NULL),
	(178, '91721', NULL, 31, 1, '2019-06-09 12:34:39', '2019-06-09 12:34:39', 1, 1, 0, 1, 1, NULL),
	(179, '91721', NULL, 31, 1, '2019-06-09 12:34:39', '2019-06-09 12:34:39', 1, 1, 0, 1, 1, NULL),
	(180, '91721', NULL, 31, 1, '2019-06-09 12:34:39', '2019-06-09 12:34:39', 1, 1, 0, 1, 1, NULL),
	(181, '91721', NULL, 31, 1, '2019-06-09 12:34:39', '2019-06-09 12:34:39', 1, 1, 0, 1, 1, NULL),
	(182, '91721', NULL, 31, 1, '2019-06-09 12:34:39', '2019-06-09 12:34:39', 1, 1, 0, 1, 1, NULL),
	(183, '91790', NULL, 40, 1, '2019-06-09 12:34:39', '2019-06-09 12:34:39', 1, 1, 0, 1, 1, NULL),
	(184, '91790', NULL, 40, 1, '2019-06-09 12:34:39', '2019-06-09 12:34:39', 1, 1, 0, 1, 1, NULL),
	(185, '91790', NULL, 40, 1, '2019-06-09 12:34:39', '2019-06-09 12:34:39', 1, 1, 0, 1, 1, NULL),
	(186, '91790', NULL, 40, 1, '2019-06-09 12:34:39', '2019-06-09 12:34:39', 1, 1, 0, 1, 1, NULL),
	(187, '91790', NULL, 40, 1, '2019-06-09 12:34:39', '2019-06-09 12:34:39', 1, 1, 0, 1, 1, NULL),
	(188, '91950', NULL, 35, 1, '2019-06-09 12:34:39', '2019-06-09 12:34:39', 1, 1, 0, 1, 1, NULL),
	(189, '91950', NULL, 35, 1, '2019-06-09 12:34:39', '2019-06-09 12:34:39', 1, 1, 0, 1, 1, NULL),
	(190, '91950', NULL, 35, 1, '2019-06-09 12:34:39', '2019-06-09 12:34:39', 1, 1, 0, 1, 1, NULL),
	(191, '91950', NULL, 35, 1, '2019-06-09 12:34:39', '2019-06-09 12:34:39', 1, 1, 0, 1, 1, NULL),
	(192, '91950', NULL, 35, 1, '2019-06-09 12:34:39', '2019-06-09 12:34:39', 1, 1, 0, 1, 1, NULL),
	(193, '91215', NULL, 37, 1, '2019-06-09 12:34:39', '2019-06-09 12:34:39', 1, 1, 0, 1, 1, NULL),
	(194, '91215', NULL, 37, 1, '2019-06-09 12:34:39', '2019-06-09 12:34:39', 1, 1, 0, 1, 1, NULL),
	(195, '91215', NULL, 37, 1, '2019-06-09 12:34:39', '2019-06-09 12:34:39', 1, 1, 0, 1, 1, NULL),
	(196, '91215', NULL, 37, 1, '2019-06-09 12:34:39', '2019-06-09 12:34:39', 1, 1, 0, 1, 1, NULL),
	(197, '91215', NULL, 37, 1, '2019-06-09 12:34:39', '2019-06-09 12:34:39', 1, 1, 0, 1, 1, NULL),
	(198, '91215', NULL, 37, 1, '2019-06-09 12:34:39', '2019-06-09 12:34:39', 1, 1, 0, 1, 1, NULL),
	(199, '91215', NULL, 37, 1, '2019-06-09 12:34:39', '2019-06-09 12:34:39', 1, 1, 0, 1, 1, NULL),
	(200, '91215', NULL, 37, 1, '2019-06-09 12:34:39', '2019-06-09 12:34:39', 1, 1, 0, 1, 1, NULL),
	(201, '91215', NULL, 37, 1, '2019-06-09 12:34:39', '2019-06-09 12:34:39', 1, 1, 0, 1, 1, NULL),
	(202, '91215', NULL, 37, 1, '2019-06-09 12:34:39', '2019-06-09 12:34:39', 1, 1, 0, 1, 1, NULL),
	(203, '91215', NULL, 37, 1, '2019-06-09 12:34:39', '2019-06-09 12:34:39', 1, 1, 0, 1, 1, NULL),
	(204, '91215', NULL, 37, 1, '2019-06-09 12:34:39', '2019-06-09 12:34:39', 1, 1, 0, 1, 1, NULL),
	(205, 'XXX', NULL, 48, 1, '2019-06-09 12:34:39', '2019-06-09 12:34:39', 1, 1, 0, 1, 1, NULL),
	(206, 'XXX', NULL, 48, 1, '2019-06-09 12:34:39', '2019-06-09 12:34:39', 1, 1, 0, 1, 1, NULL),
	(207, 'XXX', NULL, 48, 1, '2019-06-09 12:34:39', '2019-06-09 12:34:39', 1, 1, 0, 1, 1, NULL),
	(208, 'XXX', NULL, 48, 1, '2019-06-09 12:34:39', '2019-06-09 12:34:39', 1, 1, 0, 1, 1, NULL),
	(209, '98987', NULL, 9, 1, '2019-06-09 12:34:39', '2019-06-09 12:34:39', 1, 1, 0, 1, 1, NULL),
	(210, '98987', NULL, 9, 1, '2019-06-09 12:34:39', '2019-06-09 12:34:39', 1, 1, 0, 1, 1, NULL),
	(211, '98987', NULL, 9, 1, '2019-06-09 12:34:39', '2019-06-09 12:34:39', 1, 1, 0, 1, 1, NULL),
	(212, '98987', NULL, 9, 1, '2019-06-09 12:34:39', '2019-06-09 12:34:39', 1, 1, 0, 1, 1, NULL),
	(213, '98987', NULL, 9, 1, '2019-06-09 12:34:39', '2019-06-09 12:34:39', 1, 1, 0, 1, 1, NULL),
	(214, '98987', NULL, 9, 1, '2019-06-09 12:34:39', '2019-06-09 12:34:39', 1, 1, 0, 1, 1, NULL),
	(215, '91623', NULL, 29, 1, '2019-06-09 12:34:39', '2019-06-09 12:34:39', 1, 1, 0, 1, 1, NULL),
	(216, '91623', NULL, 29, 1, '2019-06-09 12:34:39', '2019-06-09 12:34:39', 1, 1, 0, 1, 1, NULL),
	(217, '91623', NULL, 29, 1, '2019-06-09 12:34:39', '2019-06-09 12:34:39', 1, 1, 0, 1, 1, NULL),
	(218, '91623', NULL, 29, 1, '2019-06-09 12:34:39', '2019-06-09 12:34:39', 1, 1, 0, 1, 1, NULL),
	(219, '10013', NULL, 29, 1, '2019-06-09 12:34:39', '2019-06-09 12:34:39', 1, 1, 0, 1, 1, NULL),
	(220, '10013', NULL, 29, 1, '2019-06-09 12:34:39', '2019-06-09 12:34:39', 1, 1, 0, 1, 1, NULL),
	(221, '10013', NULL, 29, 1, '2019-06-09 12:34:39', '2019-06-09 12:34:39', 1, 1, 0, 1, 1, NULL),
	(222, '10013', NULL, 29, 1, '2019-06-09 12:34:39', '2019-06-09 12:34:39', 1, 1, 0, 1, 1, NULL),
	(223, '10013', NULL, 29, 1, '2019-06-09 12:34:39', '2019-06-09 12:34:39', 1, 1, 0, 1, 1, NULL),
	(224, '10013', NULL, 29, 1, '2019-06-09 12:34:39', '2019-06-09 12:34:39', 1, 1, 0, 1, 1, NULL),
	(225, '10013', NULL, 29, 1, '2019-06-09 12:34:39', '2019-06-09 12:34:39', 1, 1, 0, 1, 1, NULL),
	(226, '10013', NULL, 29, 1, '2019-06-09 12:34:39', '2019-06-09 12:34:39', 1, 1, 0, 1, 1, NULL),
	(227, '10013', NULL, 29, 1, '2019-06-09 12:34:39', '2019-06-09 12:34:39', 1, 1, 0, 1, 1, NULL),
	(228, '10013', NULL, 29, 1, '2019-06-09 12:34:39', '2019-06-09 12:34:39', 1, 1, 0, 1, 1, NULL),
	(229, '10013', NULL, 29, 1, '2019-06-09 12:34:39', '2019-06-09 12:34:39', 1, 1, 0, 1, 1, NULL),
	(230, '10013', NULL, 29, 1, '2019-06-09 12:34:39', '2019-06-09 12:34:39', 1, 1, 0, 1, 1, NULL),
	(231, '10013', NULL, 29, 1, '2019-06-09 12:34:39', '2019-06-09 12:34:39', 1, 1, 0, 1, 1, NULL),
	(232, '10013', NULL, 29, 1, '2019-06-09 12:34:39', '2019-06-09 12:34:39', 1, 1, 0, 1, 1, NULL),
	(233, '10013', NULL, 29, 1, '2019-06-09 12:34:39', '2019-06-09 12:34:39', 1, 1, 0, 1, 1, NULL),
	(234, 'XXX', NULL, 28, 1, '2019-06-09 12:34:39', '2019-06-09 12:34:39', 1, 1, 0, 1, 1, NULL),
	(235, 'XXX', NULL, 28, 1, '2019-06-09 12:34:39', '2019-06-09 12:34:39', 1, 1, 0, 1, 1, NULL),
	(236, 'XXX', NULL, 28, 1, '2019-06-09 12:34:39', '2019-06-09 12:34:39', 1, 1, 0, 1, 1, NULL),
	(237, 'XXX', NULL, 22, 1, '2019-06-09 12:34:39', '2019-06-09 12:34:39', 1, 1, 0, 1, 1, NULL),
	(238, 'XXX', NULL, 22, 1, '2019-06-09 12:34:39', '2019-06-09 12:34:39', 1, 1, 0, 1, 1, NULL),
	(239, 'XXX', NULL, 22, 1, '2019-06-09 12:34:39', '2019-06-09 12:34:39', 1, 1, 0, 1, 1, NULL),
	(240, 'XXX', NULL, 22, 1, '2019-06-09 12:34:39', '2019-06-09 12:34:39', 1, 1, 0, 1, 1, NULL),
	(241, '10008', NULL, 25, 1, '2019-06-09 12:34:39', '2019-06-09 12:34:39', 1, 1, 0, 1, 1, NULL),
	(242, '10008', NULL, 25, 1, '2019-06-09 12:34:39', '2019-06-09 12:34:39', 1, 1, 0, 1, 1, NULL),
	(243, '10008', NULL, 25, 1, '2019-06-09 12:34:39', '2019-06-09 12:34:39', 1, 1, 0, 1, 1, NULL),
	(244, '10008', NULL, 25, 1, '2019-06-09 12:34:39', '2019-06-09 12:34:39', 1, 1, 0, 1, 1, NULL),
	(245, '10008', NULL, 25, 1, '2019-06-09 12:34:39', '2019-06-09 12:34:39', 1, 1, 0, 1, 1, NULL),
	(246, '91620', NULL, 31, 1, '2019-06-09 12:34:39', '2019-06-09 12:34:39', 1, 1, 0, 1, 1, NULL),
	(247, '91620', NULL, 31, 1, '2019-06-09 12:34:39', '2019-06-09 12:34:39', 1, 1, 0, 1, 1, NULL),
	(248, '91620', NULL, 31, 1, '2019-06-09 12:34:39', '2019-06-09 12:34:39', 1, 1, 0, 1, 1, NULL),
	(249, '91620', NULL, 31, 1, '2019-06-09 12:34:39', '2019-06-09 12:34:39', 1, 1, 0, 1, 1, NULL),
	(250, '91620', NULL, 31, 1, '2019-06-09 12:34:39', '2019-06-09 12:34:39', 1, 1, 0, 1, 1, NULL),
	(251, '91620', NULL, 31, 1, '2019-06-09 12:35:09', '2019-06-09 12:35:09', 1, 1, 0, 1, 1, NULL),
	(252, '91620', NULL, 31, 1, '2019-06-09 12:35:09', '2019-06-09 12:35:09', 1, 1, 0, 1, 1, NULL),
	(253, '91620', NULL, 31, 1, '2019-06-09 12:35:09', '2019-06-09 12:35:09', 1, 1, 0, 1, 1, NULL),
	(254, '91620', NULL, 31, 1, '2019-06-09 12:35:09', '2019-06-09 12:35:09', 1, 1, 0, 1, 1, NULL),
	(255, '91620', NULL, 31, 1, '2019-06-09 12:35:09', '2019-06-09 12:35:09', 1, 1, 0, 1, 1, NULL),
	(256, '91620', NULL, 31, 1, '2019-06-09 12:35:09', '2019-06-09 12:35:09', 1, 1, 0, 1, 1, NULL),
	(257, '91620', NULL, 31, 1, '2019-06-09 12:35:09', '2019-06-09 12:35:09', 1, 1, 0, 1, 1, NULL),
	(258, '91620', NULL, 31, 1, '2019-06-09 12:35:09', '2019-06-09 12:35:09', 1, 1, 0, 1, 1, NULL),
	(259, '91620', NULL, 31, 1, '2019-06-09 12:35:09', '2019-06-09 12:35:09', 1, 1, 0, 1, 1, NULL),
	(260, '91620', NULL, 31, 1, '2019-06-09 12:35:09', '2019-06-09 12:35:09', 1, 1, 0, 1, 1, NULL),
	(261, '91620', NULL, 31, 1, '2019-06-09 12:35:09', '2019-06-09 12:35:09', 1, 1, 0, 1, 1, NULL),
	(262, '91620', NULL, 31, 1, '2019-06-09 12:35:09', '2019-06-09 12:35:09', 1, 1, 0, 1, 1, NULL),
	(263, '91620', NULL, 31, 1, '2019-06-09 12:35:09', '2019-06-09 12:35:09', 1, 1, 0, 1, 1, NULL),
	(264, '91620', NULL, 31, 1, '2019-06-09 12:35:09', '2019-06-09 12:35:09', 1, 1, 0, 1, 1, NULL),
	(265, '91620', NULL, 31, 1, '2019-06-09 12:35:09', '2019-06-09 12:35:09', 1, 1, 0, 1, 1, NULL),
	(266, '91620', NULL, 31, 1, '2019-06-09 12:35:09', '2019-06-09 12:35:09', 1, 1, 0, 1, 1, NULL),
	(267, '91620', NULL, 31, 1, '2019-06-09 12:35:09', '2019-06-09 12:35:09', 1, 1, 0, 1, 1, NULL),
	(268, '91620', NULL, 31, 1, '2019-06-09 12:35:09', '2019-06-09 12:35:09', 1, 1, 0, 1, 1, NULL),
	(269, '91620', NULL, 31, 1, '2019-06-09 12:35:09', '2019-06-09 12:35:09', 1, 1, 0, 1, 1, NULL),
	(270, '91620', NULL, 31, 1, '2019-06-09 12:35:09', '2019-06-09 12:35:09', 1, 1, 0, 1, 1, NULL),
	(271, '91620', NULL, 31, 1, '2019-06-09 12:35:09', '2019-06-09 12:35:09', 1, 1, 0, 1, 1, NULL),
	(272, '91620', NULL, 31, 1, '2019-06-09 12:35:09', '2019-06-09 12:35:09', 1, 1, 0, 1, 1, NULL),
	(273, '91620', NULL, 31, 1, '2019-06-09 12:35:09', '2019-06-09 12:35:09', 1, 1, 0, 1, 1, NULL),
	(274, '91620', NULL, 31, 1, '2019-06-09 12:35:09', '2019-06-09 12:35:09', 1, 1, 0, 1, 1, NULL),
	(275, '91620', NULL, 31, 1, '2019-06-09 12:35:09', '2019-06-09 12:35:09', 1, 1, 0, 1, 1, NULL),
	(276, '91534', NULL, 39, 1, '2019-06-09 12:35:09', '2019-06-09 12:35:09', 1, 1, 0, 1, 1, NULL),
	(277, '91534', NULL, 39, 1, '2019-06-09 12:35:09', '2019-06-09 12:35:09', 1, 1, 0, 1, 1, NULL),
	(278, '91534', NULL, 39, 1, '2019-06-09 12:35:09', '2019-06-09 12:35:09', 1, 1, 0, 1, 1, NULL),
	(279, '91534', NULL, 39, 1, '2019-06-09 12:35:09', '2019-06-09 12:35:09', 1, 1, 0, 1, 1, NULL),
	(280, '91534', NULL, 39, 1, '2019-06-09 12:35:09', '2019-06-09 12:35:09', 1, 1, 0, 1, 1, NULL),
	(281, '91534', NULL, 39, 1, '2019-06-09 12:35:09', '2019-06-09 12:35:09', 1, 1, 0, 1, 1, NULL),
	(282, '91534', NULL, 39, 1, '2019-06-09 12:35:09', '2019-06-09 12:35:09', 1, 1, 0, 1, 1, NULL),
	(283, '91534', NULL, 39, 1, '2019-06-09 12:35:09', '2019-06-09 12:35:09', 1, 1, 0, 1, 1, NULL),
	(284, '91534', NULL, 39, 1, '2019-06-09 12:35:09', '2019-06-09 12:35:09', 1, 1, 0, 1, 1, NULL),
	(285, '91534', NULL, 39, 1, '2019-06-09 12:35:09', '2019-06-09 12:35:09', 1, 1, 0, 1, 1, NULL),
	(286, '91534', NULL, 39, 1, '2019-06-09 12:35:09', '2019-06-09 12:35:09', 1, 1, 0, 1, 1, NULL),
	(287, '91534', NULL, 39, 1, '2019-06-09 12:35:09', '2019-06-09 12:35:09', 1, 1, 0, 1, 1, NULL),
	(288, '91534', NULL, 39, 1, '2019-06-09 12:35:09', '2019-06-09 12:35:09', 1, 1, 0, 1, 1, NULL),
	(289, '91534', NULL, 39, 1, '2019-06-09 12:35:09', '2019-06-09 12:35:09', 1, 1, 0, 1, 1, NULL),
	(290, '91534', NULL, 39, 1, '2019-06-09 12:35:09', '2019-06-09 12:35:09', 1, 1, 0, 1, 1, NULL),
	(291, '91534', NULL, 39, 1, '2019-06-09 12:35:09', '2019-06-09 12:35:09', 1, 1, 0, 1, 1, NULL),
	(292, '91534', NULL, 39, 1, '2019-06-09 12:35:09', '2019-06-09 12:35:09', 1, 1, 0, 1, 1, NULL),
	(293, '91534', NULL, 39, 1, '2019-06-09 12:35:09', '2019-06-09 12:35:09', 1, 1, 0, 1, 1, NULL),
	(294, '91895', NULL, 36, 1, '2019-06-09 12:35:09', '2019-06-09 12:35:09', 1, 1, 0, 1, 1, NULL),
	(295, '91895', NULL, 36, 1, '2019-06-09 12:35:09', '2019-06-09 12:35:09', 1, 1, 0, 1, 1, NULL),
	(296, '91895', NULL, 36, 1, '2019-06-09 12:35:09', '2019-06-09 12:35:09', 1, 1, 0, 1, 1, NULL),
	(297, 'XXX', NULL, 51, 1, '2019-06-09 12:35:09', '2019-06-09 12:35:09', 1, 1, 0, 1, 1, NULL),
	(298, 'XXX', NULL, 51, 1, '2019-06-09 12:35:09', '2019-06-09 12:35:09', 1, 1, 0, 1, 1, NULL),
	(299, 'XXX', NULL, 51, 1, '2019-06-09 12:35:09', '2019-06-09 12:35:09', 1, 1, 0, 1, 1, NULL),
	(300, 'XXX', NULL, 51, 1, '2019-06-09 12:35:09', '2019-06-09 12:35:09', 1, 1, 0, 1, 1, NULL),
	(301, '91704', NULL, 26, 1, '2019-06-09 12:35:09', '2019-06-09 12:35:09', 1, 1, 0, 1, 1, NULL),
	(302, '91704', NULL, 26, 1, '2019-06-09 12:35:09', '2019-06-09 12:35:09', 1, 1, 0, 1, 1, NULL),
	(303, '91704', NULL, 26, 1, '2019-06-09 12:35:09', '2019-06-09 12:35:09', 1, 1, 0, 1, 1, NULL),
	(304, '91704', NULL, 26, 1, '2019-06-09 12:35:09', '2019-06-09 12:35:09', 1, 1, 0, 1, 1, NULL),
	(305, '91704', NULL, 26, 1, '2019-06-09 12:35:09', '2019-06-09 12:35:09', 1, 1, 0, 1, 1, NULL),
	(306, '91536', NULL, 40, 1, '2019-06-09 12:35:09', '2019-06-09 12:35:09', 1, 1, 0, 1, 1, NULL),
	(307, '91536', NULL, 40, 1, '2019-06-09 12:35:09', '2019-06-09 12:35:09', 1, 1, 0, 1, 1, NULL),
	(308, '91536', NULL, 40, 1, '2019-06-09 12:35:09', '2019-06-09 12:35:09', 1, 1, 0, 1, 1, NULL),
	(309, '91536', NULL, 40, 1, '2019-06-09 12:35:09', '2019-06-09 12:35:09', 1, 1, 0, 1, 1, NULL),
	(310, '91536', NULL, 40, 1, '2019-06-09 12:35:09', '2019-06-09 12:35:09', 1, 1, 0, 1, 1, NULL),
	(311, '91536', NULL, 40, 1, '2019-06-09 12:35:09', '2019-06-09 12:35:09', 1, 1, 0, 1, 1, NULL),
	(312, '91536', NULL, 40, 1, '2019-06-09 12:35:09', '2019-06-09 12:35:09', 1, 1, 0, 1, 1, NULL),
	(313, '91536', NULL, 40, 1, '2019-06-09 12:35:09', '2019-06-09 12:35:09', 1, 1, 0, 1, 1, NULL),
	(314, '91536', NULL, 40, 1, '2019-06-09 12:35:09', '2019-06-09 12:35:09', 1, 1, 0, 1, 1, NULL),
	(315, '91536', NULL, 40, 1, '2019-06-09 12:35:09', '2019-06-09 12:35:09', 1, 1, 0, 1, 1, NULL),
	(316, '91536', NULL, 40, 1, '2019-06-09 12:35:09', '2019-06-09 12:35:09', 1, 1, 0, 1, 1, NULL),
	(317, '91536', NULL, 40, 1, '2019-06-09 12:35:09', '2019-06-09 12:35:09', 1, 1, 0, 1, 1, NULL),
	(318, '91536', NULL, 40, 1, '2019-06-09 12:35:09', '2019-06-09 12:35:09', 1, 1, 0, 1, 1, NULL),
	(319, '91536', NULL, 40, 1, '2019-06-09 12:35:09', '2019-06-09 12:35:09', 1, 1, 0, 1, 1, NULL),
	(320, '91536', NULL, 40, 1, '2019-06-09 12:35:09', '2019-06-09 12:35:09', 1, 1, 0, 1, 1, NULL),
	(321, 'XXX', NULL, 28, 1, '2019-06-09 12:35:09', '2019-06-09 12:35:09', 1, 1, 0, 1, 1, NULL),
	(322, 'XXX', NULL, 28, 1, '2019-06-09 12:35:09', '2019-06-09 12:35:09', 1, 1, 0, 1, 1, NULL),
	(323, 'XXX', NULL, 28, 1, '2019-06-09 12:35:09', '2019-06-09 12:35:09', 1, 1, 0, 1, 1, NULL),
	(324, 'XXX', NULL, 28, 1, '2019-06-09 12:35:09', '2019-06-09 12:35:09', 1, 1, 0, 1, 1, NULL),
	(325, '91130', NULL, 28, 1, '2019-06-09 12:35:09', '2019-06-09 12:35:09', 1, 1, 0, 1, 1, NULL),
	(326, '91130', NULL, 28, 1, '2019-06-09 12:35:09', '2019-06-09 12:35:09', 1, 1, 0, 1, 1, NULL),
	(327, '91130', NULL, 28, 1, '2019-06-09 12:35:09', '2019-06-09 12:35:09', 1, 1, 0, 1, 1, NULL),
	(328, '91130', NULL, 28, 1, '2019-06-09 12:35:09', '2019-06-09 12:35:09', 1, 1, 0, 1, 1, NULL),
	(329, '91130', NULL, 28, 1, '2019-06-09 12:35:09', '2019-06-09 12:35:09', 1, 1, 0, 1, 1, NULL),
	(330, '91130', NULL, 28, 1, '2019-06-09 12:35:09', '2019-06-09 12:35:09', 1, 1, 0, 1, 1, NULL),
	(331, '91130', NULL, 28, 1, '2019-06-09 12:35:09', '2019-06-09 12:35:09', 1, 1, 0, 1, 1, NULL),
	(332, '91130', NULL, 28, 1, '2019-06-09 12:35:09', '2019-06-09 12:35:09', 1, 1, 0, 1, 1, NULL),
	(333, '91130', NULL, 28, 1, '2019-06-09 12:35:09', '2019-06-09 12:35:09', 1, 1, 0, 1, 1, NULL),
	(334, '91130', NULL, 28, 1, '2019-06-09 12:35:09', '2019-06-09 12:35:09', 1, 1, 0, 1, 1, NULL),
	(335, '91130', NULL, 28, 1, '2019-06-09 12:35:09', '2019-06-09 12:35:09', 1, 1, 0, 1, 1, NULL),
	(336, '91130', NULL, 28, 1, '2019-06-09 12:35:09', '2019-06-09 12:35:09', 1, 1, 0, 1, 1, NULL),
	(337, '91130', NULL, 28, 1, '2019-06-09 12:35:09', '2019-06-09 12:35:09', 1, 1, 0, 1, 1, NULL),
	(338, '91130', NULL, 28, 1, '2019-06-09 12:35:09', '2019-06-09 12:35:09', 1, 1, 0, 1, 1, NULL),
	(339, '91130', NULL, 28, 1, '2019-06-09 12:35:09', '2019-06-09 12:35:09', 1, 1, 0, 1, 1, NULL),
	(340, '95376', NULL, 42, 1, '2019-06-09 12:35:09', '2019-06-09 12:35:09', 1, 1, 0, 1, 1, NULL),
	(341, '95376', NULL, 42, 1, '2019-06-09 12:35:09', '2019-06-09 12:35:09', 1, 1, 0, 1, 1, NULL),
	(342, '95376', NULL, 42, 1, '2019-06-09 12:35:09', '2019-06-09 12:35:09', 1, 1, 0, 1, 1, NULL),
	(343, '95376', NULL, 42, 1, '2019-06-09 12:35:09', '2019-06-09 12:35:09', 1, 1, 0, 1, 1, NULL),
	(344, '95376', NULL, 42, 1, '2019-06-09 12:35:09', '2019-06-09 12:35:09', 1, 1, 0, 1, 1, NULL),
	(345, '95102', NULL, 42, 1, '2019-06-09 12:35:09', '2019-06-09 12:35:09', 1, 1, 0, 1, 1, NULL),
	(346, '95102', NULL, 42, 1, '2019-06-09 12:35:09', '2019-06-09 12:35:09', 1, 1, 0, 1, 1, NULL),
	(347, '95102', NULL, 42, 1, '2019-06-09 12:35:09', '2019-06-09 12:35:09', 1, 1, 0, 1, 1, NULL),
	(348, '95102', NULL, 42, 1, '2019-06-09 12:35:09', '2019-06-09 12:35:09', 1, 1, 0, 1, 1, NULL),
	(349, '95102', NULL, 42, 1, '2019-06-09 12:35:09', '2019-06-09 12:35:09', 1, 1, 0, 1, 1, NULL),
	(350, '95102', NULL, 42, 1, '2019-06-09 12:35:09', '2019-06-09 12:35:09', 1, 1, 0, 1, 1, NULL),
	(351, '95102', NULL, 42, 1, '2019-06-09 12:35:09', '2019-06-09 12:35:09', 1, 1, 0, 1, 1, NULL),
	(352, '95102', NULL, 42, 1, '2019-06-09 12:35:09', '2019-06-09 12:35:09', 1, 1, 0, 1, 1, NULL),
	(353, '95102', NULL, 42, 1, '2019-06-09 12:35:09', '2019-06-09 12:35:09', 1, 1, 0, 1, 1, NULL),
	(354, '95102', NULL, 42, 1, '2019-06-09 12:35:09', '2019-06-09 12:35:09', 1, 1, 0, 1, 1, NULL),
	(355, '95193  (Antonino)', NULL, 42, 1, '2019-06-09 12:35:09', '2019-06-09 12:35:09', 1, 1, 0, 1, 1, NULL),
	(356, '95193  (Antonino)', NULL, 42, 1, '2019-06-09 12:35:09', '2019-06-09 12:35:09', 1, 1, 0, 1, 1, NULL),
	(357, '95193  (Antonino)', NULL, 42, 1, '2019-06-09 12:35:09', '2019-06-09 12:35:09', 1, 1, 0, 1, 1, NULL),
	(358, '95193  (Antonino)', NULL, 42, 1, '2019-06-09 12:35:09', '2019-06-09 12:35:09', 1, 1, 0, 1, 1, NULL),
	(359, '95193  (Antonino)', NULL, 42, 1, '2019-06-09 12:35:09', '2019-06-09 12:35:09', 1, 1, 0, 1, 1, NULL),
	(360, '95193  (Antonino)', NULL, 42, 1, '2019-06-09 12:35:09', '2019-06-09 12:35:09', 1, 1, 0, 1, 1, NULL),
	(361, '95193  (Antonino)', NULL, 42, 1, '2019-06-09 12:35:09', '2019-06-09 12:35:09', 1, 1, 0, 1, 1, NULL),
	(362, '95193  (Antonino)', NULL, 42, 1, '2019-06-09 12:35:09', '2019-06-09 12:35:09', 1, 1, 0, 1, 1, NULL),
	(363, '95193  (Antonino)', NULL, 42, 1, '2019-06-09 12:35:09', '2019-06-09 12:35:09', 1, 1, 0, 1, 1, NULL),
	(364, '95193  (Antonino)', NULL, 42, 1, '2019-06-09 12:35:09', '2019-06-09 12:35:09', 1, 1, 0, 1, 1, NULL),
	(365, '95193  (Antonino)', NULL, 42, 1, '2019-06-09 12:35:09', '2019-06-09 12:35:09', 1, 1, 0, 1, 1, NULL),
	(366, '95193  (Antonino)', NULL, 42, 1, '2019-06-09 12:35:09', '2019-06-09 12:35:09', 1, 1, 0, 1, 1, NULL),
	(367, '95193  (Antonino)', NULL, 42, 1, '2019-06-09 12:35:09', '2019-06-09 12:35:09', 1, 1, 0, 1, 1, NULL),
	(368, '95193  (Antonino)', NULL, 42, 1, '2019-06-09 12:35:09', '2019-06-09 12:35:09', 1, 1, 0, 1, 1, NULL),
	(369, '95193  (Antonino)', NULL, 42, 1, '2019-06-09 12:35:09', '2019-06-09 12:35:09', 1, 1, 0, 1, 1, NULL),
	(370, '95317', NULL, 42, 1, '2019-06-09 12:35:09', '2019-06-09 12:35:09', 1, 1, 0, 1, 1, NULL),
	(371, '95317', NULL, 42, 1, '2019-06-09 12:35:09', '2019-06-09 12:35:09', 1, 1, 0, 1, 1, NULL),
	(372, '95317', NULL, 42, 1, '2019-06-09 12:35:09', '2019-06-09 12:35:09', 1, 1, 0, 1, 1, NULL),
	(373, '95317', NULL, 42, 1, '2019-06-09 12:35:09', '2019-06-09 12:35:09', 1, 1, 0, 1, 1, NULL),
	(374, '95317', NULL, 42, 1, '2019-06-09 12:35:09', '2019-06-09 12:35:09', 1, 1, 0, 1, 1, NULL),
	(375, '95317', NULL, 42, 1, '2019-06-09 12:35:09', '2019-06-09 12:35:09', 1, 1, 0, 1, 1, NULL),
	(376, '95317', NULL, 42, 1, '2019-06-09 12:35:09', '2019-06-09 12:35:09', 1, 1, 0, 1, 1, NULL),
	(377, '95317', NULL, 42, 1, '2019-06-09 12:35:09', '2019-06-09 12:35:09', 1, 1, 0, 1, 1, NULL),
	(378, '95317', NULL, 42, 1, '2019-06-09 12:35:09', '2019-06-09 12:35:09', 1, 1, 0, 1, 1, NULL),
	(379, '95317', NULL, 42, 1, '2019-06-09 12:35:09', '2019-06-09 12:35:09', 1, 1, 0, 1, 1, NULL),
	(380, '95317', NULL, 42, 1, '2019-06-09 12:35:09', '2019-06-09 12:35:09', 1, 1, 0, 1, 1, NULL),
	(381, '95317', NULL, 42, 1, '2019-06-09 12:35:09', '2019-06-09 12:35:09', 1, 1, 0, 1, 1, NULL),
	(382, '95317', NULL, 42, 1, '2019-06-09 12:35:09', '2019-06-09 12:35:09', 1, 1, 0, 1, 1, NULL),
	(383, '95317', NULL, 42, 1, '2019-06-09 12:35:09', '2019-06-09 12:35:09', 1, 1, 0, 1, 1, NULL),
	(384, '95317', NULL, 42, 1, '2019-06-09 12:35:09', '2019-06-09 12:35:09', 1, 1, 0, 1, 1, NULL),
	(385, 'XXX', NULL, 140, 1, '2019-06-09 12:35:09', '2019-06-09 12:35:09', 1, 1, 0, 1, 1, NULL),
	(386, 'XXX', NULL, 140, 1, '2019-06-09 12:35:09', '2019-06-09 12:35:09', 1, 1, 0, 1, 1, NULL),
	(387, 'XXX', NULL, 140, 1, '2019-06-09 12:35:09', '2019-06-09 12:35:09', 1, 1, 0, 1, 1, NULL),
	(388, 'XXX', NULL, 140, 1, '2019-06-09 12:35:09', '2019-06-09 12:35:09', 1, 1, 0, 1, 1, NULL),
	(389, 'XXX', NULL, 140, 1, '2019-06-09 12:35:09', '2019-06-09 12:35:09', 1, 1, 0, 1, 1, NULL),
	(390, 'XXX', NULL, 140, 1, '2019-06-09 12:35:09', '2019-06-09 12:35:09', 1, 1, 0, 1, 1, NULL),
	(391, 'XXX', NULL, 140, 1, '2019-06-09 12:35:09', '2019-06-09 12:35:09', 1, 1, 0, 1, 1, NULL),
	(392, 'XXX', NULL, 140, 1, '2019-06-09 12:35:09', '2019-06-09 12:35:09', 1, 1, 0, 1, 1, NULL),
	(393, 'XXX', NULL, 140, 1, '2019-06-09 12:35:09', '2019-06-09 12:35:09', 1, 1, 0, 1, 1, NULL),
	(394, 'XXX', NULL, 140, 1, '2019-06-09 12:35:09', '2019-06-09 12:35:09', 1, 1, 0, 1, 1, NULL),
	(395, 'XXX', NULL, 140, 1, '2019-06-09 12:35:09', '2019-06-09 12:35:09', 1, 1, 0, 1, 1, NULL),
	(396, 'XXX', NULL, 140, 1, '2019-06-09 12:35:09', '2019-06-09 12:35:09', 1, 1, 0, 1, 1, NULL),
	(397, '97411', NULL, 30, 1, '2019-06-09 12:35:09', '2019-06-09 12:35:09', 1, 1, 0, 1, 1, NULL),
	(398, '97411', NULL, 30, 1, '2019-06-09 12:35:09', '2019-06-09 12:35:09', 1, 1, 0, 1, 1, NULL),
	(399, '97411', NULL, 30, 1, '2019-06-09 12:35:09', '2019-06-09 12:35:09', 1, 1, 0, 1, 1, NULL),
	(400, '97411', NULL, 30, 1, '2019-06-09 12:35:09', '2019-06-09 12:35:09', 1, 1, 0, 1, 1, NULL),
	(401, '97411', NULL, 30, 1, '2019-06-09 12:35:09', '2019-06-09 12:35:09', 1, 1, 0, 1, 1, NULL),
	(402, '97411', NULL, 30, 1, '2019-06-09 12:35:09', '2019-06-09 12:35:09', 1, 1, 0, 1, 1, NULL),
	(403, '97411', NULL, 30, 1, '2019-06-09 12:35:09', '2019-06-09 12:35:09', 1, 1, 0, 1, 1, NULL),
	(404, '97411', NULL, 30, 1, '2019-06-09 12:35:09', '2019-06-09 12:35:09', 1, 1, 0, 1, 1, NULL),
	(405, '97411', NULL, 30, 1, '2019-06-09 12:35:09', '2019-06-09 12:35:09', 1, 1, 0, 1, 1, NULL),
	(406, '97411', NULL, 30, 1, '2019-06-09 12:35:09', '2019-06-09 12:35:09', 1, 1, 0, 1, 1, NULL),
	(407, '97411', NULL, 30, 1, '2019-06-09 12:35:09', '2019-06-09 12:35:09', 1, 1, 0, 1, 1, NULL),
	(408, '97411', NULL, 30, 1, '2019-06-09 12:35:09', '2019-06-09 12:35:09', 1, 1, 0, 1, 1, NULL),
	(409, '97411', NULL, 30, 1, '2019-06-09 12:35:09', '2019-06-09 12:35:09', 1, 1, 0, 1, 1, NULL),
	(410, '97411', NULL, 30, 1, '2019-06-09 12:35:09', '2019-06-09 12:35:09', 1, 1, 0, 1, 1, NULL),
	(411, '97411', NULL, 30, 1, '2019-06-09 12:35:09', '2019-06-09 12:35:09', 1, 1, 0, 1, 1, NULL),
	(412, '97410', NULL, 35, 1, '2019-06-09 12:35:09', '2019-06-09 12:35:09', 1, 1, 0, 1, 1, NULL),
	(413, '97410', NULL, 35, 1, '2019-06-09 12:35:09', '2019-06-09 12:35:09', 1, 1, 0, 1, 1, NULL),
	(414, '97410', NULL, 35, 1, '2019-06-09 12:35:09', '2019-06-09 12:35:09', 1, 1, 0, 1, 1, NULL),
	(415, '97410', NULL, 35, 1, '2019-06-09 12:35:09', '2019-06-09 12:35:09', 1, 1, 0, 1, 1, NULL),
	(416, '97410', NULL, 35, 1, '2019-06-09 12:35:09', '2019-06-09 12:35:09', 1, 1, 0, 1, 1, NULL),
	(417, '97410', NULL, 35, 1, '2019-06-09 12:35:09', '2019-06-09 12:35:09', 1, 1, 0, 1, 1, NULL),
	(418, '97410', NULL, 35, 1, '2019-06-09 12:35:09', '2019-06-09 12:35:09', 1, 1, 0, 1, 1, NULL),
	(419, '97410', NULL, 35, 1, '2019-06-09 12:35:09', '2019-06-09 12:35:09', 1, 1, 0, 1, 1, NULL),
	(420, '97410', NULL, 35, 1, '2019-06-09 12:35:09', '2019-06-09 12:35:09', 1, 1, 0, 1, 1, NULL),
	(421, '97410', NULL, 35, 1, '2019-06-09 12:35:09', '2019-06-09 12:35:09', 1, 1, 0, 1, 1, NULL),
	(422, '97410', NULL, 35, 1, '2019-06-09 12:35:09', '2019-06-09 12:35:09', 1, 1, 0, 1, 1, NULL),
	(423, '97410', NULL, 35, 1, '2019-06-09 12:35:09', '2019-06-09 12:35:09', 1, 1, 0, 1, 1, NULL),
	(424, '97410', NULL, 35, 1, '2019-06-09 12:35:09', '2019-06-09 12:35:09', 1, 1, 0, 1, 1, NULL),
	(425, '97410', NULL, 35, 1, '2019-06-09 12:35:09', '2019-06-09 12:35:09', 1, 1, 0, 1, 1, NULL),
	(426, '97410', NULL, 35, 1, '2019-06-09 12:35:09', '2019-06-09 12:35:09', 1, 1, 0, 1, 1, NULL),
	(427, '97410', NULL, 35, 1, '2019-06-09 12:35:09', '2019-06-09 12:35:09', 1, 1, 0, 1, 1, NULL),
	(428, '97410', NULL, 35, 1, '2019-06-09 12:35:09', '2019-06-09 12:35:09', 1, 1, 0, 1, 1, NULL),
	(429, '97410', NULL, 35, 1, '2019-06-09 12:35:09', '2019-06-09 12:35:09', 1, 1, 0, 1, 1, NULL),
	(430, '97410', NULL, 35, 1, '2019-06-09 12:35:09', '2019-06-09 12:35:09', 1, 1, 0, 1, 1, NULL),
	(431, '97410', NULL, 35, 1, '2019-06-09 12:35:09', '2019-06-09 12:35:09', 1, 1, 0, 1, 1, NULL),
	(432, NULL, NULL, 30, 1, '2019-06-09 12:35:09', '2019-06-09 12:35:09', 1, 1, 0, 2, 1, NULL),
	(433, NULL, NULL, 40, 1, '2019-06-09 12:35:09', '2019-06-09 12:35:09', 1, 1, 0, 2, 1, NULL),
	(434, NULL, NULL, 30, 1, '2019-06-09 12:35:09', '2019-06-09 12:35:09', 1, 1, 0, 2, 1, NULL),
	(435, NULL, NULL, 45, 1, '2019-06-09 12:35:09', '2019-06-09 12:35:09', 1, 1, 0, 2, 1, NULL),
	(436, NULL, NULL, 45, 1, '2019-06-09 12:35:09', '2019-06-09 12:35:09', 1, 1, 0, 2, 1, NULL),
	(437, NULL, NULL, 40, 1, '2019-06-09 12:35:09', '2019-06-09 12:35:09', 1, 1, 0, 2, 1, NULL),
	(438, NULL, NULL, 16, 1, '2019-06-09 12:35:09', '2019-06-09 12:35:09', 1, 1, 0, 2, 1, NULL),
	(439, NULL, NULL, 20, 1, '2019-06-09 12:35:09', '2019-06-09 12:35:09', 1, 1, 0, 2, 1, NULL),
	(440, NULL, NULL, 16, 1, '2019-06-09 12:35:09', '2019-06-09 12:35:09', 1, 1, 0, 2, 1, NULL),
	(441, NULL, NULL, 45, 1, '2019-06-09 12:35:09', '2019-06-09 12:35:09', 1, 1, 0, 2, 1, NULL),
	(442, NULL, NULL, 60, 1, '2019-06-09 12:35:09', '2019-06-09 12:35:09', 1, 1, 0, 2, 1, NULL),
	(443, NULL, NULL, 60, 1, '2019-06-09 12:35:09', '2019-06-09 12:35:09', 1, 1, 0, 2, 1, NULL),
	(444, NULL, NULL, 55, 1, '2019-06-09 12:35:09', '2019-06-09 12:35:09', 1, 1, 0, 2, 1, NULL),
	(445, NULL, NULL, 70, 1, '2019-06-09 12:35:09', '2019-06-09 12:35:09', 1, 1, 0, 3, 1, NULL),
	(446, NULL, NULL, 70, 1, '2019-06-09 12:35:09', '2019-06-09 12:35:09', 1, 1, 0, 3, 1, NULL),
	(447, NULL, NULL, 70, 1, '2019-06-09 12:35:09', '2019-06-09 12:35:09', 1, 1, 0, 3, 1, NULL),
	(448, NULL, NULL, 65, 1, '2019-06-09 12:35:09', '2019-06-09 12:35:09', 1, 1, 0, 3, 1, NULL),
	(449, NULL, NULL, 65, 1, '2019-06-09 12:35:09', '2019-06-09 12:35:09', 1, 1, 0, 3, 1, NULL),
	(450, NULL, NULL, 80, 1, '2019-06-09 12:35:09', '2019-06-09 12:35:09', 1, 1, 0, 3, 1, NULL),
	(451, NULL, NULL, 45, 1, '2019-06-09 12:35:09', '2019-06-09 12:35:09', 1, 1, 0, 3, 1, NULL),
	(452, NULL, NULL, 60, 1, '2019-06-09 12:35:09', '2019-06-09 12:35:09', 1, 1, 0, 3, 1, NULL),
	(453, NULL, NULL, 60, 1, '2019-06-09 12:35:09', '2019-06-09 12:35:09', 1, 1, 0, 3, 1, NULL),
	(454, NULL, NULL, 60, 1, '2019-06-09 12:35:09', '2019-06-09 12:35:09', 1, 1, 0, 3, 1, NULL),
	(455, NULL, NULL, 60, 1, '2019-06-09 12:35:09', '2019-06-09 12:35:09', 1, 1, 0, 3, 1, NULL),
	(456, NULL, NULL, 60, 1, '2019-06-09 12:35:09', '2019-06-09 12:35:09', 1, 1, 0, 3, 1, NULL),
	(457, NULL, NULL, 60, 1, '2019-06-09 12:35:09', '2019-06-09 12:35:09', 1, 1, 0, 3, 1, NULL),
	(458, NULL, NULL, 60, 1, '2019-06-09 12:35:09', '2019-06-09 12:35:09', 1, 1, 0, 3, 1, NULL),
	(459, NULL, NULL, 60, 1, '2019-06-09 12:35:09', '2019-06-09 12:35:09', 1, 1, 0, 3, 1, NULL),
	(460, NULL, NULL, 58, 1, '2019-06-09 12:35:09', '2019-06-09 12:35:09', 1, 1, 0, 3, 1, NULL),
	(461, NULL, NULL, 55, 1, '2019-06-09 12:35:09', '2019-06-09 12:35:09', 1, 1, 0, 3, 1, NULL),
	(462, NULL, NULL, 55, 1, '2019-06-09 12:35:09', '2019-06-09 12:35:09', 1, 1, 0, 3, 1, NULL),
	(463, NULL, NULL, 58, 1, '2019-06-09 12:35:09', '2019-06-09 12:35:09', 1, 1, 0, 3, 1, NULL),
	(464, NULL, NULL, 55, 1, '2019-06-09 12:35:09', '2019-06-09 12:35:09', 1, 1, 0, 3, 1, NULL),
	(465, NULL, NULL, 58, 1, '2019-06-09 12:35:09', '2019-06-09 12:35:09', 1, 1, 0, 3, 1, NULL),
	(466, NULL, NULL, 70, 1, '2019-06-09 12:35:09', '2019-06-09 12:35:09', 1, 1, 0, 3, 1, NULL),
	(467, NULL, NULL, 68, 1, '2019-06-09 12:35:09', '2019-06-09 12:35:09', 1, 1, 0, 3, 1, NULL),
	(468, NULL, NULL, 68, 1, '2019-06-09 12:35:09', '2019-06-09 12:35:09', 1, 1, 0, 3, 1, NULL),
	(469, NULL, NULL, 68, 1, '2019-06-09 12:35:09', '2019-06-09 12:35:09', 1, 1, 0, 3, 1, NULL),
	(470, NULL, NULL, 68, 1, '2019-06-09 12:35:09', '2019-06-09 12:35:09', 1, 1, 0, 3, 1, NULL),
	(471, NULL, NULL, 70, 1, '2019-06-09 12:35:09', '2019-06-09 12:35:09', 1, 1, 0, 3, 1, NULL),
	(472, NULL, NULL, 80, 1, '2019-06-09 12:35:09', '2019-06-09 12:35:09', 1, 1, 0, 3, 1, NULL),
	(473, NULL, NULL, 80, 1, '2019-06-09 12:35:09', '2019-06-09 12:35:09', 1, 1, 0, 3, 1, NULL),
	(474, NULL, NULL, 85, 1, '2019-06-09 12:35:09', '2019-06-09 12:35:09', 1, 1, 0, 3, 1, NULL),
	(475, NULL, NULL, 85, 1, '2019-06-09 12:35:09', '2019-06-09 12:35:09', 1, 1, 0, 3, 1, NULL),
	(476, NULL, NULL, 60, 1, '2019-06-09 12:35:09', '2019-06-09 12:35:09', 1, 1, 0, 3, 1, NULL),
	(477, NULL, NULL, 60, 1, '2019-06-09 12:35:09', '2019-06-09 12:35:09', 1, 1, 0, 3, 1, NULL),
	(478, NULL, NULL, 60, 1, '2019-06-09 12:35:09', '2019-06-09 12:35:09', 1, 1, 0, 3, 1, NULL),
	(479, NULL, NULL, 58, 1, '2019-06-09 12:35:09', '2019-06-09 12:35:09', 1, 1, 0, 3, 1, NULL),
	(480, NULL, NULL, 58, 1, '2019-06-09 12:35:09', '2019-06-09 12:35:09', 1, 1, 0, 3, 1, NULL),
	(481, NULL, NULL, 58, 1, '2019-06-09 12:35:09', '2019-06-09 12:35:09', 1, 1, 0, 3, 1, NULL),
	(482, NULL, NULL, 60, 1, '2019-06-09 12:35:09', '2019-06-09 12:35:09', 1, 1, 0, 3, 1, NULL),
	(483, NULL, NULL, 60, 1, '2019-06-09 12:35:09', '2019-06-09 12:35:09', 1, 1, 0, 3, 1, NULL),
	(484, NULL, NULL, 60, 1, '2019-06-09 12:35:09', '2019-06-09 12:35:09', 1, 1, 0, 3, 1, NULL),
	(485, NULL, NULL, 58, 1, '2019-06-09 12:35:09', '2019-06-09 12:35:09', 1, 1, 0, 3, 1, NULL),
	(486, NULL, NULL, 58, 1, '2019-06-09 12:35:09', '2019-06-09 12:35:09', 1, 1, 0, 3, 1, NULL),
	(487, NULL, NULL, 60, 1, '2019-06-09 12:35:09', '2019-06-09 12:35:09', 1, 1, 0, 3, 1, NULL),
	(488, NULL, NULL, 60, 1, '2019-06-09 12:35:09', '2019-06-09 12:35:09', 1, 1, 0, 3, 1, NULL),
	(489, NULL, NULL, 60, 1, '2019-06-09 12:35:09', '2019-06-09 12:35:09', 1, 1, 0, 3, 1, NULL),
	(490, NULL, NULL, 58, 1, '2019-06-09 12:35:09', '2019-06-09 12:35:09', 1, 1, 0, 3, 1, NULL),
	(491, NULL, NULL, 60, 1, '2019-06-09 12:35:09', '2019-06-09 12:35:09', 1, 1, 0, 3, 1, NULL),
	(492, NULL, NULL, 60, 1, '2019-06-09 12:35:09', '2019-06-09 12:35:09', 1, 1, 0, 3, 1, NULL),
	(493, NULL, NULL, 60, 1, '2019-06-09 12:35:09', '2019-06-09 12:35:09', 1, 1, 0, 3, 1, NULL),
	(494, NULL, NULL, 60, 1, '2019-06-09 12:35:09', '2019-06-09 12:35:09', 1, 1, 0, 3, 1, NULL),
	(495, NULL, NULL, 60, 1, '2019-06-09 12:35:09', '2019-06-09 12:35:09', 1, 1, 0, 3, 1, NULL),
	(496, NULL, NULL, 58, 1, '2019-06-09 12:35:09', '2019-06-09 12:35:09', 1, 1, 0, 3, 1, NULL),
	(497, NULL, NULL, 60, 1, '2019-06-09 12:35:09', '2019-06-09 12:35:09', 1, 1, 0, 3, 1, NULL),
	(498, NULL, NULL, 58, 1, '2019-06-09 12:35:09', '2019-06-09 12:35:09', 1, 1, 0, 3, 1, NULL),
	(499, NULL, NULL, 58, 1, '2019-06-09 12:35:09', '2019-06-09 12:35:09', 1, 1, 0, 3, 1, NULL),
	(500, NULL, NULL, 60, 1, '2019-06-09 12:35:09', '2019-06-09 12:35:09', 1, 1, 0, 3, 1, NULL),
	(501, NULL, NULL, 60, 1, '2019-06-09 12:35:14', '2019-06-09 12:35:14', 1, 1, 0, 3, 1, NULL),
	(502, NULL, NULL, 60, 1, '2019-06-09 12:35:14', '2019-06-09 12:35:14', 1, 1, 0, 3, 1, NULL),
	(503, NULL, NULL, 65, 1, '2019-06-09 12:35:14', '2019-06-09 12:35:14', 1, 1, 0, 3, 1, NULL),
	(504, NULL, NULL, 65, 1, '2019-06-09 12:35:14', '2019-06-09 12:35:14', 1, 1, 0, 3, 1, NULL),
	(505, NULL, NULL, 60, 1, '2019-06-09 12:35:14', '2019-06-09 12:35:14', 1, 1, 0, 3, 1, NULL),
	(506, NULL, NULL, 60, 1, '2019-06-09 12:35:14', '2019-06-09 12:35:14', 1, 1, 0, 3, 1, NULL),
	(507, NULL, NULL, 60, 1, '2019-06-09 12:35:14', '2019-06-09 12:35:14', 1, 1, 0, 3, 1, NULL),
	(508, NULL, NULL, 60, 1, '2019-06-09 12:35:14', '2019-06-09 12:35:14', 1, 1, 0, 4, 1, NULL),
	(509, NULL, NULL, 60, 1, '2019-06-09 12:35:14', '2019-06-09 12:35:14', 1, 1, 0, 4, 1, NULL),
	(510, NULL, NULL, 60, 1, '2019-06-09 12:35:14', '2019-06-09 12:35:14', 1, 1, 0, 4, 1, NULL),
	(511, NULL, NULL, 60, 1, '2019-06-09 12:35:14', '2019-06-09 12:35:14', 1, 1, 0, 4, 1, NULL),
	(512, NULL, NULL, 60, 1, '2019-06-09 12:35:14', '2019-06-09 12:35:14', 1, 1, 0, 4, 1, NULL),
	(513, NULL, NULL, 60, 1, '2019-06-09 12:35:14', '2019-06-09 12:35:14', 1, 1, 0, 4, 1, NULL),
	(514, NULL, NULL, 88, 1, '2019-06-09 12:35:14', '2019-06-09 12:35:14', 1, 1, 0, 4, 1, NULL),
	(515, NULL, NULL, 88, 1, '2019-06-09 12:35:14', '2019-06-09 12:35:14', 1, 1, 0, 4, 1, NULL),
	(516, NULL, NULL, 64, 1, '2019-06-09 12:35:14', '2019-06-09 12:35:14', 1, 1, 0, 4, 1, NULL),
	(517, NULL, NULL, 65, 1, '2019-06-09 12:35:14', '2019-06-09 12:35:14', 1, 1, 0, 4, 1, NULL),
	(518, NULL, NULL, 65, 1, '2019-06-09 12:35:14', '2019-06-09 12:35:14', 1, 1, 0, 4, 1, NULL),
	(519, NULL, NULL, 65, 1, '2019-06-09 12:35:14', '2019-06-09 12:35:14', 1, 1, 0, 4, 1, NULL),
	(520, NULL, NULL, 39, 1, '2019-06-09 12:35:14', '2019-06-09 12:35:14', 1, 1, 0, 4, 1, NULL),
	(521, NULL, NULL, 39, 1, '2019-06-09 12:35:14', '2019-06-09 12:35:14', 1, 1, 0, 4, 1, NULL),
	(522, NULL, NULL, 39, 1, '2019-06-09 12:35:14', '2019-06-09 12:35:14', 1, 1, 0, 4, 1, NULL),
	(523, NULL, NULL, 44, 1, '2019-06-09 12:35:14', '2019-06-09 12:35:14', 1, 1, 0, 4, 1, NULL),
	(524, NULL, NULL, 40, 1, '2019-06-09 12:35:14', '2019-06-09 12:35:14', 1, 1, 0, 4, 1, NULL),
	(525, NULL, NULL, 40, 1, '2019-06-09 12:35:14', '2019-06-09 12:35:14', 1, 1, 0, 4, 1, NULL),
	(526, NULL, NULL, 40, 1, '2019-06-09 12:35:14', '2019-06-09 12:35:14', 1, 1, 0, 4, 1, NULL),
	(527, NULL, NULL, 40, 1, '2019-06-09 12:35:14', '2019-06-09 12:35:14', 1, 1, 0, 4, 1, NULL),
	(528, NULL, NULL, 0, 1, '2019-06-09 12:35:14', '2019-06-09 12:35:14', 1, 1, 0, 5, 1, NULL),
	(529, NULL, NULL, 0, 1, '2019-06-09 12:35:14', '2019-06-09 12:35:14', 1, 1, 0, 5, 1, NULL),
	(530, NULL, NULL, 0, 1, '2019-06-09 12:35:14', '2019-06-09 12:35:14', 1, 1, 0, 5, 1, NULL),
	(531, NULL, NULL, 0, 1, '2019-06-09 12:35:14', '2019-06-09 12:35:14', 1, 1, 0, 5, 1, NULL),
	(532, NULL, NULL, 0, 1, '2019-06-09 12:35:14', '2019-06-09 12:35:14', 1, 1, 0, 5, 1, NULL),
	(533, NULL, NULL, 0, 1, '2019-06-09 12:35:14', '2019-06-09 12:35:14', 1, 1, 0, 5, 1, NULL),
	(534, NULL, NULL, 0, 1, '2019-06-09 12:35:14', '2019-06-09 12:35:14', 1, 1, 0, 5, 1, NULL),
	(535, NULL, NULL, 0, 1, '2019-06-09 12:35:14', '2019-06-09 12:35:14', 1, 1, 0, 5, 1, NULL),
	(536, NULL, NULL, 0, 1, '2019-06-09 12:35:14', '2019-06-09 12:35:14', 1, 1, 0, 5, 1, NULL),
	(537, NULL, NULL, 0, 1, '2019-06-09 12:35:14', '2019-06-09 12:35:14', 1, 1, 0, 5, 1, NULL),
	(538, NULL, NULL, 0, 1, '2019-06-09 12:35:14', '2019-06-09 12:35:14', 1, 1, 0, 5, 1, NULL),
	(539, NULL, NULL, 0, 1, '2019-06-09 12:35:14', '2019-06-09 12:35:14', 1, 1, 0, 5, 1, NULL),
	(540, NULL, NULL, 0, 1, '2019-06-09 12:35:14', '2019-06-09 12:35:14', 1, 1, 0, 5, 1, NULL),
	(541, NULL, NULL, 0, 1, '2019-06-09 12:35:14', '2019-06-09 12:35:14', 1, 1, 0, 5, 1, NULL),
	(542, NULL, NULL, 0, 1, '2019-06-09 12:35:14', '2019-06-09 12:35:14', 1, 1, 0, 5, 1, NULL),
	(543, NULL, NULL, 0, 1, '2019-06-09 12:35:14', '2019-06-09 12:35:14', 1, 1, 0, 6, 1, NULL),
	(544, NULL, NULL, 0, 1, '2019-06-09 12:35:14', '2019-06-09 12:35:14', 1, 1, 0, 7, 1, NULL),
	(545, NULL, NULL, 0, 1, '2019-06-09 12:35:14', '2019-06-09 12:35:14', 1, 1, 0, 7, 1, NULL),
	(546, NULL, NULL, 0, 1, '2019-06-09 12:35:14', '2019-06-09 12:35:14', 1, 1, 0, 8, 1, NULL),
	(547, NULL, NULL, 0, 1, '2019-06-09 12:35:14', '2019-06-09 12:35:14', 1, 1, 0, 8, 1, NULL),
	(548, NULL, NULL, 0, 1, '2019-06-09 12:35:14', '2019-06-09 12:35:14', 1, 1, 0, 8, 1, NULL),
	(549, NULL, NULL, 0, 1, '2019-06-09 12:35:14', '2019-06-09 12:35:14', 1, 1, 0, 8, 1, NULL),
	(550, NULL, NULL, 0, 1, '2019-06-09 12:35:14', '2019-06-09 12:35:14', 1, 1, 0, 8, 1, NULL),
	(551, NULL, NULL, 0, 1, '2019-06-09 12:35:14', '2019-06-09 12:35:14', 1, 1, 0, 8, 1, NULL),
	(552, NULL, NULL, 0, 1, '2019-06-09 12:35:14', '2019-06-09 12:35:14', 1, 1, 0, 8, 1, NULL),
	(553, NULL, NULL, 0, 1, '2019-06-09 12:35:14', '2019-06-09 12:35:14', 1, 1, 0, 8, 1, NULL),
	(554, NULL, NULL, 0, 1, '2019-06-09 12:35:14', '2019-06-09 12:35:14', 1, 1, 0, 8, 1, NULL),
	(555, NULL, NULL, 0, 1, '2019-06-09 12:35:14', '2019-06-09 12:35:14', 1, 1, 0, 8, 1, NULL),
	(556, NULL, NULL, 0, 1, '2019-06-09 12:35:14', '2019-06-09 12:35:14', 1, 1, 0, 8, 1, NULL),
	(557, NULL, NULL, 0, 1, '2019-06-09 12:35:14', '2019-06-09 12:35:14', 1, 1, 0, 9, 1, NULL),
	(558, NULL, NULL, 0, 1, '2019-06-09 12:35:14', '2019-06-09 12:35:14', 1, 1, 0, 9, 1, NULL),
	(559, NULL, NULL, 0, 1, '2019-06-09 12:35:14', '2019-06-09 12:35:14', 1, 1, 0, 9, 1, NULL),
	(560, NULL, NULL, 0, 1, '2019-06-09 12:35:14', '2019-06-09 12:35:14', 1, 1, 0, 9, 1, NULL);
/*!40000 ALTER TABLE `app_warehouse_items` ENABLE KEYS */;

DROP TABLE IF EXISTS `app_warehouse_movements`;
CREATE TABLE IF NOT EXISTS `app_warehouse_movements` (
  `id` int(11) NOT NULL AUTO_INCREMENT,
  `app_warehouse_items_id` int(11) NOT NULL,
  `descri` varchar(255) DEFAULT NULL,
  `quantity` int(11) NOT NULL,
  `datereg` timestamp NOT NULL DEFAULT CURRENT_TIMESTAMP,
  `lastupdate` timestamp NOT NULL DEFAULT CURRENT_TIMESTAMP,
  `userreg` int(11) NOT NULL,
  `userupdate` int(11) NOT NULL,
  `app_warehouse_causals_id` int(11) NOT NULL,
  `app_warehouses_id` int(11) NOT NULL,
  `notes` varchar(255) DEFAULT NULL,
  PRIMARY KEY (`id`),
  KEY `fk_app_warehouse_movements_warehouse_causal` (`app_warehouse_causals_id`),
  KEY `fk_app_warehouse_movements_userreg` (`userreg`),
  KEY `fk_app_warehouse_movements_userupdate` (`userupdate`),
  KEY `fk_app_warehouse_movements_warehouse` (`app_warehouses_id`),
  KEY `fk_app_warehouse_movements_item` (`app_warehouse_items_id`),
  CONSTRAINT `fk_app_warehouse_movements_item` FOREIGN KEY (`app_warehouse_items_id`) REFERENCES `app_warehouse_items` (`id`) ON DELETE NO ACTION ON UPDATE NO ACTION,
  CONSTRAINT `fk_app_warehouse_movements_userreg` FOREIGN KEY (`userreg`) REFERENCES `app_users` (`id`) ON DELETE NO ACTION ON UPDATE NO ACTION,
  CONSTRAINT `fk_app_warehouse_movements_userupdate` FOREIGN KEY (`userupdate`) REFERENCES `app_users` (`id`) ON DELETE NO ACTION ON UPDATE NO ACTION,
  CONSTRAINT `fk_app_warehouse_movements_warehouse` FOREIGN KEY (`app_warehouses_id`) REFERENCES `app_warehouses` (`id`) ON DELETE NO ACTION ON UPDATE NO ACTION,
  CONSTRAINT `fk_app_warehouse_movements_warehouse_causal` FOREIGN KEY (`app_warehouse_causals_id`) REFERENCES `app_warehouse_causals` (`id`) ON DELETE NO ACTION ON UPDATE NO ACTION
) ENGINE=InnoDB AUTO_INCREMENT=1621 DEFAULT CHARSET=latin1;

DELETE FROM `app_warehouse_movements`;
/*!40000 ALTER TABLE `app_warehouse_movements` DISABLE KEYS */;
INSERT INTO `app_warehouse_movements` (`id`, `app_warehouse_items_id`, `descri`, `quantity`, `datereg`, `lastupdate`, `userreg`, `userupdate`, `app_warehouse_causals_id`, `app_warehouses_id`, `notes`) VALUES
	(1061, 1, NULL, 210, '2019-06-09 12:35:57', '2019-06-09 12:35:57', 1, 1, 7, 1, NULL),
	(1062, 2, NULL, 3, '2019-06-09 12:35:57', '2019-06-09 12:35:57', 1, 1, 7, 1, NULL),
	(1063, 3, NULL, 3, '2019-06-09 12:35:57', '2019-06-09 12:35:57', 1, 1, 7, 1, NULL),
	(1064, 4, NULL, 7, '2019-06-09 12:35:57', '2019-06-09 12:35:57', 1, 1, 7, 1, NULL),
	(1065, 5, NULL, 3, '2019-06-09 12:35:57', '2019-06-09 12:35:57', 1, 1, 7, 1, NULL),
	(1066, 6, NULL, 2, '2019-06-09 12:35:57', '2019-06-09 12:35:57', 1, 1, 7, 1, NULL),
	(1067, 7, NULL, 3, '2019-06-09 12:35:57', '2019-06-09 12:35:57', 1, 1, 7, 1, NULL),
	(1068, 8, NULL, 3, '2019-06-09 12:35:57', '2019-06-09 12:35:57', 1, 1, 7, 1, NULL),
	(1069, 9, NULL, 5, '2019-06-09 12:35:57', '2019-06-09 12:35:57', 1, 1, 7, 1, NULL),
	(1070, 10, NULL, 5, '2019-06-09 12:35:57', '2019-06-09 12:35:57', 1, 1, 7, 1, NULL),
	(1071, 11, NULL, 2, '2019-06-09 12:35:57', '2019-06-09 12:35:57', 1, 1, 7, 1, NULL),
	(1072, 12, NULL, 2, '2019-06-09 12:35:57', '2019-06-09 12:35:57', 1, 1, 7, 1, NULL),
	(1073, 13, NULL, 3, '2019-06-09 12:35:57', '2019-06-09 12:35:57', 1, 1, 7, 1, NULL),
	(1074, 14, NULL, 3, '2019-06-09 12:35:57', '2019-06-09 12:35:57', 1, 1, 7, 1, NULL),
	(1075, 15, NULL, 4, '2019-06-09 12:35:57', '2019-06-09 12:35:57', 1, 1, 7, 1, NULL),
	(1076, 16, NULL, 1, '2019-06-09 12:35:57', '2019-06-09 12:35:57', 1, 1, 7, 1, NULL),
	(1077, 17, NULL, 2, '2019-06-09 12:35:57', '2019-06-09 12:35:57', 1, 1, 7, 1, NULL),
	(1078, 18, NULL, 0, '2019-06-09 12:35:57', '2019-06-09 12:35:57', 1, 1, 7, 1, NULL),
	(1079, 19, NULL, 0, '2019-06-09 12:35:57', '2019-06-09 12:35:57', 1, 1, 7, 1, NULL),
	(1080, 20, NULL, 0, '2019-06-09 12:35:57', '2019-06-09 12:35:57', 1, 1, 7, 1, NULL),
	(1081, 21, NULL, 1, '2019-06-09 12:35:57', '2019-06-09 12:35:57', 1, 1, 7, 1, NULL),
	(1082, 22, NULL, 0, '2019-06-09 12:35:57', '2019-06-09 12:35:57', 1, 1, 7, 1, NULL),
	(1083, 23, NULL, 3, '2019-06-09 12:35:57', '2019-06-09 12:35:57', 1, 1, 7, 1, NULL),
	(1084, 24, NULL, 8, '2019-06-09 12:35:57', '2019-06-09 12:35:57', 1, 1, 7, 1, NULL),
	(1085, 25, NULL, 5, '2019-06-09 12:35:57', '2019-06-09 12:35:57', 1, 1, 7, 1, NULL),
	(1086, 26, NULL, 4, '2019-06-09 12:35:57', '2019-06-09 12:35:57', 1, 1, 7, 1, NULL),
	(1087, 27, NULL, 0, '2019-06-09 12:35:57', '2019-06-09 12:35:57', 1, 1, 7, 1, NULL),
	(1088, 28, NULL, 2, '2019-06-09 12:35:57', '2019-06-09 12:35:57', 1, 1, 7, 1, NULL),
	(1089, 29, NULL, 2, '2019-06-09 12:35:57', '2019-06-09 12:35:57', 1, 1, 7, 1, NULL),
	(1090, 30, NULL, 4, '2019-06-09 12:35:57', '2019-06-09 12:35:57', 1, 1, 7, 1, NULL),
	(1091, 31, NULL, 1, '2019-06-09 12:35:57', '2019-06-09 12:35:57', 1, 1, 7, 1, NULL),
	(1092, 32, NULL, 3, '2019-06-09 12:35:57', '2019-06-09 12:35:57', 1, 1, 7, 1, NULL),
	(1093, 33, NULL, 2, '2019-06-09 12:35:57', '2019-06-09 12:35:57', 1, 1, 7, 1, NULL),
	(1094, 34, NULL, 3, '2019-06-09 12:35:57', '2019-06-09 12:35:57', 1, 1, 7, 1, NULL),
	(1095, 35, NULL, 2, '2019-06-09 12:35:57', '2019-06-09 12:35:57', 1, 1, 7, 1, NULL),
	(1096, 36, NULL, 2, '2019-06-09 12:35:57', '2019-06-09 12:35:57', 1, 1, 7, 1, NULL),
	(1097, 37, NULL, 0, '2019-06-09 12:35:57', '2019-06-09 12:35:57', 1, 1, 7, 1, NULL),
	(1098, 38, NULL, 3, '2019-06-09 12:35:57', '2019-06-09 12:35:57', 1, 1, 7, 1, NULL),
	(1099, 39, NULL, 0, '2019-06-09 12:35:57', '2019-06-09 12:35:57', 1, 1, 7, 1, NULL),
	(1100, 40, NULL, 0, '2019-06-09 12:35:57', '2019-06-09 12:35:57', 1, 1, 7, 1, NULL),
	(1101, 41, NULL, 0, '2019-06-09 12:35:57', '2019-06-09 12:35:57', 1, 1, 7, 1, NULL),
	(1102, 42, NULL, 0, '2019-06-09 12:35:57', '2019-06-09 12:35:57', 1, 1, 7, 1, NULL),
	(1103, 43, NULL, 0, '2019-06-09 12:35:57', '2019-06-09 12:35:57', 1, 1, 7, 1, NULL),
	(1104, 44, NULL, 0, '2019-06-09 12:35:57', '2019-06-09 12:35:57', 1, 1, 7, 1, NULL),
	(1105, 45, NULL, 0, '2019-06-09 12:35:57', '2019-06-09 12:35:57', 1, 1, 7, 1, NULL),
	(1106, 46, NULL, 0, '2019-06-09 12:35:57', '2019-06-09 12:35:57', 1, 1, 7, 1, NULL),
	(1107, 47, NULL, 0, '2019-06-09 12:35:57', '2019-06-09 12:35:57', 1, 1, 7, 1, NULL),
	(1108, 48, NULL, 0, '2019-06-09 12:35:57', '2019-06-09 12:35:57', 1, 1, 7, 1, NULL),
	(1109, 49, NULL, 4, '2019-06-09 12:35:57', '2019-06-09 12:35:57', 1, 1, 7, 1, NULL),
	(1110, 50, NULL, 6, '2019-06-09 12:35:57', '2019-06-09 12:35:57', 1, 1, 7, 1, NULL),
	(1111, 51, NULL, 1, '2019-06-09 12:35:57', '2019-06-09 12:35:57', 1, 1, 7, 1, NULL),
	(1112, 52, NULL, 1, '2019-06-09 12:35:57', '2019-06-09 12:35:57', 1, 1, 7, 1, NULL),
	(1113, 53, NULL, 1, '2019-06-09 12:35:57', '2019-06-09 12:35:57', 1, 1, 7, 1, NULL),
	(1114, 54, NULL, 1, '2019-06-09 12:35:57', '2019-06-09 12:35:57', 1, 1, 7, 1, NULL),
	(1115, 55, NULL, 2, '2019-06-09 12:35:57', '2019-06-09 12:35:57', 1, 1, 7, 1, NULL),
	(1116, 56, NULL, 1, '2019-06-09 12:35:57', '2019-06-09 12:35:57', 1, 1, 7, 1, NULL),
	(1117, 57, NULL, 3, '2019-06-09 12:35:57', '2019-06-09 12:35:57', 1, 1, 7, 1, NULL),
	(1118, 58, NULL, 0, '2019-06-09 12:35:57', '2019-06-09 12:35:57', 1, 1, 7, 1, NULL),
	(1119, 59, NULL, 0, '2019-06-09 12:35:57', '2019-06-09 12:35:57', 1, 1, 7, 1, NULL),
	(1120, 60, NULL, 4, '2019-06-09 12:35:57', '2019-06-09 12:35:57', 1, 1, 7, 1, NULL),
	(1121, 61, NULL, 3, '2019-06-09 12:35:57', '2019-06-09 12:35:57', 1, 1, 7, 1, NULL),
	(1122, 62, NULL, 2, '2019-06-09 12:35:57', '2019-06-09 12:35:57', 1, 1, 7, 1, NULL),
	(1123, 63, NULL, 0, '2019-06-09 12:35:57', '2019-06-09 12:35:57', 1, 1, 7, 1, NULL),
	(1124, 64, NULL, 0, '2019-06-09 12:35:57', '2019-06-09 12:35:57', 1, 1, 7, 1, NULL),
	(1125, 65, NULL, 0, '2019-06-09 12:35:57', '2019-06-09 12:35:57', 1, 1, 7, 1, NULL),
	(1126, 66, NULL, 0, '2019-06-09 12:35:57', '2019-06-09 12:35:57', 1, 1, 7, 1, NULL),
	(1127, 67, NULL, 0, '2019-06-09 12:35:57', '2019-06-09 12:35:57', 1, 1, 7, 1, NULL),
	(1128, 68, NULL, 0, '2019-06-09 12:35:57', '2019-06-09 12:35:57', 1, 1, 7, 1, NULL),
	(1129, 69, NULL, 0, '2019-06-09 12:35:57', '2019-06-09 12:35:57', 1, 1, 7, 1, NULL),
	(1130, 70, NULL, 0, '2019-06-09 12:35:57', '2019-06-09 12:35:57', 1, 1, 7, 1, NULL),
	(1131, 71, NULL, 0, '2019-06-09 12:35:57', '2019-06-09 12:35:57', 1, 1, 7, 1, NULL),
	(1132, 72, NULL, 0, '2019-06-09 12:35:57', '2019-06-09 12:35:57', 1, 1, 7, 1, NULL),
	(1133, 73, NULL, 0, '2019-06-09 12:35:57', '2019-06-09 12:35:57', 1, 1, 7, 1, NULL),
	(1134, 74, NULL, 0, '2019-06-09 12:35:57', '2019-06-09 12:35:57', 1, 1, 7, 1, NULL),
	(1135, 75, NULL, 0, '2019-06-09 12:35:57', '2019-06-09 12:35:57', 1, 1, 7, 1, NULL),
	(1136, 76, NULL, 1, '2019-06-09 12:35:57', '2019-06-09 12:35:57', 1, 1, 7, 1, NULL),
	(1137, 77, NULL, 2, '2019-06-09 12:35:57', '2019-06-09 12:35:57', 1, 1, 7, 1, NULL),
	(1138, 78, NULL, 1, '2019-06-09 12:35:57', '2019-06-09 12:35:57', 1, 1, 7, 1, NULL),
	(1139, 79, NULL, 1, '2019-06-09 12:35:57', '2019-06-09 12:35:57', 1, 1, 7, 1, NULL),
	(1140, 80, NULL, 0, '2019-06-09 12:35:57', '2019-06-09 12:35:57', 1, 1, 7, 1, NULL),
	(1141, 81, NULL, 0, '2019-06-09 12:35:57', '2019-06-09 12:35:57', 1, 1, 7, 1, NULL),
	(1142, 82, NULL, 2, '2019-06-09 12:35:57', '2019-06-09 12:35:57', 1, 1, 7, 1, NULL),
	(1143, 83, NULL, 0, '2019-06-09 12:35:57', '2019-06-09 12:35:57', 1, 1, 7, 1, NULL),
	(1144, 84, NULL, 0, '2019-06-09 12:35:57', '2019-06-09 12:35:57', 1, 1, 7, 1, NULL),
	(1145, 85, NULL, 0, '2019-06-09 12:35:57', '2019-06-09 12:35:57', 1, 1, 7, 1, NULL),
	(1146, 86, NULL, 0, '2019-06-09 12:35:57', '2019-06-09 12:35:57', 1, 1, 7, 1, NULL),
	(1147, 87, NULL, 1, '2019-06-09 12:35:57', '2019-06-09 12:35:57', 1, 1, 7, 1, NULL),
	(1148, 88, NULL, 0, '2019-06-09 12:35:57', '2019-06-09 12:35:57', 1, 1, 7, 1, NULL),
	(1149, 89, NULL, 0, '2019-06-09 12:35:57', '2019-06-09 12:35:57', 1, 1, 7, 1, NULL),
	(1150, 90, NULL, 1, '2019-06-09 12:35:57', '2019-06-09 12:35:57', 1, 1, 7, 1, NULL),
	(1151, 91, NULL, 5, '2019-06-09 12:35:57', '2019-06-09 12:35:57', 1, 1, 7, 1, NULL),
	(1152, 92, NULL, 5, '2019-06-09 12:35:57', '2019-06-09 12:35:57', 1, 1, 7, 1, NULL),
	(1153, 93, NULL, 6, '2019-06-09 12:35:57', '2019-06-09 12:35:57', 1, 1, 7, 1, NULL),
	(1154, 94, NULL, 0, '2019-06-09 12:35:57', '2019-06-09 12:35:57', 1, 1, 7, 1, NULL),
	(1155, 95, NULL, 0, '2019-06-09 12:35:57', '2019-06-09 12:35:57', 1, 1, 7, 1, NULL),
	(1156, 96, NULL, 1, '2019-06-09 12:35:57', '2019-06-09 12:35:57', 1, 1, 7, 1, NULL),
	(1157, 97, NULL, 5, '2019-06-09 12:35:57', '2019-06-09 12:35:57', 1, 1, 7, 1, NULL),
	(1158, 98, NULL, 2, '2019-06-09 12:35:57', '2019-06-09 12:35:57', 1, 1, 7, 1, NULL),
	(1159, 99, NULL, 0, '2019-06-09 12:35:57', '2019-06-09 12:35:57', 1, 1, 7, 1, NULL),
	(1160, 100, NULL, 1, '2019-06-09 12:35:57', '2019-06-09 12:35:57', 1, 1, 7, 1, NULL),
	(1161, 101, NULL, 3, '2019-06-09 12:35:57', '2019-06-09 12:35:57', 1, 1, 7, 1, NULL),
	(1162, 102, NULL, 2, '2019-06-09 12:35:57', '2019-06-09 12:35:57', 1, 1, 7, 1, NULL),
	(1163, 103, NULL, 2, '2019-06-09 12:35:57', '2019-06-09 12:35:57', 1, 1, 7, 1, NULL),
	(1164, 104, NULL, 0, '2019-06-09 12:35:57', '2019-06-09 12:35:57', 1, 1, 7, 1, NULL),
	(1165, 105, NULL, 0, '2019-06-09 12:35:57', '2019-06-09 12:35:57', 1, 1, 7, 1, NULL),
	(1166, 106, NULL, 2, '2019-06-09 12:35:57', '2019-06-09 12:35:57', 1, 1, 7, 1, NULL),
	(1167, 107, NULL, 1, '2019-06-09 12:35:57', '2019-06-09 12:35:57', 1, 1, 7, 1, NULL),
	(1168, 108, NULL, 0, '2019-06-09 12:35:57', '2019-06-09 12:35:57', 1, 1, 7, 1, NULL),
	(1169, 109, NULL, 0, '2019-06-09 12:35:57', '2019-06-09 12:35:57', 1, 1, 7, 1, NULL),
	(1170, 110, NULL, 2, '2019-06-09 12:35:57', '2019-06-09 12:35:57', 1, 1, 7, 1, NULL),
	(1171, 111, NULL, 3, '2019-06-09 12:35:57', '2019-06-09 12:35:57', 1, 1, 7, 1, NULL),
	(1172, 112, NULL, 2, '2019-06-09 12:35:57', '2019-06-09 12:35:57', 1, 1, 7, 1, NULL),
	(1173, 113, NULL, 1, '2019-06-09 12:35:57', '2019-06-09 12:35:57', 1, 1, 7, 1, NULL),
	(1174, 114, NULL, 0, '2019-06-09 12:35:57', '2019-06-09 12:35:57', 1, 1, 7, 1, NULL),
	(1175, 115, NULL, 0, '2019-06-09 12:35:57', '2019-06-09 12:35:57', 1, 1, 7, 1, NULL),
	(1176, 116, NULL, 1, '2019-06-09 12:35:57', '2019-06-09 12:35:57', 1, 1, 7, 1, NULL),
	(1177, 117, NULL, 0, '2019-06-09 12:35:57', '2019-06-09 12:35:57', 1, 1, 7, 1, NULL),
	(1178, 118, NULL, 0, '2019-06-09 12:35:57', '2019-06-09 12:35:57', 1, 1, 7, 1, NULL),
	(1179, 119, NULL, 1, '2019-06-09 12:35:57', '2019-06-09 12:35:57', 1, 1, 7, 1, NULL),
	(1180, 120, NULL, 3, '2019-06-09 12:35:57', '2019-06-09 12:35:57', 1, 1, 7, 1, NULL),
	(1181, 121, NULL, 2, '2019-06-09 12:35:57', '2019-06-09 12:35:57', 1, 1, 7, 1, NULL),
	(1182, 122, NULL, 4, '2019-06-09 12:35:57', '2019-06-09 12:35:57', 1, 1, 7, 1, NULL),
	(1183, 123, NULL, 6, '2019-06-09 12:35:57', '2019-06-09 12:35:57', 1, 1, 7, 1, NULL),
	(1184, 124, NULL, 0, '2019-06-09 12:35:57', '2019-06-09 12:35:57', 1, 1, 7, 1, NULL),
	(1185, 125, NULL, 1, '2019-06-09 12:35:57', '2019-06-09 12:35:57', 1, 1, 7, 1, NULL),
	(1186, 126, NULL, 1, '2019-06-09 12:35:57', '2019-06-09 12:35:57', 1, 1, 7, 1, NULL),
	(1187, 127, NULL, 0, '2019-06-09 12:35:57', '2019-06-09 12:35:57', 1, 1, 7, 1, NULL),
	(1188, 128, NULL, 0, '2019-06-09 12:35:57', '2019-06-09 12:35:57', 1, 1, 7, 1, NULL),
	(1189, 129, NULL, 0, '2019-06-09 12:35:57', '2019-06-09 12:35:57', 1, 1, 7, 1, NULL),
	(1190, 130, NULL, 0, '2019-06-09 12:35:57', '2019-06-09 12:35:57', 1, 1, 7, 1, NULL),
	(1191, 131, NULL, 0, '2019-06-09 12:35:57', '2019-06-09 12:35:57', 1, 1, 7, 1, NULL),
	(1192, 132, NULL, 0, '2019-06-09 12:35:57', '2019-06-09 12:35:57', 1, 1, 7, 1, NULL),
	(1193, 133, NULL, 0, '2019-06-09 12:35:57', '2019-06-09 12:35:57', 1, 1, 7, 1, NULL),
	(1194, 134, NULL, 0, '2019-06-09 12:35:57', '2019-06-09 12:35:57', 1, 1, 7, 1, NULL),
	(1195, 135, NULL, 3, '2019-06-09 12:35:57', '2019-06-09 12:35:57', 1, 1, 7, 1, NULL),
	(1196, 136, NULL, 5, '2019-06-09 12:35:57', '2019-06-09 12:35:57', 1, 1, 7, 1, NULL),
	(1197, 137, NULL, 8, '2019-06-09 12:35:57', '2019-06-09 12:35:57', 1, 1, 7, 1, NULL),
	(1198, 138, NULL, 5, '2019-06-09 12:35:57', '2019-06-09 12:35:57', 1, 1, 7, 1, NULL),
	(1199, 139, NULL, 3, '2019-06-09 12:35:57', '2019-06-09 12:35:57', 1, 1, 7, 1, NULL),
	(1200, 140, NULL, 2, '2019-06-09 12:35:57', '2019-06-09 12:35:57', 1, 1, 7, 1, NULL),
	(1201, 141, NULL, 2, '2019-06-09 12:35:57', '2019-06-09 12:35:57', 1, 1, 7, 1, NULL),
	(1202, 142, NULL, 1, '2019-06-09 12:35:57', '2019-06-09 12:35:57', 1, 1, 7, 1, NULL),
	(1203, 143, NULL, 1, '2019-06-09 12:35:57', '2019-06-09 12:35:57', 1, 1, 7, 1, NULL),
	(1204, 144, NULL, 2, '2019-06-09 12:35:57', '2019-06-09 12:35:57', 1, 1, 7, 1, NULL),
	(1205, 145, NULL, 2, '2019-06-09 12:35:57', '2019-06-09 12:35:57', 1, 1, 7, 1, NULL),
	(1206, 146, NULL, 1, '2019-06-09 12:35:57', '2019-06-09 12:35:57', 1, 1, 7, 1, NULL),
	(1207, 147, NULL, 7, '2019-06-09 12:35:57', '2019-06-09 12:35:57', 1, 1, 7, 1, NULL),
	(1208, 148, NULL, 0, '2019-06-09 12:35:57', '2019-06-09 12:35:57', 1, 1, 7, 1, NULL),
	(1209, 149, NULL, 2, '2019-06-09 12:35:57', '2019-06-09 12:35:57', 1, 1, 7, 1, NULL),
	(1210, 150, NULL, 0, '2019-06-09 12:35:57', '2019-06-09 12:35:57', 1, 1, 7, 1, NULL),
	(1211, 151, NULL, 0, '2019-06-09 12:35:57', '2019-06-09 12:35:57', 1, 1, 7, 1, NULL),
	(1212, 152, NULL, 1, '2019-06-09 12:35:57', '2019-06-09 12:35:57', 1, 1, 7, 1, NULL),
	(1213, 153, NULL, 1, '2019-06-09 12:35:57', '2019-06-09 12:35:57', 1, 1, 7, 1, NULL),
	(1214, 154, NULL, 3, '2019-06-09 12:35:57', '2019-06-09 12:35:57', 1, 1, 7, 1, NULL),
	(1215, 155, NULL, 2, '2019-06-09 12:35:57', '2019-06-09 12:35:57', 1, 1, 7, 1, NULL),
	(1216, 156, NULL, 0, '2019-06-09 12:35:57', '2019-06-09 12:35:57', 1, 1, 7, 1, NULL),
	(1217, 157, NULL, 1, '2019-06-09 12:35:57', '2019-06-09 12:35:57', 1, 1, 7, 1, NULL),
	(1218, 158, NULL, 1, '2019-06-09 12:35:57', '2019-06-09 12:35:57', 1, 1, 7, 1, NULL),
	(1219, 159, NULL, 1, '2019-06-09 12:35:57', '2019-06-09 12:35:57', 1, 1, 7, 1, NULL),
	(1220, 160, NULL, 0, '2019-06-09 12:35:57', '2019-06-09 12:35:57', 1, 1, 7, 1, NULL),
	(1221, 161, NULL, 0, '2019-06-09 12:35:57', '2019-06-09 12:35:57', 1, 1, 7, 1, NULL),
	(1222, 162, NULL, 0, '2019-06-09 12:35:57', '2019-06-09 12:35:57', 1, 1, 7, 1, NULL),
	(1223, 163, NULL, 2, '2019-06-09 12:35:57', '2019-06-09 12:35:57', 1, 1, 7, 1, NULL),
	(1224, 164, NULL, 1, '2019-06-09 12:35:57', '2019-06-09 12:35:57', 1, 1, 7, 1, NULL),
	(1225, 165, NULL, 1, '2019-06-09 12:35:57', '2019-06-09 12:35:57', 1, 1, 7, 1, NULL),
	(1226, 166, NULL, 1, '2019-06-09 12:35:57', '2019-06-09 12:35:57', 1, 1, 7, 1, NULL),
	(1227, 167, NULL, 0, '2019-06-09 12:35:57', '2019-06-09 12:35:57', 1, 1, 7, 1, NULL),
	(1228, 168, NULL, 1, '2019-06-09 12:35:57', '2019-06-09 12:35:57', 1, 1, 7, 1, NULL),
	(1229, 169, NULL, 1, '2019-06-09 12:35:57', '2019-06-09 12:35:57', 1, 1, 7, 1, NULL),
	(1230, 170, NULL, 0, '2019-06-09 12:35:57', '2019-06-09 12:35:57', 1, 1, 7, 1, NULL),
	(1231, 171, NULL, 0, '2019-06-09 12:35:57', '2019-06-09 12:35:57', 1, 1, 7, 1, NULL),
	(1232, 172, NULL, 1, '2019-06-09 12:35:57', '2019-06-09 12:35:57', 1, 1, 7, 1, NULL),
	(1233, 173, NULL, 1, '2019-06-09 12:35:57', '2019-06-09 12:35:57', 1, 1, 7, 1, NULL),
	(1234, 174, NULL, 3, '2019-06-09 12:35:57', '2019-06-09 12:35:57', 1, 1, 7, 1, NULL),
	(1235, 175, NULL, 2, '2019-06-09 12:35:57', '2019-06-09 12:35:57', 1, 1, 7, 1, NULL),
	(1236, 176, NULL, 0, '2019-06-09 12:35:57', '2019-06-09 12:35:57', 1, 1, 7, 1, NULL),
	(1237, 177, NULL, 4, '2019-06-09 12:35:57', '2019-06-09 12:35:57', 1, 1, 7, 1, NULL),
	(1238, 178, NULL, 6, '2019-06-09 12:35:57', '2019-06-09 12:35:57', 1, 1, 7, 1, NULL),
	(1239, 179, NULL, 1, '2019-06-09 12:35:57', '2019-06-09 12:35:57', 1, 1, 7, 1, NULL),
	(1240, 180, NULL, 0, '2019-06-09 12:35:57', '2019-06-09 12:35:57', 1, 1, 7, 1, NULL),
	(1241, 181, NULL, 1, '2019-06-09 12:35:57', '2019-06-09 12:35:57', 1, 1, 7, 1, NULL),
	(1242, 182, NULL, 0, '2019-06-09 12:35:57', '2019-06-09 12:35:57', 1, 1, 7, 1, NULL),
	(1243, 183, NULL, 1, '2019-06-09 12:35:57', '2019-06-09 12:35:57', 1, 1, 7, 1, NULL),
	(1244, 184, NULL, 0, '2019-06-09 12:35:57', '2019-06-09 12:35:57', 1, 1, 7, 1, NULL),
	(1245, 185, NULL, 3, '2019-06-09 12:35:57', '2019-06-09 12:35:57', 1, 1, 7, 1, NULL),
	(1246, 186, NULL, 3, '2019-06-09 12:35:57', '2019-06-09 12:35:57', 1, 1, 7, 1, NULL),
	(1247, 187, NULL, 0, '2019-06-09 12:35:57', '2019-06-09 12:35:57', 1, 1, 7, 1, NULL),
	(1248, 188, NULL, 0, '2019-06-09 12:35:57', '2019-06-09 12:35:57', 1, 1, 7, 1, NULL),
	(1249, 189, NULL, 0, '2019-06-09 12:35:57', '2019-06-09 12:35:57', 1, 1, 7, 1, NULL),
	(1250, 190, NULL, 0, '2019-06-09 12:35:57', '2019-06-09 12:35:57', 1, 1, 7, 1, NULL),
	(1251, 191, NULL, 0, '2019-06-09 12:35:57', '2019-06-09 12:35:57', 1, 1, 7, 1, NULL),
	(1252, 192, NULL, 0, '2019-06-09 12:35:57', '2019-06-09 12:35:57', 1, 1, 7, 1, NULL),
	(1253, 193, NULL, 2, '2019-06-09 12:35:57', '2019-06-09 12:35:57', 1, 1, 7, 1, NULL),
	(1254, 194, NULL, 4, '2019-06-09 12:35:57', '2019-06-09 12:35:57', 1, 1, 7, 1, NULL),
	(1255, 195, NULL, 3, '2019-06-09 12:35:57', '2019-06-09 12:35:57', 1, 1, 7, 1, NULL),
	(1256, 196, NULL, 1, '2019-06-09 12:35:57', '2019-06-09 12:35:57', 1, 1, 7, 1, NULL),
	(1257, 197, NULL, 0, '2019-06-09 12:35:57', '2019-06-09 12:35:57', 1, 1, 7, 1, NULL),
	(1258, 198, NULL, 1, '2019-06-09 12:35:57', '2019-06-09 12:35:57', 1, 1, 7, 1, NULL),
	(1259, 199, NULL, 1, '2019-06-09 12:35:57', '2019-06-09 12:35:57', 1, 1, 7, 1, NULL),
	(1260, 200, NULL, 0, '2019-06-09 12:35:57', '2019-06-09 12:35:57', 1, 1, 7, 1, NULL),
	(1261, 201, NULL, 3, '2019-06-09 12:35:57', '2019-06-09 12:35:57', 1, 1, 7, 1, NULL),
	(1262, 202, NULL, 0, '2019-06-09 12:35:57', '2019-06-09 12:35:57', 1, 1, 7, 1, NULL),
	(1263, 203, NULL, 1, '2019-06-09 12:35:57', '2019-06-09 12:35:57', 1, 1, 7, 1, NULL),
	(1264, 204, NULL, 0, '2019-06-09 12:35:57', '2019-06-09 12:35:57', 1, 1, 7, 1, NULL),
	(1265, 205, NULL, 0, '2019-06-09 12:35:57', '2019-06-09 12:35:57', 1, 1, 7, 1, NULL),
	(1266, 206, NULL, 3, '2019-06-09 12:35:57', '2019-06-09 12:35:57', 1, 1, 7, 1, NULL),
	(1267, 207, NULL, 4, '2019-06-09 12:35:57', '2019-06-09 12:35:57', 1, 1, 7, 1, NULL),
	(1268, 208, NULL, 0, '2019-06-09 12:35:57', '2019-06-09 12:35:57', 1, 1, 7, 1, NULL),
	(1269, 209, NULL, 4, '2019-06-09 12:35:57', '2019-06-09 12:35:57', 1, 1, 7, 1, NULL),
	(1270, 210, NULL, 1, '2019-06-09 12:35:57', '2019-06-09 12:35:57', 1, 1, 7, 1, NULL),
	(1271, 211, NULL, 1, '2019-06-09 12:35:57', '2019-06-09 12:35:57', 1, 1, 7, 1, NULL),
	(1272, 212, NULL, 1, '2019-06-09 12:35:57', '2019-06-09 12:35:57', 1, 1, 7, 1, NULL),
	(1273, 213, NULL, 1, '2019-06-09 12:35:57', '2019-06-09 12:35:57', 1, 1, 7, 1, NULL),
	(1274, 214, NULL, 1, '2019-06-09 12:35:57', '2019-06-09 12:35:57', 1, 1, 7, 1, NULL),
	(1275, 215, NULL, 0, '2019-06-09 12:35:57', '2019-06-09 12:35:57', 1, 1, 7, 1, NULL),
	(1276, 216, NULL, 2, '2019-06-09 12:35:57', '2019-06-09 12:35:57', 1, 1, 7, 1, NULL),
	(1277, 217, NULL, 3, '2019-06-09 12:35:57', '2019-06-09 12:35:57', 1, 1, 7, 1, NULL),
	(1278, 218, NULL, 0, '2019-06-09 12:35:57', '2019-06-09 12:35:57', 1, 1, 7, 1, NULL),
	(1279, 219, NULL, 7, '2019-06-09 12:35:57', '2019-06-09 12:35:57', 1, 1, 7, 1, NULL),
	(1280, 220, NULL, 7, '2019-06-09 12:35:57', '2019-06-09 12:35:57', 1, 1, 7, 1, NULL),
	(1281, 221, NULL, 5, '2019-06-09 12:35:57', '2019-06-09 12:35:57', 1, 1, 7, 1, NULL),
	(1282, 222, NULL, 0, '2019-06-09 12:35:57', '2019-06-09 12:35:57', 1, 1, 7, 1, NULL),
	(1283, 223, NULL, 3, '2019-06-09 12:35:57', '2019-06-09 12:35:57', 1, 1, 7, 1, NULL),
	(1284, 224, NULL, 1, '2019-06-09 12:35:57', '2019-06-09 12:35:57', 1, 1, 7, 1, NULL),
	(1285, 225, NULL, 4, '2019-06-09 12:35:57', '2019-06-09 12:35:57', 1, 1, 7, 1, NULL),
	(1286, 226, NULL, 5, '2019-06-09 12:35:57', '2019-06-09 12:35:57', 1, 1, 7, 1, NULL),
	(1287, 227, NULL, 3, '2019-06-09 12:35:57', '2019-06-09 12:35:57', 1, 1, 7, 1, NULL),
	(1288, 228, NULL, 0, '2019-06-09 12:35:57', '2019-06-09 12:35:57', 1, 1, 7, 1, NULL),
	(1289, 229, NULL, 0, '2019-06-09 12:35:57', '2019-06-09 12:35:57', 1, 1, 7, 1, NULL),
	(1290, 230, NULL, 1, '2019-06-09 12:35:57', '2019-06-09 12:35:57', 1, 1, 7, 1, NULL),
	(1291, 231, NULL, 2, '2019-06-09 12:35:57', '2019-06-09 12:35:57', 1, 1, 7, 1, NULL),
	(1292, 232, NULL, 4, '2019-06-09 12:35:57', '2019-06-09 12:35:57', 1, 1, 7, 1, NULL),
	(1293, 233, NULL, 2, '2019-06-09 12:35:57', '2019-06-09 12:35:57', 1, 1, 7, 1, NULL),
	(1294, 234, NULL, 3, '2019-06-09 12:35:57', '2019-06-09 12:35:57', 1, 1, 7, 1, NULL),
	(1295, 235, NULL, 1, '2019-06-09 12:35:57', '2019-06-09 12:35:57', 1, 1, 7, 1, NULL),
	(1296, 236, NULL, 0, '2019-06-09 12:35:57', '2019-06-09 12:35:57', 1, 1, 7, 1, NULL),
	(1297, 237, NULL, 1, '2019-06-09 12:35:57', '2019-06-09 12:35:57', 1, 1, 7, 1, NULL),
	(1298, 238, NULL, 2, '2019-06-09 12:35:57', '2019-06-09 12:35:57', 1, 1, 7, 1, NULL),
	(1299, 239, NULL, 2, '2019-06-09 12:35:57', '2019-06-09 12:35:57', 1, 1, 7, 1, NULL),
	(1300, 240, NULL, 0, '2019-06-09 12:35:57', '2019-06-09 12:35:57', 1, 1, 7, 1, NULL),
	(1301, 241, NULL, 1, '2019-06-09 12:35:57', '2019-06-09 12:35:57', 1, 1, 7, 1, NULL),
	(1302, 242, NULL, 1, '2019-06-09 12:35:57', '2019-06-09 12:35:57', 1, 1, 7, 1, NULL),
	(1303, 243, NULL, 1, '2019-06-09 12:35:57', '2019-06-09 12:35:57', 1, 1, 7, 1, NULL),
	(1304, 244, NULL, 3, '2019-06-09 12:35:57', '2019-06-09 12:35:57', 1, 1, 7, 1, NULL),
	(1305, 245, NULL, 1, '2019-06-09 12:35:57', '2019-06-09 12:35:57', 1, 1, 7, 1, NULL),
	(1306, 246, NULL, 7, '2019-06-09 12:35:57', '2019-06-09 12:35:57', 1, 1, 7, 1, NULL),
	(1307, 247, NULL, 9, '2019-06-09 12:35:57', '2019-06-09 12:35:57', 1, 1, 7, 1, NULL),
	(1308, 248, NULL, 9, '2019-06-09 12:35:57', '2019-06-09 12:35:57', 1, 1, 7, 1, NULL),
	(1309, 249, NULL, 7, '2019-06-09 12:35:57', '2019-06-09 12:35:57', 1, 1, 7, 1, NULL),
	(1310, 250, NULL, 6, '2019-06-09 12:35:57', '2019-06-09 12:35:57', 1, 1, 7, 1, NULL),
	(1311, 251, NULL, 2, '2019-06-09 12:36:02', '2019-06-09 12:36:02', 1, 1, 7, 1, NULL),
	(1312, 252, NULL, 0, '2019-06-09 12:36:02', '2019-06-09 12:36:02', 1, 1, 7, 1, NULL),
	(1313, 253, NULL, 6, '2019-06-09 12:36:02', '2019-06-09 12:36:02', 1, 1, 7, 1, NULL),
	(1314, 254, NULL, 3, '2019-06-09 12:36:02', '2019-06-09 12:36:02', 1, 1, 7, 1, NULL),
	(1315, 255, NULL, 4, '2019-06-09 12:36:02', '2019-06-09 12:36:02', 1, 1, 7, 1, NULL),
	(1316, 256, NULL, 2, '2019-06-09 12:36:02', '2019-06-09 12:36:02', 1, 1, 7, 1, NULL),
	(1317, 257, NULL, 0, '2019-06-09 12:36:02', '2019-06-09 12:36:02', 1, 1, 7, 1, NULL),
	(1318, 258, NULL, 5, '2019-06-09 12:36:02', '2019-06-09 12:36:02', 1, 1, 7, 1, NULL),
	(1319, 259, NULL, 8, '2019-06-09 12:36:02', '2019-06-09 12:36:02', 1, 1, 7, 1, NULL),
	(1320, 260, NULL, 5, '2019-06-09 12:36:02', '2019-06-09 12:36:02', 1, 1, 7, 1, NULL),
	(1321, 261, NULL, 5, '2019-06-09 12:36:02', '2019-06-09 12:36:02', 1, 1, 7, 1, NULL),
	(1322, 262, NULL, 5, '2019-06-09 12:36:02', '2019-06-09 12:36:02', 1, 1, 7, 1, NULL),
	(1323, 263, NULL, 2, '2019-06-09 12:36:02', '2019-06-09 12:36:02', 1, 1, 7, 1, NULL),
	(1324, 264, NULL, 5, '2019-06-09 12:36:02', '2019-06-09 12:36:02', 1, 1, 7, 1, NULL),
	(1325, 265, NULL, 7, '2019-06-09 12:36:02', '2019-06-09 12:36:02', 1, 1, 7, 1, NULL),
	(1326, 266, NULL, 8, '2019-06-09 12:36:02', '2019-06-09 12:36:02', 1, 1, 7, 1, NULL),
	(1327, 267, NULL, 5, '2019-06-09 12:36:02', '2019-06-09 12:36:02', 1, 1, 7, 1, NULL),
	(1328, 268, NULL, 4, '2019-06-09 12:36:02', '2019-06-09 12:36:02', 1, 1, 7, 1, NULL),
	(1329, 269, NULL, 1, '2019-06-09 12:36:02', '2019-06-09 12:36:02', 1, 1, 7, 1, NULL),
	(1330, 270, NULL, 3, '2019-06-09 12:36:02', '2019-06-09 12:36:02', 1, 1, 7, 1, NULL),
	(1331, 271, NULL, 4, '2019-06-09 12:36:02', '2019-06-09 12:36:02', 1, 1, 7, 1, NULL),
	(1332, 272, NULL, 0, '2019-06-09 12:36:02', '2019-06-09 12:36:02', 1, 1, 7, 1, NULL),
	(1333, 273, NULL, 4, '2019-06-09 12:36:02', '2019-06-09 12:36:02', 1, 1, 7, 1, NULL),
	(1334, 274, NULL, 1, '2019-06-09 12:36:02', '2019-06-09 12:36:02', 1, 1, 7, 1, NULL),
	(1335, 275, NULL, 0, '2019-06-09 12:36:02', '2019-06-09 12:36:02', 1, 1, 7, 1, NULL),
	(1336, 276, NULL, 3, '2019-06-09 12:36:02', '2019-06-09 12:36:02', 1, 1, 7, 1, NULL),
	(1337, 277, NULL, 8, '2019-06-09 12:36:02', '2019-06-09 12:36:02', 1, 1, 7, 1, NULL),
	(1338, 278, NULL, 6, '2019-06-09 12:36:02', '2019-06-09 12:36:02', 1, 1, 7, 1, NULL),
	(1339, 279, NULL, 3, '2019-06-09 12:36:02', '2019-06-09 12:36:02', 1, 1, 7, 1, NULL),
	(1340, 280, NULL, 5, '2019-06-09 12:36:02', '2019-06-09 12:36:02', 1, 1, 7, 1, NULL),
	(1341, 281, NULL, 2, '2019-06-09 12:36:02', '2019-06-09 12:36:02', 1, 1, 7, 1, NULL),
	(1342, 282, NULL, 3, '2019-06-09 12:36:02', '2019-06-09 12:36:02', 1, 1, 7, 1, NULL),
	(1343, 283, NULL, 1, '2019-06-09 12:36:02', '2019-06-09 12:36:02', 1, 1, 7, 1, NULL),
	(1344, 284, NULL, 4, '2019-06-09 12:36:02', '2019-06-09 12:36:02', 1, 1, 7, 1, NULL),
	(1345, 285, NULL, 1, '2019-06-09 12:36:02', '2019-06-09 12:36:02', 1, 1, 7, 1, NULL),
	(1346, 286, NULL, 5, '2019-06-09 12:36:02', '2019-06-09 12:36:02', 1, 1, 7, 1, NULL),
	(1347, 287, NULL, 0, '2019-06-09 12:36:02', '2019-06-09 12:36:02', 1, 1, 7, 1, NULL),
	(1348, 288, NULL, 1, '2019-06-09 12:36:02', '2019-06-09 12:36:02', 1, 1, 7, 1, NULL),
	(1349, 289, NULL, 1, '2019-06-09 12:36:02', '2019-06-09 12:36:02', 1, 1, 7, 1, NULL),
	(1350, 290, NULL, 0, '2019-06-09 12:36:02', '2019-06-09 12:36:02', 1, 1, 7, 1, NULL),
	(1351, 291, NULL, 0, '2019-06-09 12:36:02', '2019-06-09 12:36:02', 1, 1, 7, 1, NULL),
	(1352, 292, NULL, 0, '2019-06-09 12:36:02', '2019-06-09 12:36:02', 1, 1, 7, 1, NULL),
	(1353, 293, NULL, 0, '2019-06-09 12:36:02', '2019-06-09 12:36:02', 1, 1, 7, 1, NULL),
	(1354, 294, NULL, 0, '2019-06-09 12:36:02', '2019-06-09 12:36:02', 1, 1, 7, 1, NULL),
	(1355, 295, NULL, 0, '2019-06-09 12:36:02', '2019-06-09 12:36:02', 1, 1, 7, 1, NULL),
	(1356, 296, NULL, 0, '2019-06-09 12:36:02', '2019-06-09 12:36:02', 1, 1, 7, 1, NULL),
	(1357, 297, NULL, 1, '2019-06-09 12:36:02', '2019-06-09 12:36:02', 1, 1, 7, 1, NULL),
	(1358, 298, NULL, 2, '2019-06-09 12:36:02', '2019-06-09 12:36:02', 1, 1, 7, 1, NULL),
	(1359, 299, NULL, 2, '2019-06-09 12:36:02', '2019-06-09 12:36:02', 1, 1, 7, 1, NULL),
	(1360, 300, NULL, 0, '2019-06-09 12:36:02', '2019-06-09 12:36:02', 1, 1, 7, 1, NULL),
	(1361, 301, NULL, 1, '2019-06-09 12:36:02', '2019-06-09 12:36:02', 1, 1, 7, 1, NULL),
	(1362, 302, NULL, 3, '2019-06-09 12:36:02', '2019-06-09 12:36:02', 1, 1, 7, 1, NULL),
	(1363, 303, NULL, 4, '2019-06-09 12:36:02', '2019-06-09 12:36:02', 1, 1, 7, 1, NULL),
	(1364, 304, NULL, 5, '2019-06-09 12:36:02', '2019-06-09 12:36:02', 1, 1, 7, 1, NULL),
	(1365, 305, NULL, 4, '2019-06-09 12:36:02', '2019-06-09 12:36:02', 1, 1, 7, 1, NULL),
	(1366, 306, NULL, 2, '2019-06-09 12:36:02', '2019-06-09 12:36:02', 1, 1, 7, 1, NULL),
	(1367, 307, NULL, 3, '2019-06-09 12:36:02', '2019-06-09 12:36:02', 1, 1, 7, 1, NULL),
	(1368, 308, NULL, 2, '2019-06-09 12:36:02', '2019-06-09 12:36:02', 1, 1, 7, 1, NULL),
	(1369, 309, NULL, 5, '2019-06-09 12:36:02', '2019-06-09 12:36:02', 1, 1, 7, 1, NULL),
	(1370, 310, NULL, 6, '2019-06-09 12:36:02', '2019-06-09 12:36:02', 1, 1, 7, 1, NULL),
	(1371, 311, NULL, 0, '2019-06-09 12:36:02', '2019-06-09 12:36:02', 1, 1, 7, 1, NULL),
	(1372, 312, NULL, 4, '2019-06-09 12:36:02', '2019-06-09 12:36:02', 1, 1, 7, 1, NULL),
	(1373, 313, NULL, 3, '2019-06-09 12:36:02', '2019-06-09 12:36:02', 1, 1, 7, 1, NULL),
	(1374, 314, NULL, 3, '2019-06-09 12:36:02', '2019-06-09 12:36:02', 1, 1, 7, 1, NULL),
	(1375, 315, NULL, 5, '2019-06-09 12:36:02', '2019-06-09 12:36:02', 1, 1, 7, 1, NULL),
	(1376, 316, NULL, 1, '2019-06-09 12:36:02', '2019-06-09 12:36:02', 1, 1, 7, 1, NULL),
	(1377, 317, NULL, 2, '2019-06-09 12:36:02', '2019-06-09 12:36:02', 1, 1, 7, 1, NULL),
	(1378, 318, NULL, 3, '2019-06-09 12:36:02', '2019-06-09 12:36:02', 1, 1, 7, 1, NULL),
	(1379, 319, NULL, 3, '2019-06-09 12:36:02', '2019-06-09 12:36:02', 1, 1, 7, 1, NULL),
	(1380, 320, NULL, 1, '2019-06-09 12:36:02', '2019-06-09 12:36:02', 1, 1, 7, 1, NULL),
	(1381, 321, NULL, 1, '2019-06-09 12:36:02', '2019-06-09 12:36:02', 1, 1, 7, 1, NULL),
	(1382, 322, NULL, 0, '2019-06-09 12:36:02', '2019-06-09 12:36:02', 1, 1, 7, 1, NULL),
	(1383, 323, NULL, 0, '2019-06-09 12:36:02', '2019-06-09 12:36:02', 1, 1, 7, 1, NULL),
	(1384, 324, NULL, 4, '2019-06-09 12:36:02', '2019-06-09 12:36:02', 1, 1, 7, 1, NULL),
	(1385, 325, NULL, 2, '2019-06-09 12:36:02', '2019-06-09 12:36:02', 1, 1, 7, 1, NULL),
	(1386, 326, NULL, 6, '2019-06-09 12:36:02', '2019-06-09 12:36:02', 1, 1, 7, 1, NULL),
	(1387, 327, NULL, 4, '2019-06-09 12:36:02', '2019-06-09 12:36:02', 1, 1, 7, 1, NULL),
	(1388, 328, NULL, 7, '2019-06-09 12:36:02', '2019-06-09 12:36:02', 1, 1, 7, 1, NULL),
	(1389, 329, NULL, 4, '2019-06-09 12:36:02', '2019-06-09 12:36:02', 1, 1, 7, 1, NULL),
	(1390, 330, NULL, 5, '2019-06-09 12:36:02', '2019-06-09 12:36:02', 1, 1, 7, 1, NULL),
	(1391, 331, NULL, 7, '2019-06-09 12:36:02', '2019-06-09 12:36:02', 1, 1, 7, 1, NULL),
	(1392, 332, NULL, 7, '2019-06-09 12:36:02', '2019-06-09 12:36:02', 1, 1, 7, 1, NULL),
	(1393, 333, NULL, 9, '2019-06-09 12:36:02', '2019-06-09 12:36:02', 1, 1, 7, 1, NULL),
	(1394, 334, NULL, 5, '2019-06-09 12:36:02', '2019-06-09 12:36:02', 1, 1, 7, 1, NULL),
	(1395, 335, NULL, 3, '2019-06-09 12:36:02', '2019-06-09 12:36:02', 1, 1, 7, 1, NULL),
	(1396, 336, NULL, 4, '2019-06-09 12:36:02', '2019-06-09 12:36:02', 1, 1, 7, 1, NULL),
	(1397, 337, NULL, 3, '2019-06-09 12:36:02', '2019-06-09 12:36:02', 1, 1, 7, 1, NULL),
	(1398, 338, NULL, 4, '2019-06-09 12:36:02', '2019-06-09 12:36:02', 1, 1, 7, 1, NULL),
	(1399, 339, NULL, 4, '2019-06-09 12:36:02', '2019-06-09 12:36:02', 1, 1, 7, 1, NULL),
	(1400, 340, NULL, 2, '2019-06-09 12:36:02', '2019-06-09 12:36:02', 1, 1, 7, 1, NULL),
	(1401, 341, NULL, 4, '2019-06-09 12:36:02', '2019-06-09 12:36:02', 1, 1, 7, 1, NULL),
	(1402, 342, NULL, 6, '2019-06-09 12:36:02', '2019-06-09 12:36:02', 1, 1, 7, 1, NULL),
	(1403, 343, NULL, 1, '2019-06-09 12:36:02', '2019-06-09 12:36:02', 1, 1, 7, 1, NULL),
	(1404, 344, NULL, 2, '2019-06-09 12:36:02', '2019-06-09 12:36:02', 1, 1, 7, 1, NULL),
	(1405, 345, NULL, 2, '2019-06-09 12:36:02', '2019-06-09 12:36:02', 1, 1, 7, 1, NULL),
	(1406, 346, NULL, 3, '2019-06-09 12:36:02', '2019-06-09 12:36:02', 1, 1, 7, 1, NULL),
	(1407, 347, NULL, 3, '2019-06-09 12:36:02', '2019-06-09 12:36:02', 1, 1, 7, 1, NULL),
	(1408, 348, NULL, 3, '2019-06-09 12:36:02', '2019-06-09 12:36:02', 1, 1, 7, 1, NULL),
	(1409, 349, NULL, 0, '2019-06-09 12:36:02', '2019-06-09 12:36:02', 1, 1, 7, 1, NULL),
	(1410, 350, NULL, 1, '2019-06-09 12:36:02', '2019-06-09 12:36:02', 1, 1, 7, 1, NULL),
	(1411, 351, NULL, 2, '2019-06-09 12:36:02', '2019-06-09 12:36:02', 1, 1, 7, 1, NULL),
	(1412, 352, NULL, 3, '2019-06-09 12:36:02', '2019-06-09 12:36:02', 1, 1, 7, 1, NULL),
	(1413, 353, NULL, 1, '2019-06-09 12:36:02', '2019-06-09 12:36:02', 1, 1, 7, 1, NULL),
	(1414, 354, NULL, 0, '2019-06-09 12:36:02', '2019-06-09 12:36:02', 1, 1, 7, 1, NULL),
	(1415, 355, NULL, 1, '2019-06-09 12:36:02', '2019-06-09 12:36:02', 1, 1, 7, 1, NULL),
	(1416, 356, NULL, 5, '2019-06-09 12:36:02', '2019-06-09 12:36:02', 1, 1, 7, 1, NULL),
	(1417, 357, NULL, 4, '2019-06-09 12:36:02', '2019-06-09 12:36:02', 1, 1, 7, 1, NULL),
	(1418, 358, NULL, 6, '2019-06-09 12:36:02', '2019-06-09 12:36:02', 1, 1, 7, 1, NULL),
	(1419, 359, NULL, 6, '2019-06-09 12:36:02', '2019-06-09 12:36:02', 1, 1, 7, 1, NULL),
	(1420, 360, NULL, 2, '2019-06-09 12:36:02', '2019-06-09 12:36:02', 1, 1, 7, 1, NULL),
	(1421, 361, NULL, 5, '2019-06-09 12:36:02', '2019-06-09 12:36:02', 1, 1, 7, 1, NULL),
	(1422, 362, NULL, 3, '2019-06-09 12:36:02', '2019-06-09 12:36:02', 1, 1, 7, 1, NULL),
	(1423, 363, NULL, 4, '2019-06-09 12:36:02', '2019-06-09 12:36:02', 1, 1, 7, 1, NULL),
	(1424, 364, NULL, 2, '2019-06-09 12:36:02', '2019-06-09 12:36:02', 1, 1, 7, 1, NULL),
	(1425, 365, NULL, 0, '2019-06-09 12:36:02', '2019-06-09 12:36:02', 1, 1, 7, 1, NULL),
	(1426, 366, NULL, 1, '2019-06-09 12:36:02', '2019-06-09 12:36:02', 1, 1, 7, 1, NULL),
	(1427, 367, NULL, 1, '2019-06-09 12:36:02', '2019-06-09 12:36:02', 1, 1, 7, 1, NULL),
	(1428, 368, NULL, 3, '2019-06-09 12:36:02', '2019-06-09 12:36:02', 1, 1, 7, 1, NULL),
	(1429, 369, NULL, 0, '2019-06-09 12:36:02', '2019-06-09 12:36:02', 1, 1, 7, 1, NULL),
	(1430, 370, NULL, 2, '2019-06-09 12:36:02', '2019-06-09 12:36:02', 1, 1, 7, 1, NULL),
	(1431, 371, NULL, 4, '2019-06-09 12:36:02', '2019-06-09 12:36:02', 1, 1, 7, 1, NULL),
	(1432, 372, NULL, 4, '2019-06-09 12:36:02', '2019-06-09 12:36:02', 1, 1, 7, 1, NULL),
	(1433, 373, NULL, 3, '2019-06-09 12:36:02', '2019-06-09 12:36:02', 1, 1, 7, 1, NULL),
	(1434, 374, NULL, 1, '2019-06-09 12:36:02', '2019-06-09 12:36:02', 1, 1, 7, 1, NULL),
	(1435, 375, NULL, 3, '2019-06-09 12:36:02', '2019-06-09 12:36:02', 1, 1, 7, 1, NULL),
	(1436, 376, NULL, 4, '2019-06-09 12:36:02', '2019-06-09 12:36:02', 1, 1, 7, 1, NULL),
	(1437, 377, NULL, 5, '2019-06-09 12:36:02', '2019-06-09 12:36:02', 1, 1, 7, 1, NULL),
	(1438, 378, NULL, 3, '2019-06-09 12:36:02', '2019-06-09 12:36:02', 1, 1, 7, 1, NULL),
	(1439, 379, NULL, 1, '2019-06-09 12:36:02', '2019-06-09 12:36:02', 1, 1, 7, 1, NULL),
	(1440, 380, NULL, 2, '2019-06-09 12:36:02', '2019-06-09 12:36:02', 1, 1, 7, 1, NULL),
	(1441, 381, NULL, 4, '2019-06-09 12:36:02', '2019-06-09 12:36:02', 1, 1, 7, 1, NULL),
	(1442, 382, NULL, 4, '2019-06-09 12:36:02', '2019-06-09 12:36:02', 1, 1, 7, 1, NULL),
	(1443, 383, NULL, 3, '2019-06-09 12:36:02', '2019-06-09 12:36:02', 1, 1, 7, 1, NULL),
	(1444, 384, NULL, 1, '2019-06-09 12:36:02', '2019-06-09 12:36:02', 1, 1, 7, 1, NULL),
	(1445, 385, NULL, 0, '2019-06-09 12:36:02', '2019-06-09 12:36:02', 1, 1, 7, 1, NULL),
	(1446, 386, NULL, 1, '2019-06-09 12:36:02', '2019-06-09 12:36:02', 1, 1, 7, 1, NULL),
	(1447, 387, NULL, 1, '2019-06-09 12:36:02', '2019-06-09 12:36:02', 1, 1, 7, 1, NULL),
	(1448, 388, NULL, 1, '2019-06-09 12:36:02', '2019-06-09 12:36:02', 1, 1, 7, 1, NULL),
	(1449, 389, NULL, 1, '2019-06-09 12:36:02', '2019-06-09 12:36:02', 1, 1, 7, 1, NULL),
	(1450, 390, NULL, 1, '2019-06-09 12:36:02', '2019-06-09 12:36:02', 1, 1, 7, 1, NULL),
	(1451, 391, NULL, 0, '2019-06-09 12:36:02', '2019-06-09 12:36:02', 1, 1, 7, 1, NULL),
	(1452, 392, NULL, 1, '2019-06-09 12:36:02', '2019-06-09 12:36:02', 1, 1, 7, 1, NULL),
	(1453, 393, NULL, 0, '2019-06-09 12:36:02', '2019-06-09 12:36:02', 1, 1, 7, 1, NULL),
	(1454, 394, NULL, 1, '2019-06-09 12:36:02', '2019-06-09 12:36:02', 1, 1, 7, 1, NULL),
	(1455, 395, NULL, 1, '2019-06-09 12:36:02', '2019-06-09 12:36:02', 1, 1, 7, 1, NULL),
	(1456, 396, NULL, 0, '2019-06-09 12:36:02', '2019-06-09 12:36:02', 1, 1, 7, 1, NULL),
	(1457, 397, NULL, 0, '2019-06-09 12:36:02', '2019-06-09 12:36:02', 1, 1, 7, 1, NULL),
	(1458, 398, NULL, 2, '2019-06-09 12:36:02', '2019-06-09 12:36:02', 1, 1, 7, 1, NULL),
	(1459, 399, NULL, 0, '2019-06-09 12:36:02', '2019-06-09 12:36:02', 1, 1, 7, 1, NULL),
	(1460, 400, NULL, 1, '2019-06-09 12:36:02', '2019-06-09 12:36:02', 1, 1, 7, 1, NULL),
	(1461, 401, NULL, 0, '2019-06-09 12:36:02', '2019-06-09 12:36:02', 1, 1, 7, 1, NULL),
	(1462, 402, NULL, 0, '2019-06-09 12:36:02', '2019-06-09 12:36:02', 1, 1, 7, 1, NULL),
	(1463, 403, NULL, 2, '2019-06-09 12:36:02', '2019-06-09 12:36:02', 1, 1, 7, 1, NULL),
	(1464, 404, NULL, 4, '2019-06-09 12:36:02', '2019-06-09 12:36:02', 1, 1, 7, 1, NULL),
	(1465, 405, NULL, 4, '2019-06-09 12:36:02', '2019-06-09 12:36:02', 1, 1, 7, 1, NULL),
	(1466, 406, NULL, 2, '2019-06-09 12:36:02', '2019-06-09 12:36:02', 1, 1, 7, 1, NULL),
	(1467, 407, NULL, 2, '2019-06-09 12:36:02', '2019-06-09 12:36:02', 1, 1, 7, 1, NULL),
	(1468, 408, NULL, 4, '2019-06-09 12:36:02', '2019-06-09 12:36:02', 1, 1, 7, 1, NULL),
	(1469, 409, NULL, 3, '2019-06-09 12:36:02', '2019-06-09 12:36:02', 1, 1, 7, 1, NULL),
	(1470, 410, NULL, 3, '2019-06-09 12:36:02', '2019-06-09 12:36:02', 1, 1, 7, 1, NULL),
	(1471, 411, NULL, 4, '2019-06-09 12:36:02', '2019-06-09 12:36:02', 1, 1, 7, 1, NULL),
	(1472, 412, NULL, 0, '2019-06-09 12:36:02', '2019-06-09 12:36:02', 1, 1, 7, 1, NULL),
	(1473, 413, NULL, 2, '2019-06-09 12:36:02', '2019-06-09 12:36:02', 1, 1, 7, 1, NULL),
	(1474, 414, NULL, 2, '2019-06-09 12:36:02', '2019-06-09 12:36:02', 1, 1, 7, 1, NULL),
	(1475, 415, NULL, 3, '2019-06-09 12:36:02', '2019-06-09 12:36:02', 1, 1, 7, 1, NULL),
	(1476, 416, NULL, 4, '2019-06-09 12:36:02', '2019-06-09 12:36:02', 1, 1, 7, 1, NULL),
	(1477, 417, NULL, 1, '2019-06-09 12:36:02', '2019-06-09 12:36:02', 1, 1, 7, 1, NULL),
	(1478, 418, NULL, 6, '2019-06-09 12:36:02', '2019-06-09 12:36:02', 1, 1, 7, 1, NULL),
	(1479, 419, NULL, 6, '2019-06-09 12:36:02', '2019-06-09 12:36:02', 1, 1, 7, 1, NULL),
	(1480, 420, NULL, 7, '2019-06-09 12:36:02', '2019-06-09 12:36:02', 1, 1, 7, 1, NULL),
	(1481, 421, NULL, 3, '2019-06-09 12:36:02', '2019-06-09 12:36:02', 1, 1, 7, 1, NULL),
	(1482, 422, NULL, 1, '2019-06-09 12:36:02', '2019-06-09 12:36:02', 1, 1, 7, 1, NULL),
	(1483, 423, NULL, 5, '2019-06-09 12:36:02', '2019-06-09 12:36:02', 1, 1, 7, 1, NULL),
	(1484, 424, NULL, 4, '2019-06-09 12:36:02', '2019-06-09 12:36:02', 1, 1, 7, 1, NULL),
	(1485, 425, NULL, 4, '2019-06-09 12:36:02', '2019-06-09 12:36:02', 1, 1, 7, 1, NULL),
	(1486, 426, NULL, 5, '2019-06-09 12:36:02', '2019-06-09 12:36:02', 1, 1, 7, 1, NULL),
	(1487, 427, NULL, 1, '2019-06-09 12:36:02', '2019-06-09 12:36:02', 1, 1, 7, 1, NULL),
	(1488, 428, NULL, 0, '2019-06-09 12:36:02', '2019-06-09 12:36:02', 1, 1, 7, 1, NULL),
	(1489, 429, NULL, 4, '2019-06-09 12:36:02', '2019-06-09 12:36:02', 1, 1, 7, 1, NULL),
	(1490, 430, NULL, 1, '2019-06-09 12:36:02', '2019-06-09 12:36:02', 1, 1, 7, 1, NULL),
	(1491, 431, NULL, 0, '2019-06-09 12:36:02', '2019-06-09 12:36:02', 1, 1, 7, 1, NULL),
	(1492, 432, NULL, 37, '2019-06-09 12:36:02', '2019-06-09 12:36:02', 1, 1, 7, 1, NULL),
	(1493, 433, NULL, 5, '2019-06-09 12:36:02', '2019-06-09 12:36:02', 1, 1, 7, 1, NULL),
	(1494, 434, NULL, 9, '2019-06-09 12:36:02', '2019-06-09 12:36:02', 1, 1, 7, 1, NULL),
	(1495, 435, NULL, 18, '2019-06-09 12:36:02', '2019-06-09 12:36:02', 1, 1, 7, 1, NULL),
	(1496, 436, NULL, 12, '2019-06-09 12:36:02', '2019-06-09 12:36:02', 1, 1, 7, 1, NULL),
	(1497, 437, NULL, 5, '2019-06-09 12:36:02', '2019-06-09 12:36:02', 1, 1, 7, 1, NULL),
	(1498, 438, NULL, 9, '2019-06-09 12:36:02', '2019-06-09 12:36:02', 1, 1, 7, 1, NULL),
	(1499, 439, NULL, 4, '2019-06-09 12:36:02', '2019-06-09 12:36:02', 1, 1, 7, 1, NULL),
	(1500, 440, NULL, 12, '2019-06-09 12:36:02', '2019-06-09 12:36:02', 1, 1, 7, 1, NULL),
	(1501, 441, NULL, 4, '2019-06-09 12:36:02', '2019-06-09 12:36:02', 1, 1, 7, 1, NULL),
	(1502, 442, NULL, 1, '2019-06-09 12:36:02', '2019-06-09 12:36:02', 1, 1, 7, 1, NULL),
	(1503, 443, NULL, 0, '2019-06-09 12:36:02', '2019-06-09 12:36:02', 1, 1, 7, 1, NULL),
	(1504, 444, NULL, 1, '2019-06-09 12:36:02', '2019-06-09 12:36:02', 1, 1, 7, 1, NULL),
	(1505, 445, NULL, 1, '2019-06-09 12:36:02', '2019-06-09 12:36:02', 1, 1, 7, 1, NULL),
	(1506, 446, NULL, 1, '2019-06-09 12:36:02', '2019-06-09 12:36:02', 1, 1, 7, 1, NULL),
	(1507, 447, NULL, 1, '2019-06-09 12:36:02', '2019-06-09 12:36:02', 1, 1, 7, 1, NULL),
	(1508, 448, NULL, 1, '2019-06-09 12:36:02', '2019-06-09 12:36:02', 1, 1, 7, 1, NULL),
	(1509, 449, NULL, 1, '2019-06-09 12:36:02', '2019-06-09 12:36:02', 1, 1, 7, 1, NULL),
	(1510, 450, NULL, 1, '2019-06-09 12:36:02', '2019-06-09 12:36:02', 1, 1, 7, 1, NULL),
	(1511, 451, NULL, 1, '2019-06-09 12:36:02', '2019-06-09 12:36:02', 1, 1, 7, 1, NULL),
	(1512, 452, NULL, 1, '2019-06-09 12:36:02', '2019-06-09 12:36:02', 1, 1, 7, 1, NULL),
	(1513, 453, NULL, 1, '2019-06-09 12:36:02', '2019-06-09 12:36:02', 1, 1, 7, 1, NULL),
	(1514, 454, NULL, 1, '2019-06-09 12:36:02', '2019-06-09 12:36:02', 1, 1, 7, 1, NULL),
	(1515, 455, NULL, 1, '2019-06-09 12:36:02', '2019-06-09 12:36:02', 1, 1, 7, 1, NULL),
	(1516, 456, NULL, 1, '2019-06-09 12:36:02', '2019-06-09 12:36:02', 1, 1, 7, 1, NULL),
	(1517, 457, NULL, 1, '2019-06-09 12:36:02', '2019-06-09 12:36:02', 1, 1, 7, 1, NULL),
	(1518, 458, NULL, 1, '2019-06-09 12:36:02', '2019-06-09 12:36:02', 1, 1, 7, 1, NULL),
	(1519, 459, NULL, 1, '2019-06-09 12:36:02', '2019-06-09 12:36:02', 1, 1, 7, 1, NULL),
	(1520, 460, NULL, 1, '2019-06-09 12:36:02', '2019-06-09 12:36:02', 1, 1, 7, 1, NULL),
	(1521, 461, NULL, 1, '2019-06-09 12:36:02', '2019-06-09 12:36:02', 1, 1, 7, 1, NULL),
	(1522, 462, NULL, 1, '2019-06-09 12:36:02', '2019-06-09 12:36:02', 1, 1, 7, 1, NULL),
	(1523, 463, NULL, 1, '2019-06-09 12:36:02', '2019-06-09 12:36:02', 1, 1, 7, 1, NULL),
	(1524, 464, NULL, 1, '2019-06-09 12:36:02', '2019-06-09 12:36:02', 1, 1, 7, 1, NULL),
	(1525, 465, NULL, 1, '2019-06-09 12:36:02', '2019-06-09 12:36:02', 1, 1, 7, 1, NULL),
	(1526, 466, NULL, 3, '2019-06-09 12:36:02', '2019-06-09 12:36:02', 1, 1, 7, 1, NULL),
	(1527, 467, NULL, 1, '2019-06-09 12:36:02', '2019-06-09 12:36:02', 1, 1, 7, 1, NULL),
	(1528, 468, NULL, 1, '2019-06-09 12:36:02', '2019-06-09 12:36:02', 1, 1, 7, 1, NULL),
	(1529, 469, NULL, 1, '2019-06-09 12:36:02', '2019-06-09 12:36:02', 1, 1, 7, 1, NULL),
	(1530, 470, NULL, 1, '2019-06-09 12:36:02', '2019-06-09 12:36:02', 1, 1, 7, 1, NULL),
	(1531, 471, NULL, 1, '2019-06-09 12:36:02', '2019-06-09 12:36:02', 1, 1, 7, 1, NULL),
	(1532, 472, NULL, 1, '2019-06-09 12:36:02', '2019-06-09 12:36:02', 1, 1, 7, 1, NULL),
	(1533, 473, NULL, 1, '2019-06-09 12:36:02', '2019-06-09 12:36:02', 1, 1, 7, 1, NULL),
	(1534, 474, NULL, 1, '2019-06-09 12:36:02', '2019-06-09 12:36:02', 1, 1, 7, 1, NULL),
	(1535, 475, NULL, 1, '2019-06-09 12:36:02', '2019-06-09 12:36:02', 1, 1, 7, 1, NULL),
	(1536, 476, NULL, 1, '2019-06-09 12:36:02', '2019-06-09 12:36:02', 1, 1, 7, 1, NULL),
	(1537, 477, NULL, 1, '2019-06-09 12:36:02', '2019-06-09 12:36:02', 1, 1, 7, 1, NULL),
	(1538, 478, NULL, 1, '2019-06-09 12:36:02', '2019-06-09 12:36:02', 1, 1, 7, 1, NULL),
	(1539, 479, NULL, 1, '2019-06-09 12:36:02', '2019-06-09 12:36:02', 1, 1, 7, 1, NULL),
	(1540, 480, NULL, 1, '2019-06-09 12:36:02', '2019-06-09 12:36:02', 1, 1, 7, 1, NULL),
	(1541, 481, NULL, 1, '2019-06-09 12:36:02', '2019-06-09 12:36:02', 1, 1, 7, 1, NULL),
	(1542, 482, NULL, 1, '2019-06-09 12:36:02', '2019-06-09 12:36:02', 1, 1, 7, 1, NULL),
	(1543, 483, NULL, 1, '2019-06-09 12:36:02', '2019-06-09 12:36:02', 1, 1, 7, 1, NULL),
	(1544, 484, NULL, 1, '2019-06-09 12:36:02', '2019-06-09 12:36:02', 1, 1, 7, 1, NULL),
	(1545, 485, NULL, 1, '2019-06-09 12:36:02', '2019-06-09 12:36:02', 1, 1, 7, 1, NULL),
	(1546, 486, NULL, 1, '2019-06-09 12:36:02', '2019-06-09 12:36:02', 1, 1, 7, 1, NULL),
	(1547, 487, NULL, 1, '2019-06-09 12:36:02', '2019-06-09 12:36:02', 1, 1, 7, 1, NULL),
	(1548, 488, NULL, 1, '2019-06-09 12:36:02', '2019-06-09 12:36:02', 1, 1, 7, 1, NULL),
	(1549, 489, NULL, 1, '2019-06-09 12:36:02', '2019-06-09 12:36:02', 1, 1, 7, 1, NULL),
	(1550, 490, NULL, 1, '2019-06-09 12:36:02', '2019-06-09 12:36:02', 1, 1, 7, 1, NULL),
	(1551, 491, NULL, 1, '2019-06-09 12:36:02', '2019-06-09 12:36:02', 1, 1, 7, 1, NULL),
	(1552, 492, NULL, 1, '2019-06-09 12:36:02', '2019-06-09 12:36:02', 1, 1, 7, 1, NULL),
	(1553, 493, NULL, 1, '2019-06-09 12:36:02', '2019-06-09 12:36:02', 1, 1, 7, 1, NULL),
	(1554, 494, NULL, 1, '2019-06-09 12:36:02', '2019-06-09 12:36:02', 1, 1, 7, 1, NULL),
	(1555, 495, NULL, 1, '2019-06-09 12:36:02', '2019-06-09 12:36:02', 1, 1, 7, 1, NULL),
	(1556, 496, NULL, 1, '2019-06-09 12:36:02', '2019-06-09 12:36:02', 1, 1, 7, 1, NULL),
	(1557, 497, NULL, 1, '2019-06-09 12:36:02', '2019-06-09 12:36:02', 1, 1, 7, 1, NULL),
	(1558, 498, NULL, 1, '2019-06-09 12:36:02', '2019-06-09 12:36:02', 1, 1, 7, 1, NULL),
	(1559, 499, NULL, 1, '2019-06-09 12:36:02', '2019-06-09 12:36:02', 1, 1, 7, 1, NULL),
	(1560, 500, NULL, 1, '2019-06-09 12:36:02', '2019-06-09 12:36:02', 1, 1, 7, 1, NULL),
	(1561, 501, NULL, 1, '2019-06-09 12:36:22', '2019-06-09 12:36:22', 1, 1, 7, 1, NULL),
	(1562, 502, NULL, 1, '2019-06-09 12:36:22', '2019-06-09 12:36:22', 1, 1, 7, 1, NULL),
	(1563, 503, NULL, 1, '2019-06-09 12:36:22', '2019-06-09 12:36:22', 1, 1, 7, 1, NULL),
	(1564, 504, NULL, 1, '2019-06-09 12:36:22', '2019-06-09 12:36:22', 1, 1, 7, 1, NULL),
	(1565, 505, NULL, 1, '2019-06-09 12:36:22', '2019-06-09 12:36:22', 1, 1, 7, 1, NULL),
	(1566, 506, NULL, 1, '2019-06-09 12:36:22', '2019-06-09 12:36:22', 1, 1, 7, 1, NULL),
	(1567, 507, NULL, 1, '2019-06-09 12:36:22', '2019-06-09 12:36:22', 1, 1, 7, 1, NULL),
	(1568, 508, NULL, 0, '2019-06-09 12:36:22', '2019-06-09 12:36:22', 1, 1, 7, 1, NULL),
	(1569, 509, NULL, 0, '2019-06-09 12:36:22', '2019-06-09 12:36:22', 1, 1, 7, 1, NULL),
	(1570, 510, NULL, 0, '2019-06-09 12:36:22', '2019-06-09 12:36:22', 1, 1, 7, 1, NULL),
	(1571, 511, NULL, 0, '2019-06-09 12:36:22', '2019-06-09 12:36:22', 1, 1, 7, 1, NULL),
	(1572, 512, NULL, 0, '2019-06-09 12:36:22', '2019-06-09 12:36:22', 1, 1, 7, 1, NULL),
	(1573, 513, NULL, 0, '2019-06-09 12:36:22', '2019-06-09 12:36:22', 1, 1, 7, 1, NULL),
	(1574, 514, NULL, 0, '2019-06-09 12:36:22', '2019-06-09 12:36:22', 1, 1, 7, 1, NULL),
	(1575, 515, NULL, 0, '2019-06-09 12:36:22', '2019-06-09 12:36:22', 1, 1, 7, 1, NULL),
	(1576, 516, NULL, 0, '2019-06-09 12:36:22', '2019-06-09 12:36:22', 1, 1, 7, 1, NULL),
	(1577, 517, NULL, 0, '2019-06-09 12:36:22', '2019-06-09 12:36:22', 1, 1, 7, 1, NULL),
	(1578, 518, NULL, 0, '2019-06-09 12:36:22', '2019-06-09 12:36:22', 1, 1, 7, 1, NULL),
	(1579, 519, NULL, 0, '2019-06-09 12:36:22', '2019-06-09 12:36:22', 1, 1, 7, 1, NULL),
	(1580, 520, NULL, 0, '2019-06-09 12:36:22', '2019-06-09 12:36:22', 1, 1, 7, 1, NULL),
	(1581, 521, NULL, 0, '2019-06-09 12:36:22', '2019-06-09 12:36:22', 1, 1, 7, 1, NULL),
	(1582, 522, NULL, 0, '2019-06-09 12:36:22', '2019-06-09 12:36:22', 1, 1, 7, 1, NULL),
	(1583, 523, NULL, 0, '2019-06-09 12:36:22', '2019-06-09 12:36:22', 1, 1, 7, 1, NULL),
	(1584, 524, NULL, 0, '2019-06-09 12:36:22', '2019-06-09 12:36:22', 1, 1, 7, 1, NULL),
	(1585, 525, NULL, 0, '2019-06-09 12:36:22', '2019-06-09 12:36:22', 1, 1, 7, 1, NULL),
	(1586, 526, NULL, 0, '2019-06-09 12:36:22', '2019-06-09 12:36:22', 1, 1, 7, 1, NULL),
	(1587, 527, NULL, 0, '2019-06-09 12:36:22', '2019-06-09 12:36:22', 1, 1, 7, 1, NULL),
	(1588, 528, NULL, 54, '2019-06-09 12:36:22', '2019-06-09 12:36:22', 1, 1, 7, 1, NULL),
	(1589, 529, NULL, 2, '2019-06-09 12:36:22', '2019-06-09 12:36:22', 1, 1, 7, 1, NULL),
	(1590, 530, NULL, 7, '2019-06-09 12:36:22', '2019-06-09 12:36:22', 1, 1, 7, 1, NULL),
	(1591, 531, NULL, 5, '2019-06-09 12:36:22', '2019-06-09 12:36:22', 1, 1, 7, 1, NULL),
	(1592, 532, NULL, 17, '2019-06-09 12:36:22', '2019-06-09 12:36:22', 1, 1, 7, 1, NULL),
	(1593, 533, NULL, 6, '2019-06-09 12:36:22', '2019-06-09 12:36:22', 1, 1, 7, 1, NULL),
	(1594, 534, NULL, 11, '2019-06-09 12:36:22', '2019-06-09 12:36:22', 1, 1, 7, 1, NULL),
	(1595, 535, NULL, 11, '2019-06-09 12:36:22', '2019-06-09 12:36:22', 1, 1, 7, 1, NULL),
	(1596, 536, NULL, 12, '2019-06-09 12:36:22', '2019-06-09 12:36:22', 1, 1, 7, 1, NULL),
	(1597, 537, NULL, 17, '2019-06-09 12:36:22', '2019-06-09 12:36:22', 1, 1, 7, 1, NULL),
	(1598, 538, NULL, 6, '2019-06-09 12:36:22', '2019-06-09 12:36:22', 1, 1, 7, 1, NULL),
	(1599, 539, NULL, 1, '2019-06-09 12:36:22', '2019-06-09 12:36:22', 1, 1, 7, 1, NULL),
	(1600, 540, NULL, 1, '2019-06-09 12:36:22', '2019-06-09 12:36:22', 1, 1, 7, 1, NULL),
	(1601, 541, NULL, 1, '2019-06-09 12:36:22', '2019-06-09 12:36:22', 1, 1, 7, 1, NULL),
	(1602, 542, NULL, 0, '2019-06-09 12:36:22', '2019-06-09 12:36:22', 1, 1, 7, 1, NULL),
	(1603, 543, NULL, 90, '2019-06-09 12:36:22', '2019-06-09 12:36:22', 1, 1, 7, 1, NULL),
	(1604, 544, NULL, 288, '2019-06-09 12:36:22', '2019-06-09 12:36:22', 1, 1, 7, 1, NULL),
	(1605, 545, NULL, 154, '2019-06-09 12:36:22', '2019-06-09 12:36:22', 1, 1, 7, 1, NULL),
	(1606, 546, NULL, 18, '2019-06-09 12:36:22', '2019-06-09 12:36:22', 1, 1, 7, 1, NULL),
	(1607, 547, NULL, 65, '2019-06-09 12:36:22', '2019-06-09 12:36:22', 1, 1, 7, 1, NULL),
	(1608, 548, NULL, 35, '2019-06-09 12:36:22', '2019-06-09 12:36:22', 1, 1, 7, 1, NULL),
	(1609, 549, NULL, 28, '2019-06-09 12:36:22', '2019-06-09 12:36:22', 1, 1, 7, 1, NULL),
	(1610, 550, NULL, 15, '2019-06-09 12:36:22', '2019-06-09 12:36:22', 1, 1, 7, 1, NULL),
	(1611, 551, NULL, 14, '2019-06-09 12:36:22', '2019-06-09 12:36:22', 1, 1, 7, 1, NULL),
	(1612, 552, NULL, 4, '2019-06-09 12:36:22', '2019-06-09 12:36:22', 1, 1, 7, 1, NULL),
	(1613, 553, NULL, 10, '2019-06-09 12:36:22', '2019-06-09 12:36:22', 1, 1, 7, 1, NULL),
	(1614, 554, NULL, 2, '2019-06-09 12:36:22', '2019-06-09 12:36:22', 1, 1, 7, 1, NULL),
	(1615, 555, NULL, 4, '2019-06-09 12:36:22', '2019-06-09 12:36:22', 1, 1, 7, 1, NULL),
	(1616, 556, NULL, 0, '2019-06-09 12:36:22', '2019-06-09 12:36:22', 1, 1, 7, 1, NULL),
	(1617, 557, NULL, 48, '2019-06-09 12:36:22', '2019-06-09 12:36:22', 1, 1, 7, 1, NULL),
	(1618, 558, NULL, 45, '2019-06-09 12:36:22', '2019-06-09 12:36:22', 1, 1, 7, 1, NULL),
	(1619, 559, NULL, 1, '2019-06-09 12:36:22', '2019-06-09 12:36:22', 1, 1, 7, 1, NULL),
	(1620, 560, NULL, 2, '2019-06-09 12:36:22', '2019-06-09 12:36:22', 1, 1, 7, 1, NULL);
/*!40000 ALTER TABLE `app_warehouse_movements` ENABLE KEYS */;

/*!40101 SET SQL_MODE=IFNULL(@OLD_SQL_MODE, '') */;
/*!40014 SET FOREIGN_KEY_CHECKS=IF(@OLD_FOREIGN_KEY_CHECKS IS NULL, 1, @OLD_FOREIGN_KEY_CHECKS) */;
/*!40101 SET CHARACTER_SET_CLIENT=@OLD_CHARACTER_SET_CLIENT */;
