/*!40101 SET @OLD_CHARACTER_SET_CLIENT=@@CHARACTER_SET_CLIENT */;
/*!40101 SET NAMES utf8 */;
/*!50503 SET NAMES utf8mb4 */;
/*!40014 SET @OLD_FOREIGN_KEY_CHECKS=@@FOREIGN_KEY_CHECKS, FOREIGN_KEY_CHECKS=0 */;
/*!40101 SET @OLD_SQL_MODE=@@SQL_MODE, SQL_MODE='NO_AUTO_VALUE_ON_ZERO' */;

CREATE DATABASE IF NOT EXISTS `my_bottega611` /*!40100 DEFAULT CHARACTER SET latin1 */;
USE `my_bottega611`;

CREATE TABLE IF NOT EXISTS `app_custom_warehouse_items` (
  `app_warehouse_items_id` int(11) NOT NULL,
  `tipo` varchar(255) NOT NULL,
  `modello` varchar(255) DEFAULT NULL,
  `colore` varchar(255) DEFAULT NULL,
  `taglia` varchar(255) NOT NULL,
  `genere` varchar(255) NOT NULL,
  `imagepath` varchar(255) DEFAULT NULL,
  KEY `fk_app_custom_warehouse_items_userreg` (`app_warehouse_items_id`),
  CONSTRAINT `fk_app_custom_warehouse_items_userreg` FOREIGN KEY (`app_warehouse_items_id`) REFERENCES `app_warehouse_items` (`id`) ON DELETE CASCADE ON UPDATE CASCADE
) ENGINE=InnoDB DEFAULT CHARSET=latin1;

DELETE FROM `app_custom_warehouse_items`;
/*!40000 ALTER TABLE `app_custom_warehouse_items` DISABLE KEYS */;
INSERT INTO `app_custom_warehouse_items` (`app_warehouse_items_id`, `tipo`, `modello`, `colore`, `taglia`, `genere`, `imagepath`) VALUES
	(1, 'SCIARPA', 'CLASSICA', 'MULTICOLOR', 'U', 'UNISEX', NULL),
	(2, 'ABITO', 'BALZE', 'BLU', 'XS', 'DONNA', NULL),
	(3, 'ABITO', 'BALZE', 'BLU', 'M', 'DONNA', NULL),
	(4, 'ABITO', 'BALZE', 'BLU', 'L', 'DONNA', NULL),
	(5, 'ABITO', 'BALZE', 'ECRU', 'XS', 'DONNA', NULL),
	(6, 'ABITO', 'BALZE', 'ECRU', 'S', 'DONNA', NULL),
	(7, 'ABITO', 'BALZE', 'ECRU', 'M', 'DONNA', NULL),
	(8, 'ABITO', 'BALZE', 'ECRU', 'L', 'DONNA', NULL),
	(9, 'ABITO', 'BALZE', 'ECRU', 'XL', 'DONNA', NULL),
	(10, 'ABITO', 'CAFTANO MANICHE', 'BIANCO STONE', 'XS', 'DONNA', NULL),
	(11, 'ABITO', 'CAFTANO MANICHE', 'BIANCO STONE', 'S', 'DONNA', NULL),
	(12, 'ABITO', 'CAFTANO MANICHE', 'BIANCO STONE', 'M', 'DONNA', NULL),
	(13, 'ABITO', 'CAFTANO MANICHE', 'BIANCO STONE', 'L', 'DONNA', NULL),
	(14, 'ABITO', 'CAFTANO MANICHE', 'BIANCO STONE', 'XL', 'DONNA', NULL),
	(15, 'ABITO', 'CAFTANO SMANICATO', 'NERO BEIGE', 'S', 'DONNA', NULL),
	(16, 'ABITO', 'CAFTANO SMANICATO', 'NERO BEIGE', 'M', 'DONNA', NULL),
	(17, 'ABITO', 'CAFTANO SMANICATO', 'NERO BEIGE', 'L', 'DONNA', NULL),
	(18, 'ABITO', 'CAFTANO SMANICATO', 'NERO BEIGE', 'XL', 'DONNA', NULL),
	(19, 'ABITO', 'CAFTANO SMANICATO', 'ROSSO BEIGE', 'S', 'DONNA', NULL),
	(20, 'ABITO', 'CAFTANO SMANICATO', 'ROSSO BEIGE', 'M', 'DONNA', NULL),
	(21, 'ABITO', 'CAFTANO SMANICATO', 'ROSSO BEIGE', 'L', 'DONNA', NULL),
	(22, 'ABITO', 'CAFTANO SMANICATO', 'ROSSO BEIGE', 'XL', 'DONNA', NULL),
	(23, 'ABITO', 'COLLO ANELLO', 'GRIGIO PERLA', 'XS', 'DONNA', NULL),
	(24, 'ABITO', 'COLLO ANELLO', 'GRIGIO PERLA', 'S', 'DONNA', NULL),
	(25, 'ABITO', 'COLLO ANELLO', 'GRIGIO PERLA', 'M', 'DONNA', NULL),
	(26, 'ABITO', 'COLLO ANELLO', 'GRIGIO PERLA', 'L', 'DONNA', NULL),
	(27, 'ABITO', 'COLLO ANELLO', 'GRIGIO PERLA', 'XL', 'DONNA', NULL),
	(28, 'ABITO', 'DOPPIO', 'BIANCO BEIGE', 'XS', 'DONNA', NULL),
	(29, 'ABITO', 'DOPPIO', 'BIANCO BEIGE', 'S', 'DONNA', NULL),
	(30, 'ABITO', 'DOPPIO', 'BIANCO BEIGE', 'M', 'DONNA', NULL),
	(31, 'ABITO', 'DOPPIO', 'BIANCO BEIGE', 'L', 'DONNA', NULL),
	(32, 'ABITO', 'CANNELLO', 'BLU', 'XS', 'DONNA', NULL),
	(33, 'ABITO', 'CANNELLO', 'BLU', 'S', 'DONNA', NULL),
	(34, 'ABITO', 'CANNELLO', 'BLU', 'M', 'DONNA', NULL),
	(35, 'ABITO', 'CANNELLO', 'BLU', 'L', 'DONNA', NULL),
	(36, 'ABITO', 'CANNELLO', 'BLU', 'XL', 'DONNA', NULL),
	(37, 'ABITO', 'IMPERO', 'BIANCO', 'XS', 'DONNA', NULL),
	(38, 'ABITO', 'IMPERO', 'BIANCO', 'S', 'DONNA', NULL),
	(39, 'ABITO', 'IMPERO', 'BIANCO', 'M', 'DONNA', NULL),
	(40, 'ABITO', 'IMPERO', 'BIANCO', 'L', 'DONNA', NULL),
	(41, 'ABITO', 'IMPERO', 'BIANCO', 'XL', 'DONNA', NULL),
	(42, 'ABITO', 'IMPERO', 'BIANCO', 'XXL', 'DONNA', NULL),
	(43, 'ABITO', 'IMPERO', 'GRIGIO MARRONE', 'XS', 'DONNA', NULL),
	(44, 'ABITO', 'IMPERO', 'GRIGIO MARRONE', 'S', 'DONNA', NULL),
	(45, 'ABITO', 'IMPERO', 'GRIGIO MARRONE', 'M', 'DONNA', NULL),
	(46, 'ABITO', 'IMPERO', 'GRIGIO MARRONE', 'L', 'DONNA', NULL),
	(47, 'ABITO', 'IMPERO', 'GRIGIO MARRONE', 'XL', 'DONNA', NULL),
	(48, 'ABITO', 'IMPERO', 'GRIGIO MARRONE', 'XXL', 'DONNA', NULL),
	(49, 'ABITO', 'IMPERO', 'JEANS', 'XS', 'DONNA', NULL),
	(50, 'ABITO', 'IMPERO', 'JEANS', 'S', 'DONNA', NULL),
	(51, 'ABITO', 'IMPERO', 'JEANS', 'M', 'DONNA', NULL),
	(52, 'ABITO', 'IMPERO', 'JEANS', 'L', 'DONNA', NULL),
	(53, 'ABITO', 'IMPERO', 'JEANS', 'XL', 'DONNA', NULL),
	(54, 'ABITO', 'IMPERO', 'JEANS', 'XXL', 'DONNA', NULL),
	(55, 'ABITO', 'RIGHRE VERT. SPIGOLI', 'ECRU', 'XS', 'DONNA', NULL),
	(56, 'ABITO', 'RIGHRE VERT. SPIGOLI', 'ECRU', 'S', 'DONNA', NULL),
	(57, 'ABITO', 'RIGHRE VERT. SPIGOLI', 'ECRU', 'M', 'DONNA', NULL),
	(58, 'ABITO', 'RIGHRE VERT. SPIGOLI', 'ECRU', 'L', 'DONNA', NULL),
	(59, 'ABITO', 'RIGHRE VERT. SPIGOLI', 'ECRU', 'XL', 'DONNA', NULL),
	(60, 'ABITO', 'LUNGO RIGHE SPIGATO', 'BIANCO MARINE', 'S', 'DONNA', NULL),
	(61, 'ABITO', 'LUNGO RIGHE SPIGATO', 'BIANCO MARINE', 'M', 'DONNA', NULL),
	(62, 'ABITO', 'LUNGO RIGHE ORIZZ.', 'ECRU', 'U', 'DONNA', NULL),
	(63, 'ABITO', 'LUNGO COLLO ANELLO', 'GRIGIO MARRONE', 'XS', 'DONNA', NULL),
	(64, 'ABITO', 'LUNGO COLLO ANELLO', 'GRIGIO MARRONE', 'S', 'DONNA', NULL),
	(65, 'ABITO', 'LUNGO COLLO ANELLO', 'GRIGIO MARRONE', 'M', 'DONNA', NULL),
	(66, 'ABITO', 'LUNGO COLLO ANELLO', 'GRIGIO MARRONE', 'L', 'DONNA', NULL),
	(67, 'ABITO', 'LUNGO COLLO ANELLO', 'GRIGIO MARRONE', 'XL', 'DONNA', NULL),
	(68, 'ABITO', 'LUNGO SBIEGO RIGATO', 'MARRONE', 'XS', 'DONNA', NULL),
	(69, 'ABITO', 'LUNGO SBIEGO RIGATO', 'MARRONE', 'S', 'DONNA', NULL),
	(70, 'ABITO', 'LUNGO SBIEGO RIGATO', 'MARRONE', 'M', 'DONNA', NULL),
	(71, 'ABITO', 'LUNGO SBIEGO RIGATO', 'MARRONE', 'L', 'DONNA', NULL),
	(72, 'ABITO', 'MARINARO A RIGHE', 'BLU BIANCO', 'XS', 'DONNA', NULL),
	(73, 'ABITO', 'MARINARO A RIGHE', 'BLU BIANCO', 'S', 'DONNA', NULL),
	(74, 'ABITO', 'MARINARO A RIGHE', 'BLU BIANCO', 'M', 'DONNA', NULL),
	(75, 'ABITO', 'MARINARO A RIGHE', 'BLU BIANCO', 'L', 'DONNA', NULL),
	(76, 'ABITO', 'VALENTINA', 'BLU', 'S', 'DONNA', NULL),
	(77, 'ABITO', 'VALENTINA', 'BLU', 'M', 'DONNA', NULL),
	(78, 'ABITO', 'VALENTINA', 'BLU', 'L', 'DONNA', NULL),
	(79, 'ABITO', 'VALENTINA', 'ROSSO', 'S', 'DONNA', NULL),
	(80, 'ABITO', 'VALENTINA', 'ROSSO', 'M', 'DONNA', NULL),
	(81, 'ABITO', 'AMALTEA', 'ROSSO', 'XS', 'DONNA', NULL),
	(82, 'ABITO', 'AMALTEA', 'ROSSO', 'S', 'DONNA', NULL),
	(83, 'ABITO', 'AMALTEA', 'ROSSO', 'M', 'DONNA', NULL),
	(84, 'ABITO', 'AMALTEA', 'ROSSO', 'L', 'DONNA', NULL),
	(85, 'BORSA', 'LINO', 'ECRU', 'U', 'DONNA', NULL),
	(86, 'CAMICIA', 'VOLANT', 'BIANCO', 'M', 'DONNA', NULL),
	(87, 'CAMICIA', 'VOLANT', 'BIANCO', 'L', 'DONNA', NULL),
	(88, 'CAMICIA', 'VOLANT', 'BIANCO', 'XL', 'DONNA', NULL),
	(89, 'CAMICIA', 'ALAMARI', 'BONDY', 'XS', 'DONNA', NULL),
	(90, 'CAMICIA', 'ALAMARI', 'BONDY', 'S', 'DONNA', NULL),
	(91, 'CAMICIA', 'ALAMARI', 'BONDY', 'M', 'DONNA', NULL),
	(92, 'CAMICIA', 'ALAMARI', 'BONDY', 'L', 'DONNA', NULL),
	(93, 'CAMICIA', 'ALAMARI', 'BONDY', 'XL', 'DONNA', NULL),
	(94, 'CAMICIA', 'ALAMARI', 'BONDY', 'XXL', 'DONNA', NULL),
	(95, 'CAMICIA', 'ALAMARI', 'BIANCO', 'XS', 'DONNA', NULL),
	(96, 'CAMICIA', 'ALAMARI', 'BIANCO', 'S', 'DONNA', NULL),
	(97, 'CAMICIA', 'ALAMARI', 'BIANCO', 'M', 'DONNA', NULL),
	(98, 'CAMICIA', 'ALAMARI', 'BIANCO', 'L', 'DONNA', NULL),
	(99, 'CAMICIA', 'ALAMARI', 'BIANCO', 'XL', 'DONNA', NULL),
	(100, 'CAMICIA', 'ALAMARI', 'BIANCO', 'XXL', 'DONNA', NULL),
	(101, 'CAMICIA', 'ALAMARI', 'GRIGIO MARRONE', 'XS', 'DONNA', NULL),
	(102, 'CAMICIA', 'ALAMARI', 'GRIGIO MARRONE', 'S', 'DONNA', NULL),
	(103, 'CAMICIA', 'ALAMARI', 'GRIGIO MARRONE', 'M', 'DONNA', NULL),
	(104, 'CAMICIA', 'ALAMARI', 'GRIGIO MARRONE', 'L', 'DONNA', NULL),
	(105, 'CAMICIA', 'ALAMARI', 'GRIGIO MARRONE', 'XL', 'DONNA', NULL),
	(106, 'CAMICIA', 'ALAMARI', 'GRIGIO MARRONE', 'XXL', 'DONNA', NULL),
	(107, 'CAMICIA', 'CHEMISIER', 'ECRU', 'XS', 'DONNA', NULL),
	(108, 'CAMICIA', 'CHEMISIER', 'ECRU', 'S', 'DONNA', NULL),
	(109, 'CAMICIA', 'CHEMISIER', 'ECRU', 'M', 'DONNA', NULL),
	(110, 'CAMICIA', 'CHEMISIER', 'ECRU', 'L', 'DONNA', NULL),
	(111, 'CAMICIA', 'CHEMISIER', 'ECRU', 'XL', 'DONNA', NULL),
	(112, 'CAMICIA', 'CHEMISIER', 'MARRONE', 'S', 'DONNA', NULL),
	(113, 'CAMICIA', 'CHEMISIER', 'MARRONE', 'L', 'DONNA', NULL),
	(114, 'CAMICIA', 'CLASSICA', 'ROYAL', 'M', 'DONNA', NULL),
	(115, 'CAMICIA', 'CLASSICA', 'ROYAL', 'L', 'DONNA', NULL),
	(116, 'CAMICIA', 'CLASSICA', 'ROYAL', 'XL', 'DONNA', NULL),
	(117, 'CAMICIA', 'COREANA E POLSINO', 'ECRU', 'S', 'DONNA', NULL),
	(118, 'CAMICIA', 'COREANA E POLSINO', 'ECRU', 'M', 'DONNA', NULL),
	(119, 'CAMICIA', 'COREANA E POLSINO', 'ECRU', 'L', 'DONNA', NULL),
	(120, 'CAMICIA', 'FIOCCO', 'BIANCO ECRU', 'L', 'DONNA', NULL),
	(121, 'CAMICIA', 'OVER', 'BIANCO', 'XL', 'DONNA', NULL),
	(122, 'CAMICIA', 'PRINCIPESSA', 'BIANCO', 'S', 'DONNA', NULL),
	(123, 'CAMICIA', 'PRINCIPESSA', 'BIANCO', 'M', 'DONNA', NULL),
	(124, 'CAMICIA', 'PRINCIPESSA', 'BIANCO', 'L', 'DONNA', NULL),
	(125, 'CAMICIA', 'PRINCIPESSA', 'BIANCO', 'XL', 'DONNA', NULL),
	(126, 'CAMICIA', 'SPIGATA A RIGHE', 'BIANCO MARINE', 'S', 'DONNA', NULL),
	(127, 'CAMICIA', 'SPIGATA A RIGHE', 'BIANCO MARINE', 'L', 'DONNA', NULL),
	(128, 'CAMICIA', 'SPIGATA A RIGHE', 'MARRONE ECRU', 'S', 'DONNA', NULL),
	(129, 'CAMICIA', 'SPIGATA A RIGHE', 'MARRONE ECRU', 'L', 'DONNA', NULL),
	(130, 'CAMICIA', 'VALENTINA', 'BIANCO', 'XS', 'DONNA', NULL),
	(131, 'CAMICIA', 'VALENTINA', 'BIANCO', 'M', 'DONNA', NULL),
	(132, 'CAMICIA', 'VALENTINA', 'BIANCO', 'L', 'DONNA', NULL),
	(133, 'CAMICIA', 'RIGHINA', 'BIANCO', 'XS', 'DONNA', NULL),
	(134, 'CAMICIA', 'RIGHINA', 'BIANCO', 'S', 'DONNA', NULL),
	(135, 'CAMICIA', 'RIGHINA', 'BIANCO', 'M', 'DONNA', NULL),
	(136, 'CAMICIA', 'RIGHINA', 'BIANCO', 'L', 'DONNA', NULL),
	(137, 'CAMICIA', 'RIGHINA', 'BIANCO', 'XL', 'DONNA', NULL),
	(138, 'CAMICIONE', 'COREANO PLISSET', 'BIANCO', 'S', 'DONNA', NULL),
	(139, 'CAMICIONE', 'COREANO PLISSET', 'BIANCO', 'M', 'DONNA', NULL),
	(140, 'CAMICIONE', 'COREANO PLISSET', 'BIANCO', 'L', 'DONNA', NULL),
	(141, 'CAMICIONE', 'COREANO PLISSET', 'BIANCO', 'XL', 'DONNA', NULL),
	(142, 'CAMICIONE', 'COREANO PLISSET', 'ROSSO', 'S', 'DONNA', NULL),
	(143, 'CAMICIONE', 'LUNGHISSIMO', 'BIANCO', 'M', 'DONNA', NULL),
	(144, 'CAMICIONE', 'LUNGHISSIMO', 'BIANCO', 'L', 'DONNA', NULL),
	(145, 'CAMICIONE', 'LUNGHISSIMO', 'BIANCO', 'XL', 'DONNA', NULL),
	(146, 'CINTA', 'LINO', 'MIX', 'U', 'DONNA', NULL),
	(147, 'GONNA', 'RIGHE', 'BLU BIANCO', 'S', 'DONNA', NULL),
	(148, 'GONNA', 'RIGHE', 'BLU BIANCO', 'M', 'DONNA', NULL),
	(149, 'MAGLIA', 'BOTTONI DIETRO', 'MIX', 'S', 'DONNA', NULL),
	(150, 'MAGLIA', 'BOTTONI DIETRO', 'MIX', 'M', 'DONNA', NULL),
	(151, 'MAGLIA', 'BOTTONI DIETRO', 'MIX', 'L', 'DONNA', NULL),
	(152, 'MAGLIA', 'CARDIGAN', 'BLU', 'M', 'DONNA', NULL),
	(153, 'MAGLIA', 'TOP MAGLINA', 'BIANCO', 'S', 'DONNA', NULL),
	(154, 'MAGLIA', 'TOP MAGLINA', 'BIANCO', 'M', 'DONNA', NULL),
	(155, 'MAGLIA', 'TOP MAGLINA', 'BIANCO', 'L', 'DONNA', NULL),
	(156, 'MAGLIA', 'UOVO', 'BLU', 'U', 'DONNA', NULL),
	(157, 'MAGLIA', 'UOVO', 'PIOMBO', 'U', 'DONNA', NULL),
	(158, 'MAGLIA', 'UOVO', 'ROSSO', 'U', 'DONNA', NULL),
	(159, 'MAGLIA', 'UOVO', 'TERRA', 'U', 'DONNA', NULL),
	(160, 'MAGLIA', 'UOVO RIGHE', 'BLU BIANCO', 'U', 'DONNA', NULL),
	(161, 'PANTALONE', 'CAPRI', 'BIANCO', 'XS', 'DONNA', NULL),
	(162, 'PANTALONE', 'CAPRI', 'BIANCO', 'S', 'DONNA', NULL),
	(163, 'PANTALONE', 'CAPRI', 'BIANCO', 'M', 'DONNA', NULL),
	(164, 'PANTALONE', 'CAPRI', 'BIANCO', 'L', 'DONNA', NULL),
	(165, 'PANTALONE', 'CAPRI', 'BIANCO', 'XL', 'DONNA', NULL),
	(166, 'PANTALONE', 'CAPRI', 'BIANCO', 'XXL', 'DONNA', NULL),
	(167, 'PANTALONE', 'CAPRI', 'BLU', 'XS', 'DONNA', NULL),
	(168, 'PANTALONE', 'CAPRI', 'BLU', 'S', 'DONNA', NULL),
	(169, 'PANTALONE', 'CAPRI', 'BLU', 'M', 'DONNA', NULL),
	(170, 'PANTALONE', 'CAPRI', 'BLU', 'L', 'DONNA', NULL),
	(171, 'PANTALONE', 'CAPRI', 'BLU', 'XL', 'DONNA', NULL),
	(172, 'PANTALONE', 'CAPRI', 'BLU', 'XXL', 'DONNA', NULL),
	(173, 'PANTALONE', 'CAPRI', 'ECRU', 'XS', 'DONNA', NULL),
	(174, 'PANTALONE', 'CAPRI', 'ECRU', 'S', 'DONNA', NULL),
	(175, 'PANTALONE', 'CAPRI', 'ECRU', 'M', 'DONNA', NULL),
	(176, 'PANTALONE', 'CAPRI', 'ECRU', 'L', 'DONNA', NULL),
	(177, 'PANTALONE', 'CAPRI', 'ECRU', 'XL', 'DONNA', NULL),
	(178, 'PANTALONE', 'CAPRI', 'ECRU', 'XXL', 'DONNA', NULL),
	(179, 'PANTALONE', 'CAPRI', 'MARRONE', 'XS', 'DONNA', NULL),
	(180, 'PANTALONE', 'CAPRI', 'MARRONE', 'S', 'DONNA', NULL),
	(181, 'PANTALONE', 'CAPRI', 'MARRONE', 'M', 'DONNA', NULL),
	(182, 'PANTALONE', 'CAPRI', 'MARRONE', 'L', 'DONNA', NULL),
	(183, 'PANTALONE', 'CAPRI', 'MARRONE', 'XL', 'DONNA', NULL),
	(184, 'PANTALONE', 'CAPRI', 'MARRONE', 'XXL', 'DONNA', NULL),
	(185, 'PANTALONE', 'CAPRI QUADRETTO', 'BLU BIANCO', 'XS', 'DONNA', NULL),
	(186, 'PANTALONE', 'CAPRI QUADRETTO', 'BLU BIANCO', 'S', 'DONNA', NULL),
	(187, 'PANTALONE', 'CAPRI QUADRETTO', 'BLU BIANCO', 'M', 'DONNA', NULL),
	(188, 'PANTALONE', 'CAPRI QUADRETTO', 'BLU BIANCO', 'L', 'DONNA', NULL),
	(189, 'PANTALONE', 'CAPRI QUADRETTO', 'BLU BIANCO', 'XL', 'DONNA', NULL),
	(190, 'PANTALONE', 'PALAZZO', 'BIANCO', 'XS', 'DONNA', NULL),
	(191, 'PANTALONE', 'PALAZZO', 'BIANCO', 'S', 'DONNA', NULL),
	(192, 'PANTALONE', 'PALAZZO', 'BIANCO', 'M', 'DONNA', NULL),
	(193, 'PANTALONE', 'PALAZZO', 'BIANCO', 'L', 'DONNA', NULL),
	(194, 'PANTALONE', 'PALAZZO', 'BIANCO', 'XL', 'DONNA', NULL),
	(195, 'PANTALONE', 'PALAZZO', 'BIANCO', 'XXL', 'DONNA', NULL),
	(196, 'PANTALONE', 'PALAZZO', 'STONE', 'XS', 'DONNA', NULL),
	(197, 'PANTALONE', 'PALAZZO', 'STONE', 'S', 'DONNA', NULL),
	(198, 'PANTALONE', 'PALAZZO', 'STONE', 'M', 'DONNA', NULL),
	(199, 'PANTALONE', 'PALAZZO', 'STONE', 'L', 'DONNA', NULL),
	(200, 'PANTALONE', 'PALAZZO', 'STONE', 'XL', 'DONNA', NULL),
	(201, 'PANTALONE', 'PALAZZO', 'STONE', 'XXL', 'DONNA', NULL),
	(202, 'PANTALONE', 'PALAZZO', 'VERDE', 'S', 'DONNA', NULL),
	(203, 'PONCHO', 'LINO', 'MILITARE', 'U', 'DONNA', NULL),
	(204, 'PONCHO', 'LINO', 'SABBIA', 'U', 'DONNA', NULL),
	(205, 'PONCHO', 'LINO', 'MARRONE', 'U', 'DONNA', NULL),
	(206, 'PONCHO', 'CACHEMER', 'BLU', 'U', 'DONNA', NULL),
	(207, 'PONCHO', 'CACHEMER', 'BEIGE', 'U', 'DONNA', NULL),
	(208, 'PONCHO', 'CACHEMER', 'PANNA', 'U', 'DONNA', NULL),
	(209, 'PONCHO', 'CACHEMER', 'VERDE', 'U', 'DONNA', NULL),
	(210, 'TOP', 'CANNELLO', 'BIANCO', 'XS', 'DONNA', NULL),
	(211, 'TOP', 'CANNELLO', 'BIANCO', 'S', 'DONNA', NULL),
	(212, 'TOP', 'CANNELLO', 'BIANCO', 'M', 'DONNA', NULL),
	(213, 'TOP', 'CANNELLO', 'BIANCO', 'L', 'DONNA', NULL),
	(214, 'TOP', 'CANNELLO', 'BIANCO', 'XL', 'DONNA', NULL),
	(215, 'TOP', 'COLLO ANELLO', 'BIANCO ECRU', 'XS', 'DONNA', NULL),
	(216, 'TOP', 'COLLO ANELLO', 'BIANCO ECRU', 'S', 'DONNA', NULL),
	(217, 'TOP', 'COLLO ANELLO', 'BIANCO ECRU', 'M', 'DONNA', NULL),
	(218, 'TOP', 'COLLO ANELLO', 'BIANCO ECRU', 'L', 'DONNA', NULL),
	(219, 'TOP', 'COLLO ANELLO', 'BIANCO ECRU', 'XL', 'DONNA', NULL),
	(220, 'TOP', 'COLLO ANELLO', 'BLU BIANCO', 'S', 'DONNA', NULL),
	(221, 'TOP', 'COLLO ANELLO', 'BLU BIANCO', 'M', 'DONNA', NULL),
	(222, 'TOP', 'COLLO ANELLO', 'BLU BIANCO', 'L', 'DONNA', NULL),
	(223, 'TOP', 'COLLO ANELLO', 'BLU BIANCO', 'XL', 'DONNA', NULL),
	(224, 'TOP', 'COLLO ANELLO', 'PERLA BIANCO', 'XS', 'DONNA', NULL),
	(225, 'TOP', 'COLLO ANELLO', 'PERLA BIANCO', 'S', 'DONNA', NULL),
	(226, 'TOP', 'COLLO ANELLO', 'PERLA BIANCO', 'M', 'DONNA', NULL),
	(227, 'TOP', 'COLLO ANELLO', 'PERLA BIANCO', 'L', 'DONNA', NULL),
	(228, 'TOP', 'COLLO ANELLO', 'PERLA BIANCO', 'XL', 'DONNA', NULL),
	(229, 'TOP', 'LINO MISTO MAGLINA', 'NERO', 'XS', 'DONNA', NULL),
	(230, 'TOP', 'LINO MISTO MAGLINA', 'NERO', 'L', 'DONNA', NULL),
	(231, 'TOP', 'PLISSET', 'BIANCO', 'XS', 'DONNA', NULL),
	(232, 'TOP', 'PLISSET', 'BIANCO', 'S', 'DONNA', NULL),
	(233, 'TOP', 'PLISSET', 'BIANCO', 'M', 'DONNA', NULL),
	(234, 'TOP', 'PLISSET', 'BIANCO', 'L', 'DONNA', NULL),
	(235, 'TOP', 'PLISSET', 'BIANCO', 'XL', 'DONNA', NULL),
	(236, 'TOP', 'PLISSET', 'ECRU', 'XS', 'DONNA', NULL),
	(237, 'TOP', 'PLISSET', 'ECRU', 'S', 'DONNA', NULL),
	(238, 'TOP', 'PLISSET', 'ECRU', 'M', 'DONNA', NULL),
	(239, 'TOP', 'PLISSET', 'ECRU', 'L', 'DONNA', NULL),
	(240, 'TOP', 'PLISSET', 'ECRU', 'XL', 'DONNA', NULL),
	(241, 'TOP', 'PLISSET', 'MARRONE', 'XS', 'DONNA', NULL),
	(242, 'TOP', 'PLISSET', 'MARRONE', 'S', 'DONNA', NULL),
	(243, 'TOP', 'PLISSET', 'MARRONE', 'M', 'DONNA', NULL),
	(244, 'TOP', 'PLISSET', 'MARRONE', 'L', 'DONNA', NULL),
	(245, 'TOP', 'PLISSET', 'MARRONE', 'XL', 'DONNA', NULL),
	(246, 'CAMICIA', 'CLASSICO', 'BIANCO', 'S', 'UOMO', NULL),
	(247, 'CAMICIA', 'CLASSICO', 'BIANCO', 'M', 'UOMO', NULL),
	(248, 'CAMICIA', 'CLASSICO', 'BIANCO', 'L', 'UOMO', NULL),
	(249, 'CAMICIA', 'CLASSICO', 'BIANCO', 'XL', 'UOMO', NULL),
	(250, 'CAMICIA', 'CLASSICO', 'BIANCO', 'XXL', 'UOMO', NULL),
	(251, 'CAMICIA', 'CLASSICO', 'BLU', 'S', 'UOMO', NULL),
	(252, 'CAMICIA', 'CLASSICO', 'BLU', 'M', 'UOMO', NULL),
	(253, 'CAMICIA', 'CLASSICO', 'BLU', 'L', 'UOMO', NULL),
	(254, 'CAMICIA', 'CLASSICO', 'ROSSO', 'S', 'UOMO', NULL),
	(255, 'CAMICIA', 'CLASSICO', 'ROSSO', 'M', 'UOMO', NULL),
	(256, 'CAMICIA', 'CLASSICO', 'ROSSO', 'L', 'UOMO', NULL),
	(257, 'CAMICIA', 'CLASSICO', 'ROSSO', 'XXL', 'UOMO', NULL),
	(258, 'CAMICIA', 'COREANA APERTO', 'BIANCO', 'S', 'UOMO', NULL),
	(259, 'CAMICIA', 'COREANA APERTO', 'BIANCO', 'M', 'UOMO', NULL),
	(260, 'CAMICIA', 'COREANA APERTO', 'BIANCO', 'L', 'UOMO', NULL),
	(261, 'CAMICIA', 'COREANA APERTO', 'BIANCO', 'XL', 'UOMO', NULL),
	(262, 'CAMICIA', 'COREANA APERTO', 'BIANCO', 'XXL', 'UOMO', NULL),
	(263, 'CAMICIA', 'COREANA APERTO', 'MARINE', 'S', 'UOMO', NULL),
	(264, 'CAMICIA', 'COREANA APERTO', 'MARINE', 'M', 'UOMO', NULL),
	(265, 'CAMICIA', 'COREANA APERTO', 'MARINE', 'XXL', 'UOMO', NULL),
	(266, 'CAMICIA', 'COREANA APERTO RIGA', 'BIANCO BEIGE', 'S', 'UOMO', NULL),
	(267, 'CAMICIA', 'COREANA APERTO RIGA', 'BIANCO BEIGE', 'M', 'UOMO', NULL),
	(268, 'CAMICIA', 'COREANA APERTO RIGA', 'BIANCO BEIGE', 'L', 'UOMO', NULL),
	(269, 'CAMICIA', 'COREANA APERTO RIGA', 'BIANCO BEIGE', 'XL', 'UOMO', NULL),
	(270, 'CAMICIA', 'COREANA APERTO RIGA', 'BIANCO BEIGE', 'XXL', 'UOMO', NULL),
	(271, 'CAMICIA', 'COREANA CHIUSO', 'BONDY', 'S', 'UOMO', NULL),
	(272, 'CAMICIA', 'COREANA CHIUSO', 'BONDY', 'M', 'UOMO', NULL),
	(273, 'CAMICIA', 'COREANA CHIUSO', 'BONDY', 'L', 'UOMO', NULL),
	(274, 'CAMICIA', 'COREANA CHIUSO', 'BONDY', 'XL', 'UOMO', NULL),
	(275, 'CAMICIA', 'COREANA CHIUSO', 'BONDY', 'XXL', 'UOMO', NULL),
	(276, 'CAMICIA', 'COREANA CHIUSO RIGA', 'BIANCO BEIGE', 'S', 'UOMO', NULL),
	(277, 'CAMICIA', 'COREANA CHIUSO RIGA', 'BIANCO BEIGE', 'M', 'UOMO', NULL),
	(278, 'CAMICIA', 'COREANA CHIUSO RIGA', 'BIANCO BEIGE', 'L', 'UOMO', NULL),
	(279, 'CAMICIA', 'COREANA CHIUSO RIGA', 'BIANCO BEIGE', 'XL', 'UOMO', NULL),
	(280, 'CAMICIA', 'COREANA CHIUSO RIGA', 'BIANCO BEIGE', 'XXL', 'UOMO', NULL),
	(281, 'CAMICIA', 'COREANA CHIUSO RIGA', 'BLU BIANCO', 'S', 'UOMO', NULL),
	(282, 'CAMICIA', 'COREANA CHIUSO RIGA', 'BLU BIANCO', 'M', 'UOMO', NULL),
	(283, 'CAMICIA', 'COREANA CHIUSO RIGA', 'BLU BIANCO', 'L', 'UOMO', NULL),
	(284, 'CAMICIA', 'COREANA CHIUSO RIGA', 'BLU BIANCO', 'XL', 'UOMO', NULL),
	(285, 'CAMICIA', 'COREANA CHIUSO RIGA', 'BLU BIANCO', 'XXL', 'UOMO', NULL),
	(286, 'GIACCA', 'CLASSICA', 'BLU', '50', 'UOMO', NULL),
	(287, 'GIACCA', 'CLASSICA', 'BLU', '52', 'UOMO', NULL),
	(288, 'GIACCA', 'CLASSICA', 'BLU', '54', 'UOMO', NULL),
	(289, 'GIACCA', 'CLASSICA', 'BLU', '56', 'UOMO', NULL),
	(290, 'GIACCA', 'CLASSICA', 'BLU', '58', 'UOMO', NULL),
	(291, 'GIACCA', 'CLASSICA', 'ECRU', '50', 'UOMO', NULL),
	(292, 'GIACCA', 'CLASSICA', 'ECRU', '54', 'UOMO', NULL),
	(293, 'PANTALONE', 'BERMUDA', 'BIANCO', 'M', 'UOMO', NULL),
	(294, 'PANTALONE', 'BERMUDA', 'BIANCO', 'XL', 'UOMO', NULL),
	(295, 'PANTALONE', 'BERMUDA', 'BLU', 'M', 'UOMO', NULL),
	(296, 'PANTALONE', 'BERMUDA', 'BLU', 'L', 'UOMO', NULL),
	(297, 'PANTALONE', 'BERMUDA', 'BLU', 'XL', 'UOMO', NULL),
	(298, 'PANTALONE', 'BERMUDA', 'BLU', 'XXL', 'UOMO', NULL),
	(299, 'PANTALONE', 'BERMUDA', 'ECRU', 'S', 'UOMO', NULL),
	(300, 'PANTALONE', 'BERMUDA', 'ECRU', 'M', 'UOMO', NULL),
	(301, 'PANTALONE', 'BERMUDA', 'ECRU', 'L', 'UOMO', NULL),
	(302, 'PANTALONE', 'BERMUDA', 'ECRU', 'XL', 'UOMO', NULL),
	(303, 'PANTALONE', 'BERMUDA', 'ECRU', 'XXL', 'UOMO', NULL),
	(304, 'PANTALONE', 'PANTALACCIO', 'BIANCO', 'M', 'UOMO', NULL),
	(305, 'PANTALONE', 'PANTALACCIO', 'BIANCO', 'L', 'UOMO', NULL),
	(306, 'PANTALONE', 'PANTALACCIO', 'BIANCO', 'XL', 'UOMO', NULL),
	(307, 'PANTALONE', 'PANTALACCIO', 'BIANCO', 'XXL', 'UOMO', NULL),
	(308, 'PANTALONE', 'PANTALACCIO', 'BLU', 'S', 'UOMO', NULL),
	(309, 'PANTALONE', 'PANTALACCIO', 'BLU', 'M', 'UOMO', NULL),
	(310, 'PANTALONE', 'PANTALACCIO', 'BLU', 'L', 'UOMO', NULL),
	(311, 'PANTALONE', 'PANTALACCIO', 'BLU', 'XL', 'UOMO', NULL),
	(312, 'PANTALONE', 'PANTALACCIO', 'BLU', 'XXL', 'UOMO', NULL),
	(313, 'PANTALONE', 'PANTALACCIO', 'ECRU', 'S', 'UOMO', NULL),
	(314, 'PANTALONE', 'PANTALACCIO', 'ECRU', 'M', 'UOMO', NULL),
	(315, 'PANTALONE', 'PANTALACCIO', 'ECRU', 'L', 'UOMO', NULL),
	(316, 'PANTALONE', 'PANTALACCIO', 'ECRU', 'XL', 'UOMO', NULL),
	(317, 'PANTALONE', 'PANTALACCIO', 'ECRU', 'XXL', 'UOMO', NULL),
	(318, 'PANTALONE', 'PANTALACCIO', 'VERDE', 'S', 'UOMO', NULL),
	(319, 'PANTALONE', 'PANTALACCIO', 'VERDE', 'L', 'UOMO', NULL),
	(320, 'COPRISPALLE', 'ESTIVO', 'N/A', 'U', 'DONNA', NULL),
	(321, 'COPRISPALLE', 'ESTIVO DAMASCATO', 'N/A', 'U', 'DONNA', NULL),
	(322, 'COPRISPALLE', 'INVERNALE', 'N/A', 'U', 'DONNA', NULL),
	(323, 'CAPRI', 'ESTIVO', 'N/A', 'U', 'DONNA', NULL),
	(324, 'CAPRI', 'INVERNALE', 'N/A', 'U', 'DONNA', NULL),
	(325, 'PONCHO', 'INVERNALE', 'N/A', 'U', 'DONNA', NULL),
	(326, 'SCIARPA', 'ESTIVO', 'N/A', 'U', 'DONNA', NULL),
	(327, 'SCIARPA', 'ESTIVO DAMASCATO', 'N/A', 'U', 'DONNA', NULL),
	(328, 'SCIARPA', 'INVERNALE', 'N/A', 'U', 'DONNA', NULL),
	(329, 'SCIALLE', 'ESTIVO', 'N/A', 'U', 'DONNA', NULL),
	(330, 'MESSICO', 'ESTIVO', 'N/A', 'U', 'DONNA', NULL),
	(331, 'MESSICO', 'INVERNALE', 'N/A', 'U', 'DONNA', NULL),
	(332, 'SMANICATO', 'ESTIVO', 'N/A', 'U', 'DONNA', NULL),
	(333, 'ABITO', 'N/A', 'N/A', 'U', 'DONNA', NULL),
	(334, 'CAPPOTTO', 'N/A', 'N/A', 'U', 'DONNA', NULL),
	(335, 'CASACCA', 'N/A', 'N/A', 'U', 'DONNA', NULL),
	(336, 'GIACCA', 'N/A', 'N/A', 'U', 'DONNA', NULL),
	(337, 'PANTALONE', 'N/A', 'N/A', 'U', 'DONNA', NULL),
	(338, 'SPOLVERINO', 'N/A', 'N/A', 'U', 'DONNA', NULL),
	(339, 'TUTA', 'N/A', 'N/A', 'U', 'DONNA', NULL),
	(340, 'CAMICIA', 'N/A', 'N/A', 'U', 'DONNA', NULL),
	(341, 'GIACCA', 'GILA', 'BIA', 'S', 'DONNA', NULL),
	(342, 'GIACCA', 'GILA', 'BIA', 'M', 'DONNA', NULL),
	(343, 'GIACCA', 'GILA', 'BIA', 'L', 'DONNA', NULL),
	(344, 'GIACCA', 'GILA', 'BIA', 'XL', 'DONNA', NULL),
	(345, 'GIACCA', 'GILA', 'AMBRA', 'S', 'DONNA', NULL),
	(346, 'GIACCA', 'GILA', 'AMBRA', 'M', 'DONNA', NULL),
	(347, 'GIACCA', 'GILA', 'AMBRA', 'L', 'DONNA', NULL),
	(348, 'BORSA', 'N/A', 'N/A', 'U', 'UNISEX', NULL),
	(349, 'ZAINO', 'N/A', 'N/A', 'U', 'UNISEX', NULL),
	(350, 'PORTAFOGLIO', 'N/A', 'N/A', 'U', 'DONNA', NULL),
	(351, 'PORTAFOGLIO', 'N/A', 'N/A', 'U', 'UOMO', NULL),
	(352, 'CINTURA', 'N/A', 'N/A', 'U', 'UNISEX', NULL),
	(353, 'VENTAGLIO', 'N/A', 'N/A', 'U', 'DONNA', NULL),
	(354, 'SCIARPA', 'SCIARPA ALTR0', 'N/A', 'U', 'UNISEX', NULL),
	(355, 'ESTIVO', 'CAPPELO', 'N/A', 'U', 'UNISEX', NULL),
	(356, 'INVERNALE', 'CAPPELLO', 'N/A', 'U', 'UNISEX', NULL),
	(357, 'PANTALONE', 'N/A', 'N/A', 'U', 'DONNA', NULL),
	(358, 'CAMICIA', 'CHIUSA', 'N/A', 'U', 'DONNA', NULL),
	(359, 'MAGLIA', 'N/A', 'N/A', 'U', 'DONNA', NULL),
	(360, 'TOP', 'N/A', 'N/A', 'U', 'DONNA', NULL),
	(361, 'ABITO', 'N/A', 'N/A', 'U', 'DONNA', NULL),
	(362, 'GIACCA', 'N/A', 'N/A', 'U', 'DONNA', NULL),
	(363, 'CAPPOTTO', 'N/A', 'N/A', 'U', 'DONNA', NULL),
	(364, 'MANTELLA', 'N/A', 'N/A', 'U', 'DONNA', NULL),
	(365, 'GONNA', 'N/A', 'N/A', 'U', 'DONNA', NULL),
	(366, 'COPRISPALLE', 'N/A', 'N/A', 'U', 'DONNA', NULL),
	(367, 'ALTRO', 'N/A', 'N/A', 'U', 'DONNA', NULL),
	(368, 'COLLANE', 'N/A', 'N/A', 'U', 'DONNA', NULL),
	(369, 'ORECCHINI', 'N/A', 'N/A', 'U', 'DONNA', NULL),
	(370, 'BRACCIALE', 'N/A', 'N/A', 'U', 'DONNA', NULL);
/*!40000 ALTER TABLE `app_custom_warehouse_items` ENABLE KEYS */;

CREATE TABLE IF NOT EXISTS `app_dml_operation_log` (
  `id` int(11) NOT NULL AUTO_INCREMENT,
  `datare` timestamp NOT NULL DEFAULT CURRENT_TIMESTAMP,
  `userreg` int(11) NOT NULL,
  `tablename` varchar(50) NOT NULL,
  `operation` varchar(50) NOT NULL,
  `rawvalues` longtext NOT NULL,
  `inserted_id` int(11) DEFAULT NULL,
  `errmess` varchar(32000) DEFAULT NULL,
  PRIMARY KEY (`id`),
  KEY `fk_app_dml_operation_log_userreg` (`userreg`),
  CONSTRAINT `fk_app_dml_operation_log_userreg` FOREIGN KEY (`userreg`) REFERENCES `app_users` (`id`) ON DELETE NO ACTION
) ENGINE=InnoDB AUTO_INCREMENT=2 DEFAULT CHARSET=latin1;

DELETE FROM `app_dml_operation_log`;
/*!40000 ALTER TABLE `app_dml_operation_log` DISABLE KEYS */;
/*!40000 ALTER TABLE `app_dml_operation_log` ENABLE KEYS */;

CREATE TABLE IF NOT EXISTS `app_measure_units` (
  `id` int(11) NOT NULL AUTO_INCREMENT,
  `code` varchar(255) NOT NULL,
  `descri` varchar(255) NOT NULL,
  `notes` varchar(255) DEFAULT NULL,
  PRIMARY KEY (`id`)
) ENGINE=InnoDB AUTO_INCREMENT=2 DEFAULT CHARSET=latin1;

DELETE FROM `app_measure_units`;
/*!40000 ALTER TABLE `app_measure_units` DISABLE KEYS */;
INSERT INTO `app_measure_units` (`id`, `code`, `descri`, `notes`) VALUES
	(1, 'NUMBER', 'Numero', NULL);
/*!40000 ALTER TABLE `app_measure_units` ENABLE KEYS */;

CREATE TABLE IF NOT EXISTS `app_reports` (
  `id` int(11) NOT NULL AUTO_INCREMENT,
  `app_reports_type_id` int(11) NOT NULL,
  `outfilename` varchar(255) NOT NULL,
  `descri` varchar(255) NOT NULL,
  `query_path` varchar(255) NOT NULL,
  `inputs` varchar(4000) DEFAULT NULL,
  PRIMARY KEY (`id`),
  KEY `fk_app_reports_type` (`app_reports_type_id`),
  CONSTRAINT `fk_app_reports_type` FOREIGN KEY (`app_reports_type_id`) REFERENCES `app_reports_type` (`id`) ON DELETE NO ACTION ON UPDATE NO ACTION
) ENGINE=InnoDB AUTO_INCREMENT=4 DEFAULT CHARSET=latin1;

DELETE FROM `app_reports`;
/*!40000 ALTER TABLE `app_reports` DISABLE KEYS */;
INSERT INTO `app_reports` (`id`, `app_reports_type_id`, `outfilename`, `descri`, `query_path`, `inputs`) VALUES
	(1, 0, 'maga_movim_xdata', 'Movimenti x Data', 'excel/excel_movim_xdata.sql', 'inidate=date=Data Inizio&findate=date=Data Fine'),
	(2, 0, 'maga_giac_xdata', 'Giacenza x Data', 'excel/excel_giac_xdata.sql', 'inidate=date=Data'),
	(3, 0, 'maga_movim_aggr_xdata', 'Movimenti Aggregati x Data', 'excel/excel_qtamov_xdata.sql', 'inidate=date=Data Inizio&findate=date=Data Fine');
/*!40000 ALTER TABLE `app_reports` ENABLE KEYS */;

CREATE TABLE IF NOT EXISTS `app_reports_type` (
  `id` int(11) NOT NULL,
  `descri` varchar(255) NOT NULL,
  PRIMARY KEY (`id`)
) ENGINE=InnoDB DEFAULT CHARSET=latin1;

DELETE FROM `app_reports_type`;
/*!40000 ALTER TABLE `app_reports_type` DISABLE KEYS */;
INSERT INTO `app_reports_type` (`id`, `descri`) VALUES
	(0, 'Magazzino');
/*!40000 ALTER TABLE `app_reports_type` ENABLE KEYS */;

CREATE TABLE IF NOT EXISTS `app_slidemenu_items` (
  `id` int(11) NOT NULL AUTO_INCREMENT,
  `app_slidemenu_sections_id` int(11) NOT NULL,
  `pagenum` int(11) NOT NULL,
  `linktext` varchar(50) NOT NULL,
  `obsolete` int(11) NOT NULL DEFAULT '0',
  PRIMARY KEY (`id`),
  KEY `fk_app_slidemenu_items_app_slidemenu_sections` (`app_slidemenu_sections_id`),
  CONSTRAINT `fk_app_slidemenu_items_app_slidemenu_sections` FOREIGN KEY (`app_slidemenu_sections_id`) REFERENCES `app_slidemenu_sections` (`id`) ON DELETE CASCADE
) ENGINE=InnoDB AUTO_INCREMENT=9 DEFAULT CHARSET=latin1;

DELETE FROM `app_slidemenu_items`;
/*!40000 ALTER TABLE `app_slidemenu_items` DISABLE KEYS */;
INSERT INTO `app_slidemenu_items` (`id`, `app_slidemenu_sections_id`, `pagenum`, `linktext`, `obsolete`) VALUES
	(1, 0, 9, 'Magazzino', 0),
	(2, 100, 2, 'Nuovo Articolo', 0),
	(3, 100, 8, 'Lista Articoli', 0),
	(4, 200, 5, 'Lista Fornitori', 0),
	(5, 200, 4, 'Registrazione Fornitore', 0),
	(6, 400, 6, 'Lista Utenti', 0),
	(7, 400, 7, 'Registrazione Utente', 0),
	(8, 100, 10, 'Lista Articoli (Obsoleti)', 0);
/*!40000 ALTER TABLE `app_slidemenu_items` ENABLE KEYS */;

CREATE TABLE IF NOT EXISTS `app_slidemenu_items_role` (
  `app_user_roles_id` int(11) NOT NULL,
  `app_slidemenu_items_id` int(11) NOT NULL,
  KEY `fk_app_slidemenu_sections_role_app_user_roles_id` (`app_user_roles_id`),
  KEY `fk_app_slidemenu_sections_roles_app_slidemenu_sections_id` (`app_slidemenu_items_id`),
  CONSTRAINT `app_slidemenu_items_role_app_slidemenu_items_id` FOREIGN KEY (`app_slidemenu_items_id`) REFERENCES `app_slidemenu_items` (`id`) ON DELETE NO ACTION,
  CONSTRAINT `app_slidemenu_items_role_app_user_roles_id` FOREIGN KEY (`app_user_roles_id`) REFERENCES `app_user_roles` (`id`) ON DELETE NO ACTION
) ENGINE=InnoDB DEFAULT CHARSET=latin1 ROW_FORMAT=DYNAMIC;

DELETE FROM `app_slidemenu_items_role`;
/*!40000 ALTER TABLE `app_slidemenu_items_role` DISABLE KEYS */;
/*!40000 ALTER TABLE `app_slidemenu_items_role` ENABLE KEYS */;

CREATE TABLE IF NOT EXISTS `app_slidemenu_sections` (
  `id` int(11) NOT NULL AUTO_INCREMENT,
  `text` varchar(50) NOT NULL,
  `obsolete` int(11) NOT NULL DEFAULT '0',
  PRIMARY KEY (`id`)
) ENGINE=InnoDB AUTO_INCREMENT=401 DEFAULT CHARSET=latin1;

DELETE FROM `app_slidemenu_sections`;
/*!40000 ALTER TABLE `app_slidemenu_sections` DISABLE KEYS */;
INSERT INTO `app_slidemenu_sections` (`id`, `text`, `obsolete`) VALUES
	(0, 'Report', 0),
	(100, 'Gestione Magazzino', 0),
	(200, 'Gestione Fornitori', 0),
	(300, 'Gestione Dipendenti', 1),
	(400, 'Gestione Utenti', 0);
/*!40000 ALTER TABLE `app_slidemenu_sections` ENABLE KEYS */;

CREATE TABLE IF NOT EXISTS `app_slidemenu_sections_role` (
  `app_user_roles_id` int(11) NOT NULL,
  `app_slidemenu_sections_id` int(11) NOT NULL,
  KEY `fk_app_slidemenu_sections_role_app_user_roles_id` (`app_user_roles_id`),
  KEY `fk_app_slidemenu_sections_roles_app_slidemenu_sections_id` (`app_slidemenu_sections_id`),
  CONSTRAINT `fk_app_slidemenu_sections_role_app_user_roles_id` FOREIGN KEY (`app_user_roles_id`) REFERENCES `app_user_roles` (`id`) ON DELETE NO ACTION,
  CONSTRAINT `fk_app_slidemenu_sections_roles_app_slidemenu_sections_id` FOREIGN KEY (`app_slidemenu_sections_id`) REFERENCES `app_slidemenu_sections` (`id`) ON DELETE NO ACTION
) ENGINE=InnoDB DEFAULT CHARSET=latin1;

DELETE FROM `app_slidemenu_sections_role`;
/*!40000 ALTER TABLE `app_slidemenu_sections_role` DISABLE KEYS */;
INSERT INTO `app_slidemenu_sections_role` (`app_user_roles_id`, `app_slidemenu_sections_id`) VALUES
	(10, 0),
	(10, 100),
	(10, 200),
	(10, 300),
	(0, 400);
/*!40000 ALTER TABLE `app_slidemenu_sections_role` ENABLE KEYS */;

CREATE TABLE IF NOT EXISTS `app_suppliers` (
  `id` int(11) NOT NULL AUTO_INCREMENT,
  `code` varchar(255) NOT NULL DEFAULT '0',
  `buname` varchar(255) NOT NULL,
  `vatid` varchar(255) DEFAULT NULL,
  `telephone` varchar(255) DEFAULT NULL,
  `address` varchar(255) DEFAULT NULL,
  `email` varchar(255) DEFAULT NULL,
  `userreg` int(11) NOT NULL,
  `userupdate` int(11) NOT NULL,
  `datereg` timestamp NOT NULL DEFAULT CURRENT_TIMESTAMP,
  `lastupdate` timestamp NOT NULL DEFAULT CURRENT_TIMESTAMP,
  `obsolete` tinyint(4) NOT NULL DEFAULT '0',
  `notes` varchar(255) DEFAULT NULL,
  PRIMARY KEY (`id`),
  KEY `fk_app_suppliers_userreg` (`userreg`),
  KEY `fk_app_suppliers_userupdate` (`userupdate`),
  CONSTRAINT `fk_app_suppliers_userreg` FOREIGN KEY (`userreg`) REFERENCES `app_users` (`id`) ON DELETE NO ACTION ON UPDATE NO ACTION,
  CONSTRAINT `fk_app_suppliers_userupdate` FOREIGN KEY (`userupdate`) REFERENCES `app_users` (`id`) ON DELETE NO ACTION ON UPDATE NO ACTION
) ENGINE=InnoDB AUTO_INCREMENT=10 DEFAULT CHARSET=latin1;

DELETE FROM `app_suppliers`;
/*!40000 ALTER TABLE `app_suppliers` DISABLE KEYS */;
INSERT INTO `app_suppliers` (`id`, `code`, `buname`, `vatid`, `telephone`, `address`, `email`, `userreg`, `userupdate`, `datereg`, `lastupdate`, `obsolete`, `notes`) VALUES
	(1, '0', 'SALERNO', NULL, NULL, NULL, NULL, 7, 7, '2019-07-04 08:14:27', '2019-07-04 08:14:27', 0, NULL),
	(2, '0', 'TESSITURA', NULL, NULL, NULL, NULL, 7, 7, '2019-07-04 08:14:27', '2019-07-04 08:14:27', 0, NULL),
	(3, '0', 'LINOMANIA', NULL, NULL, NULL, NULL, 7, 7, '2019-07-04 08:14:27', '2019-07-04 08:14:27', 0, NULL),
	(4, '0', 'BLIZ', NULL, NULL, NULL, NULL, 7, 7, '2019-07-04 08:14:27', '2019-07-04 08:14:27', 0, NULL),
	(5, '0', 'SUGHERO', NULL, NULL, NULL, NULL, 7, 7, '2019-07-04 08:14:27', '2019-07-04 08:14:27', 0, NULL),
	(6, '0', 'SCIARPA', NULL, NULL, NULL, NULL, 7, 7, '2019-07-04 08:14:27', '2019-07-04 08:14:27', 0, NULL),
	(7, '0', 'CAPPELLI', NULL, NULL, NULL, NULL, 7, 7, '2019-07-04 08:14:27', '2019-07-04 08:14:27', 0, NULL),
	(8, '0', 'SARTORIA', NULL, NULL, NULL, NULL, 7, 7, '2019-07-04 08:14:27', '2019-07-04 08:14:27', 0, NULL),
	(9, '0', 'CHIACCHIERINO', NULL, NULL, NULL, NULL, 7, 7, '2019-07-04 08:14:27', '2019-07-04 08:14:27', 0, NULL);
/*!40000 ALTER TABLE `app_suppliers` ENABLE KEYS */;

CREATE TABLE IF NOT EXISTS `app_users` (
  `id` int(11) NOT NULL AUTO_INCREMENT,
  `name` varchar(255) NOT NULL,
  `surname` varchar(255) NOT NULL,
  `username` varchar(255) NOT NULL,
  `password` varchar(255) NOT NULL,
  `email` varchar(255) NOT NULL,
  `notes` varchar(255) DEFAULT NULL,
  `userreg` int(11) NOT NULL,
  `datereg` timestamp NOT NULL DEFAULT CURRENT_TIMESTAMP,
  `obsolete` tinyint(4) NOT NULL DEFAULT '0',
  `app_user_roles_id` int(11) NOT NULL DEFAULT '3',
  PRIMARY KEY (`id`),
  UNIQUE KEY `idx_app_users_username` (`username`),
  KEY `fk_app_user_roles` (`app_user_roles_id`),
  CONSTRAINT `fk_app_user_roles` FOREIGN KEY (`app_user_roles_id`) REFERENCES `app_user_roles` (`id`) ON DELETE NO ACTION ON UPDATE NO ACTION
) ENGINE=InnoDB AUTO_INCREMENT=10 DEFAULT CHARSET=latin1;

DELETE FROM `app_users`;
/*!40000 ALTER TABLE `app_users` DISABLE KEYS */;
INSERT INTO `app_users` (`id`, `name`, `surname`, `username`, `password`, `email`, `notes`, `userreg`, `datereg`, `obsolete`, `app_user_roles_id`) VALUES
	(1, 'admin', 'admin', 'admin', '$2y$10$WeX4wUGjx9fMvOnEQQUQne2NuIUfLcq5l9P8/k/7YbzMlB3Y8ATn.', 'admin@localhost', NULL, 1, '2019-06-05 22:34:07', 1, 90),
	(7, 'Gopala', 'Savelloni', 'gopala.savelloni', '$2y$10$mYAX2J5Tgms085PWUZ0SbOJ1xG5Ld.ssYXyyYqTauO37GAVAcz3nu', 'bottegaintrecci@gmail.com', 'Account Gestore Negozio', 1, '2019-06-07 23:15:27', 0, 10),
	(8, 'Daniele', 'Viti', 'daniele.viti', '$2y$10$7cOdETCq420PpeqsCMkQJeMNbeJP2ppNJ.qoZzUU8glgE02pg4pgO', 'dnviti@outlook.com', 'Utente Amministratore di sistema', 1, '2019-06-07 23:16:39', 0, 0),
	(9, 'Marzia', 'Dipendente', 'marzia.dipendente', '$2y$10$otXWky8aNJJaq1kpwkkZVuXK0ua9DdoHLEDb22uk/zS5vrOzeCyxi', '-', 'Utente Dipendente Sistema', 1, '2019-06-07 23:18:27', 0, 90);
/*!40000 ALTER TABLE `app_users` ENABLE KEYS */;

CREATE TABLE IF NOT EXISTS `app_user_roles` (
  `id` int(11) NOT NULL,
  `descri` varchar(255) NOT NULL,
  `datereg` timestamp NOT NULL DEFAULT CURRENT_TIMESTAMP,
  PRIMARY KEY (`id`)
) ENGINE=InnoDB DEFAULT CHARSET=latin1;

DELETE FROM `app_user_roles`;
/*!40000 ALTER TABLE `app_user_roles` DISABLE KEYS */;
INSERT INTO `app_user_roles` (`id`, `descri`, `datereg`) VALUES
	(0, 'Admin', '2019-06-05 22:34:07'),
	(10, 'Titolare', '2019-06-05 22:34:07'),
	(20, 'Gestore', '2019-06-05 22:34:07'),
	(30, 'Dipendente', '2019-06-05 22:34:07'),
	(90, 'Nessuno', '2019-06-07 23:26:50');
/*!40000 ALTER TABLE `app_user_roles` ENABLE KEYS */;

CREATE TABLE IF NOT EXISTS `app_warehouses` (
  `id` int(11) NOT NULL AUTO_INCREMENT,
  `code` varchar(255) NOT NULL,
  `descri` varchar(255) NOT NULL,
  `country` varchar(255) NOT NULL DEFAULT 'IT',
  `address` varchar(255) NOT NULL,
  `datereg` timestamp NOT NULL DEFAULT CURRENT_TIMESTAMP,
  `lastupdate` timestamp NOT NULL DEFAULT CURRENT_TIMESTAMP,
  `userreg` int(11) NOT NULL,
  `userupdate` int(11) NOT NULL,
  `notes` varchar(255) DEFAULT NULL,
  `obsolete` int(11) NOT NULL DEFAULT '0',
  PRIMARY KEY (`id`),
  KEY `fk_app_warehouses_userreg` (`userreg`),
  KEY `fk_app_warehouses_userupdate` (`userupdate`),
  CONSTRAINT `fk_app_warehouses_userreg` FOREIGN KEY (`userreg`) REFERENCES `app_users` (`id`) ON DELETE NO ACTION ON UPDATE NO ACTION,
  CONSTRAINT `fk_app_warehouses_userupdate` FOREIGN KEY (`userupdate`) REFERENCES `app_users` (`id`) ON DELETE NO ACTION ON UPDATE NO ACTION
) ENGINE=InnoDB AUTO_INCREMENT=2 DEFAULT CHARSET=latin1;

DELETE FROM `app_warehouses`;
/*!40000 ALTER TABLE `app_warehouses` DISABLE KEYS */;
INSERT INTO `app_warehouses` (`id`, `code`, `descri`, `country`, `address`, `datereg`, `lastupdate`, `userreg`, `userupdate`, `notes`, `obsolete`) VALUES
	(1, 'MAIN', 'Main Warehouse', 'IT', 'Location', '2019-06-05 22:34:07', '2019-06-05 22:34:07', 1, 1, NULL, 0);
/*!40000 ALTER TABLE `app_warehouses` ENABLE KEYS */;

CREATE TABLE IF NOT EXISTS `app_warehouse_causals` (
  `id` int(11) NOT NULL AUTO_INCREMENT,
  `code` varchar(255) NOT NULL,
  `type` char(1) NOT NULL,
  `descri` varchar(255) NOT NULL,
  `datereg` timestamp NOT NULL DEFAULT CURRENT_TIMESTAMP,
  `lastupdate` timestamp NOT NULL DEFAULT CURRENT_TIMESTAMP,
  `userreg` int(11) NOT NULL,
  `userupdate` int(11) NOT NULL,
  `notes` varchar(255) DEFAULT NULL,
  PRIMARY KEY (`id`),
  KEY `fk_app_warehouse_causals_userreg` (`userreg`),
  KEY `fk_app_warehouse_causals_userupdate` (`userupdate`),
  CONSTRAINT `fk_app_warehouse_causals_userreg` FOREIGN KEY (`userreg`) REFERENCES `app_users` (`id`) ON DELETE NO ACTION ON UPDATE NO ACTION,
  CONSTRAINT `fk_app_warehouse_causals_userupdate` FOREIGN KEY (`userupdate`) REFERENCES `app_users` (`id`) ON DELETE NO ACTION ON UPDATE NO ACTION
) ENGINE=InnoDB AUTO_INCREMENT=9 DEFAULT CHARSET=latin1;

DELETE FROM `app_warehouse_causals`;
/*!40000 ALTER TABLE `app_warehouse_causals` DISABLE KEYS */;
INSERT INTO `app_warehouse_causals` (`id`, `code`, `type`, `descri`, `datereg`, `lastupdate`, `userreg`, `userupdate`, `notes`) VALUES
	(1, 'CARICO_FORNITORE', '+', 'Carico per acquisto merce presso fornitore', '2019-06-05 22:34:07', '2019-06-05 22:34:07', 1, 1, NULL),
	(2, 'SCARICO_NEGOZIO', '-', 'Scarico per vendita al negozio', '2019-06-05 22:34:07', '2019-06-05 22:34:07', 1, 1, NULL),
	(3, 'SCARICO_MATTEW', '-', 'Scarico per vendita su facebook', '2019-06-05 22:34:07', '2019-06-05 22:34:07', 1, 1, NULL),
	(4, 'SCARICO_ECOMMERCE', '-', 'Scarico per vendita su e-commerce', '2019-06-05 22:34:07', '2019-06-05 22:34:07', 1, 1, NULL),
	(5, 'SCARICO_RESO_FORNITORE', '-', 'Scarico da reso fornitore', '2019-06-05 22:34:07', '2019-06-05 22:34:07', 1, 1, NULL),
	(6, 'CARICO_RESO_CLIENTE', '+', 'Carico da reso cliente', '2019-06-05 22:34:07', '2019-06-05 22:34:07', 1, 1, NULL),
	(7, 'CARICO_RETTIFICA_INVENTARIALE', '+', 'Carico rettifica inventario', '2019-06-05 22:34:07', '2019-06-05 22:34:07', 1, 1, NULL),
	(8, 'SCARICO_RETTIFICA_INVENTARIALE', '-', 'Scarico rettifica inventario', '2019-06-05 22:34:07', '2019-06-05 22:34:07', 1, 1, NULL);
/*!40000 ALTER TABLE `app_warehouse_causals` ENABLE KEYS */;

CREATE TABLE IF NOT EXISTS `app_warehouse_items` (
  `id` int(11) NOT NULL AUTO_INCREMENT,
  `code` varchar(255) DEFAULT NULL,
  `descri` varchar(255) DEFAULT NULL,
  `unitprice` double NOT NULL,
  `app_measure_units_id` int(11) NOT NULL DEFAULT '1',
  `datereg` timestamp NOT NULL DEFAULT CURRENT_TIMESTAMP,
  `lastupdate` timestamp NOT NULL DEFAULT CURRENT_TIMESTAMP,
  `userreg` int(11) NOT NULL,
  `userupdate` int(11) NOT NULL,
  `obsolete` tinyint(4) NOT NULL DEFAULT '0',
  `app_suppliers_id` int(11) NOT NULL,
  `app_warehouses_id` int(11) NOT NULL,
  `notes` varchar(255) DEFAULT NULL,
  PRIMARY KEY (`id`),
  KEY `fk_app_warehouse_items_userreg` (`userreg`),
  KEY `fk_app_warehouse_items_userupdate` (`userupdate`),
  KEY `fk_app_warehouse_items_warehouse` (`app_warehouses_id`),
  KEY `fk_app_warehouse_items_supplier` (`app_suppliers_id`),
  CONSTRAINT `fk_app_warehouse_items_supplier` FOREIGN KEY (`app_suppliers_id`) REFERENCES `app_suppliers` (`id`) ON DELETE NO ACTION ON UPDATE NO ACTION,
  CONSTRAINT `fk_app_warehouse_items_userreg` FOREIGN KEY (`userreg`) REFERENCES `app_users` (`id`) ON DELETE NO ACTION ON UPDATE NO ACTION,
  CONSTRAINT `fk_app_warehouse_items_userupdate` FOREIGN KEY (`userupdate`) REFERENCES `app_users` (`id`) ON DELETE NO ACTION ON UPDATE NO ACTION,
  CONSTRAINT `fk_app_warehouse_items_warehouse` FOREIGN KEY (`app_warehouses_id`) REFERENCES `app_warehouses` (`id`) ON DELETE NO ACTION ON UPDATE NO ACTION
) ENGINE=InnoDB AUTO_INCREMENT=371 DEFAULT CHARSET=latin1;

DELETE FROM `app_warehouse_items`;
/*!40000 ALTER TABLE `app_warehouse_items` DISABLE KEYS */;
INSERT INTO `app_warehouse_items` (`id`, `code`, `descri`, `unitprice`, `app_measure_units_id`, `datereg`, `lastupdate`, `userreg`, `userupdate`, `obsolete`, `app_suppliers_id`, `app_warehouses_id`, `notes`) VALUES
	(1, 'XXX', NULL, 8, 1, '2019-07-04 08:18:14', '2019-07-04 08:18:14', 7, 7, 0, 1, 1, NULL),
	(2, '91353', NULL, 40, 1, '2019-07-04 08:18:14', '2019-07-04 08:18:14', 7, 7, 0, 1, 1, NULL),
	(3, '91353', NULL, 40, 1, '2019-07-04 08:18:14', '2019-07-04 08:18:14', 7, 7, 0, 1, 1, NULL),
	(4, '91353', NULL, 40, 1, '2019-07-04 08:18:14', '2019-07-04 08:18:14', 7, 7, 0, 1, 1, NULL),
	(5, '91353', NULL, 40, 1, '2019-07-04 08:18:14', '2019-07-04 08:18:14', 7, 7, 0, 1, 1, NULL),
	(6, '91353', NULL, 40, 1, '2019-07-04 08:18:14', '2019-07-04 08:18:14', 7, 7, 0, 1, 1, NULL),
	(7, '91353', NULL, 40, 1, '2019-07-04 08:18:14', '2019-07-04 08:18:14', 7, 7, 0, 1, 1, NULL),
	(8, '91353', NULL, 40, 1, '2019-07-04 08:18:14', '2019-07-04 08:18:14', 7, 7, 0, 1, 1, NULL),
	(9, '91353', NULL, 40, 1, '2019-07-04 08:18:14', '2019-07-04 08:18:14', 7, 7, 0, 1, 1, NULL),
	(10, '92010', NULL, 41, 1, '2019-07-04 08:18:14', '2019-07-04 08:18:14', 7, 7, 0, 1, 1, NULL),
	(11, '92010', NULL, 41, 1, '2019-07-04 08:18:14', '2019-07-04 08:18:14', 7, 7, 0, 1, 1, NULL),
	(12, '92010', NULL, 41, 1, '2019-07-04 08:18:14', '2019-07-04 08:18:14', 7, 7, 0, 1, 1, NULL),
	(13, '92010', NULL, 41, 1, '2019-07-04 08:18:14', '2019-07-04 08:18:14', 7, 7, 0, 1, 1, NULL),
	(14, '92010', NULL, 41, 1, '2019-07-04 08:18:14', '2019-07-04 08:18:14', 7, 7, 0, 1, 1, NULL),
	(15, '91352', NULL, 36, 1, '2019-07-04 08:18:14', '2019-07-04 08:18:14', 7, 7, 0, 1, 1, NULL),
	(16, '91352', NULL, 36, 1, '2019-07-04 08:18:14', '2019-07-04 08:18:14', 7, 7, 0, 1, 1, NULL),
	(17, '91352', NULL, 36, 1, '2019-07-04 08:18:14', '2019-07-04 08:18:14', 7, 7, 0, 1, 1, NULL),
	(18, '91352', NULL, 36, 1, '2019-07-04 08:18:14', '2019-07-04 08:18:14', 7, 7, 0, 1, 1, NULL),
	(19, '91352', NULL, 36, 1, '2019-07-04 08:18:14', '2019-07-04 08:18:14', 7, 7, 0, 1, 1, NULL),
	(20, '91352', NULL, 36, 1, '2019-07-04 08:18:14', '2019-07-04 08:18:14', 7, 7, 0, 1, 1, NULL),
	(21, '91352', NULL, 36, 1, '2019-07-04 08:18:14', '2019-07-04 08:18:14', 7, 7, 0, 1, 1, NULL),
	(22, '91352', NULL, 36, 1, '2019-07-04 08:18:14', '2019-07-04 08:18:14', 7, 7, 0, 1, 1, NULL),
	(23, '91776', NULL, 41, 1, '2019-07-04 08:18:14', '2019-07-04 08:18:14', 7, 7, 0, 1, 1, NULL),
	(24, '91776', NULL, 41, 1, '2019-07-04 08:18:14', '2019-07-04 08:18:14', 7, 7, 0, 1, 1, NULL),
	(25, '91776', NULL, 41, 1, '2019-07-04 08:18:14', '2019-07-04 08:18:14', 7, 7, 0, 1, 1, NULL),
	(26, '91776', NULL, 41, 1, '2019-07-04 08:18:14', '2019-07-04 08:18:14', 7, 7, 0, 1, 1, NULL),
	(27, '91776', NULL, 41, 1, '2019-07-04 08:18:14', '2019-07-04 08:18:14', 7, 7, 0, 1, 1, NULL),
	(28, '91713', NULL, 56, 1, '2019-07-04 08:18:14', '2019-07-04 08:18:14', 7, 7, 0, 1, 1, NULL),
	(29, '91713', NULL, 56, 1, '2019-07-04 08:18:14', '2019-07-04 08:18:14', 7, 7, 0, 1, 1, NULL),
	(30, '91713', NULL, 56, 1, '2019-07-04 08:18:14', '2019-07-04 08:18:14', 7, 7, 0, 1, 1, NULL),
	(31, '91713', NULL, 56, 1, '2019-07-04 08:18:14', '2019-07-04 08:18:14', 7, 7, 0, 1, 1, NULL),
	(32, '91820', NULL, 39, 1, '2019-07-04 08:18:14', '2019-07-04 08:18:14', 7, 7, 0, 1, 1, NULL),
	(33, '91820', NULL, 39, 1, '2019-07-04 08:18:14', '2019-07-04 08:18:14', 7, 7, 0, 1, 1, NULL),
	(34, '91820', NULL, 39, 1, '2019-07-04 08:18:14', '2019-07-04 08:18:14', 7, 7, 0, 1, 1, NULL),
	(35, '91820', NULL, 39, 1, '2019-07-04 08:18:14', '2019-07-04 08:18:14', 7, 7, 0, 1, 1, NULL),
	(36, '91820', NULL, 39, 1, '2019-07-04 08:18:14', '2019-07-04 08:18:14', 7, 7, 0, 1, 1, NULL),
	(37, '91217', NULL, 37, 1, '2019-07-04 08:18:14', '2019-07-04 08:18:14', 7, 7, 0, 1, 1, NULL),
	(38, '91217', NULL, 37, 1, '2019-07-04 08:18:14', '2019-07-04 08:18:14', 7, 7, 0, 1, 1, NULL),
	(39, '91217', NULL, 37, 1, '2019-07-04 08:18:14', '2019-07-04 08:18:14', 7, 7, 0, 1, 1, NULL),
	(40, '91217', NULL, 37, 1, '2019-07-04 08:18:14', '2019-07-04 08:18:14', 7, 7, 0, 1, 1, NULL),
	(41, '91217', NULL, 37, 1, '2019-07-04 08:18:14', '2019-07-04 08:18:14', 7, 7, 0, 1, 1, NULL),
	(42, '91217', NULL, 37, 1, '2019-07-04 08:18:14', '2019-07-04 08:18:14', 7, 7, 0, 1, 1, NULL),
	(43, '91217', NULL, 37, 1, '2019-07-04 08:18:14', '2019-07-04 08:18:14', 7, 7, 0, 1, 1, NULL),
	(44, '91217', NULL, 37, 1, '2019-07-04 08:18:14', '2019-07-04 08:18:14', 7, 7, 0, 1, 1, NULL),
	(45, '91217', NULL, 37, 1, '2019-07-04 08:18:14', '2019-07-04 08:18:14', 7, 7, 0, 1, 1, NULL),
	(46, '91217', NULL, 37, 1, '2019-07-04 08:18:14', '2019-07-04 08:18:14', 7, 7, 0, 1, 1, NULL),
	(47, '91217', NULL, 37, 1, '2019-07-04 08:18:14', '2019-07-04 08:18:14', 7, 7, 0, 1, 1, NULL),
	(48, '91217', NULL, 37, 1, '2019-07-04 08:18:14', '2019-07-04 08:18:14', 7, 7, 0, 1, 1, NULL),
	(49, '91217', NULL, 37, 1, '2019-07-04 08:18:14', '2019-07-04 08:18:14', 7, 7, 0, 1, 1, NULL),
	(50, '91217', NULL, 37, 1, '2019-07-04 08:18:14', '2019-07-04 08:18:14', 7, 7, 0, 1, 1, NULL),
	(51, '91217', NULL, 37, 1, '2019-07-04 08:18:14', '2019-07-04 08:18:14', 7, 7, 0, 1, 1, NULL),
	(52, '91217', NULL, 37, 1, '2019-07-04 08:18:14', '2019-07-04 08:18:14', 7, 7, 0, 1, 1, NULL),
	(53, '91217', NULL, 37, 1, '2019-07-04 08:18:14', '2019-07-04 08:18:14', 7, 7, 0, 1, 1, NULL),
	(54, '91217', NULL, 37, 1, '2019-07-04 08:18:14', '2019-07-04 08:18:14', 7, 7, 0, 1, 1, NULL),
	(55, '91022', NULL, 41, 1, '2019-07-04 08:18:14', '2019-07-04 08:18:14', 7, 7, 0, 1, 1, NULL),
	(56, '91022', NULL, 41, 1, '2019-07-04 08:18:14', '2019-07-04 08:18:14', 7, 7, 0, 1, 1, NULL),
	(57, '91022', NULL, 41, 1, '2019-07-04 08:18:14', '2019-07-04 08:18:14', 7, 7, 0, 1, 1, NULL),
	(58, '91022', NULL, 41, 1, '2019-07-04 08:18:14', '2019-07-04 08:18:14', 7, 7, 0, 1, 1, NULL),
	(59, '91022', NULL, 41, 1, '2019-07-04 08:18:14', '2019-07-04 08:18:14', 7, 7, 0, 1, 1, NULL),
	(60, '91922', NULL, 33, 1, '2019-07-04 08:18:14', '2019-07-04 08:18:14', 7, 7, 0, 1, 1, NULL),
	(61, '91922', NULL, 33, 1, '2019-07-04 08:18:14', '2019-07-04 08:18:14', 7, 7, 0, 1, 1, NULL),
	(62, '91925', NULL, 40, 1, '2019-07-04 08:18:14', '2019-07-04 08:18:14', 7, 7, 0, 1, 1, NULL),
	(63, '91814', NULL, 51, 1, '2019-07-04 08:18:14', '2019-07-04 08:18:14', 7, 7, 0, 1, 1, NULL),
	(64, '91814', NULL, 51, 1, '2019-07-04 08:18:14', '2019-07-04 08:18:14', 7, 7, 0, 1, 1, NULL),
	(65, '91814', NULL, 51, 1, '2019-07-04 08:18:14', '2019-07-04 08:18:14', 7, 7, 0, 1, 1, NULL),
	(66, '91814', NULL, 51, 1, '2019-07-04 08:18:14', '2019-07-04 08:18:14', 7, 7, 0, 1, 1, NULL),
	(67, '91814', NULL, 51, 1, '2019-07-04 08:18:14', '2019-07-04 08:18:14', 7, 7, 0, 1, 1, NULL),
	(68, '91916', NULL, 43, 1, '2019-07-04 08:18:14', '2019-07-04 08:18:14', 7, 7, 0, 1, 1, NULL),
	(69, '91916', NULL, 43, 1, '2019-07-04 08:18:14', '2019-07-04 08:18:14', 7, 7, 0, 1, 1, NULL),
	(70, '91916', NULL, 43, 1, '2019-07-04 08:18:14', '2019-07-04 08:18:14', 7, 7, 0, 1, 1, NULL),
	(71, '91916', NULL, 43, 1, '2019-07-04 08:18:14', '2019-07-04 08:18:14', 7, 7, 0, 1, 1, NULL),
	(72, 'XXX', NULL, 35, 1, '2019-07-04 08:18:14', '2019-07-04 08:18:14', 7, 7, 0, 1, 1, NULL),
	(73, 'XXX', NULL, 35, 1, '2019-07-04 08:18:14', '2019-07-04 08:18:14', 7, 7, 0, 1, 1, NULL),
	(74, 'XXX', NULL, 35, 1, '2019-07-04 08:18:14', '2019-07-04 08:18:14', 7, 7, 0, 1, 1, NULL),
	(75, 'XXX', NULL, 35, 1, '2019-07-04 08:18:14', '2019-07-04 08:18:14', 7, 7, 0, 1, 1, NULL),
	(76, '91215', NULL, 37, 1, '2019-07-04 08:18:14', '2019-07-04 08:18:14', 7, 7, 0, 1, 1, NULL),
	(77, '91215', NULL, 37, 1, '2019-07-04 08:18:14', '2019-07-04 08:18:14', 7, 7, 0, 1, 1, NULL),
	(78, '91215', NULL, 37, 1, '2019-07-04 08:18:14', '2019-07-04 08:18:14', 7, 7, 0, 1, 1, NULL),
	(79, '91215', NULL, 37, 1, '2019-07-04 08:18:14', '2019-07-04 08:18:14', 7, 7, 0, 1, 1, NULL),
	(80, '91215', NULL, 37, 1, '2019-07-04 08:18:14', '2019-07-04 08:18:14', 7, 7, 0, 1, 1, NULL),
	(81, '91610', NULL, 35, 1, '2019-07-04 08:18:14', '2019-07-04 08:18:14', 7, 7, 0, 1, 1, NULL),
	(82, '91610', NULL, 35, 1, '2019-07-04 08:18:14', '2019-07-04 08:18:14', 7, 7, 0, 1, 1, NULL),
	(83, '91610', NULL, 35, 1, '2019-07-04 08:18:14', '2019-07-04 08:18:14', 7, 7, 0, 1, 1, NULL),
	(84, '91610', NULL, 35, 1, '2019-07-04 08:18:14', '2019-07-04 08:18:14', 7, 7, 0, 1, 1, NULL),
	(85, 'BACIPIEGA', NULL, 15, 1, '2019-07-04 08:18:14', '2019-07-04 08:18:14', 7, 7, 0, 1, 1, NULL),
	(86, 'XXX', NULL, 37, 1, '2019-07-04 08:18:14', '2019-07-04 08:18:14', 7, 7, 0, 1, 1, NULL),
	(87, 'XXX', NULL, 37, 1, '2019-07-04 08:18:14', '2019-07-04 08:18:14', 7, 7, 0, 1, 1, NULL),
	(88, 'XXX', NULL, 37, 1, '2019-07-04 08:18:14', '2019-07-04 08:18:14', 7, 7, 0, 1, 1, NULL),
	(89, '98119', NULL, 35, 1, '2019-07-04 08:18:14', '2019-07-04 08:18:14', 7, 7, 0, 1, 1, NULL),
	(90, '98119', NULL, 35, 1, '2019-07-04 08:18:14', '2019-07-04 08:18:14', 7, 7, 0, 1, 1, NULL),
	(91, '98119', NULL, 35, 1, '2019-07-04 08:18:14', '2019-07-04 08:18:14', 7, 7, 0, 1, 1, NULL),
	(92, '98119', NULL, 35, 1, '2019-07-04 08:18:14', '2019-07-04 08:18:14', 7, 7, 0, 1, 1, NULL),
	(93, '98119', NULL, 35, 1, '2019-07-04 08:18:14', '2019-07-04 08:18:14', 7, 7, 0, 1, 1, NULL),
	(94, '98119', NULL, 35, 1, '2019-07-04 08:18:14', '2019-07-04 08:18:14', 7, 7, 0, 1, 1, NULL),
	(95, '98119', NULL, 35, 1, '2019-07-04 08:18:14', '2019-07-04 08:18:14', 7, 7, 0, 1, 1, NULL),
	(96, '98119', NULL, 35, 1, '2019-07-04 08:18:14', '2019-07-04 08:18:14', 7, 7, 0, 1, 1, NULL),
	(97, '98119', NULL, 35, 1, '2019-07-04 08:18:14', '2019-07-04 08:18:14', 7, 7, 0, 1, 1, NULL),
	(98, '98119', NULL, 35, 1, '2019-07-04 08:18:14', '2019-07-04 08:18:14', 7, 7, 0, 1, 1, NULL),
	(99, '98119', NULL, 35, 1, '2019-07-04 08:18:14', '2019-07-04 08:18:14', 7, 7, 0, 1, 1, NULL),
	(100, '98119', NULL, 35, 1, '2019-07-04 08:18:14', '2019-07-04 08:18:14', 7, 7, 0, 1, 1, NULL),
	(101, '98119', NULL, 35, 1, '2019-07-04 08:18:14', '2019-07-04 08:18:14', 7, 7, 0, 1, 1, NULL),
	(102, '98119', NULL, 35, 1, '2019-07-04 08:18:14', '2019-07-04 08:18:14', 7, 7, 0, 1, 1, NULL),
	(103, '98119', NULL, 35, 1, '2019-07-04 08:18:14', '2019-07-04 08:18:14', 7, 7, 0, 1, 1, NULL),
	(104, '98119', NULL, 35, 1, '2019-07-04 08:18:14', '2019-07-04 08:18:14', 7, 7, 0, 1, 1, NULL),
	(105, '98119', NULL, 35, 1, '2019-07-04 08:18:14', '2019-07-04 08:18:14', 7, 7, 0, 1, 1, NULL),
	(106, '98119', NULL, 35, 1, '2019-07-04 08:18:14', '2019-07-04 08:18:14', 7, 7, 0, 1, 1, NULL),
	(107, '92005', NULL, 34, 1, '2019-07-04 08:18:14', '2019-07-04 08:18:14', 7, 7, 0, 1, 1, NULL),
	(108, '92005', NULL, 34, 1, '2019-07-04 08:18:14', '2019-07-04 08:18:14', 7, 7, 0, 1, 1, NULL),
	(109, '92005', NULL, 34, 1, '2019-07-04 08:18:14', '2019-07-04 08:18:14', 7, 7, 0, 1, 1, NULL),
	(110, '92005', NULL, 34, 1, '2019-07-04 08:18:14', '2019-07-04 08:18:14', 7, 7, 0, 1, 1, NULL),
	(111, '92005', NULL, 34, 1, '2019-07-04 08:18:14', '2019-07-04 08:18:14', 7, 7, 0, 1, 1, NULL),
	(112, '92005', NULL, 34, 1, '2019-07-04 08:18:14', '2019-07-04 08:18:14', 7, 7, 0, 1, 1, NULL),
	(113, '92005', NULL, 34, 1, '2019-07-04 08:18:14', '2019-07-04 08:18:14', 7, 7, 0, 1, 1, NULL),
	(114, '91761', NULL, 37, 1, '2019-07-04 08:18:14', '2019-07-04 08:18:14', 7, 7, 0, 1, 1, NULL),
	(115, '91761', NULL, 37, 1, '2019-07-04 08:18:14', '2019-07-04 08:18:14', 7, 7, 0, 1, 1, NULL),
	(116, '91761', NULL, 37, 1, '2019-07-04 08:18:14', '2019-07-04 08:18:14', 7, 7, 0, 1, 1, NULL),
	(117, 'XXX', NULL, 40, 1, '2019-07-04 08:18:14', '2019-07-04 08:18:14', 7, 7, 0, 1, 1, NULL),
	(118, 'XXX', NULL, 40, 1, '2019-07-04 08:18:14', '2019-07-04 08:18:14', 7, 7, 0, 1, 1, NULL),
	(119, 'XXX', NULL, 40, 1, '2019-07-04 08:18:14', '2019-07-04 08:18:14', 7, 7, 0, 1, 1, NULL),
	(120, 'XXX', NULL, 30, 1, '2019-07-04 08:18:14', '2019-07-04 08:18:14', 7, 7, 0, 1, 1, NULL),
	(121, '91518', NULL, 29, 1, '2019-07-04 08:18:14', '2019-07-04 08:18:14', 7, 7, 0, 1, 1, NULL),
	(122, '91537', NULL, 33, 1, '2019-07-04 08:18:14', '2019-07-04 08:18:14', 7, 7, 0, 1, 1, NULL),
	(123, '91537', NULL, 33, 1, '2019-07-04 08:18:14', '2019-07-04 08:18:14', 7, 7, 0, 1, 1, NULL),
	(124, '91537', NULL, 33, 1, '2019-07-04 08:18:14', '2019-07-04 08:18:14', 7, 7, 0, 1, 1, NULL),
	(125, '91537', NULL, 33, 1, '2019-07-04 08:18:14', '2019-07-04 08:18:14', 7, 7, 0, 1, 1, NULL),
	(126, '91721', NULL, 31, 1, '2019-07-04 08:18:14', '2019-07-04 08:18:14', 7, 7, 0, 1, 1, NULL),
	(127, '91721', NULL, 31, 1, '2019-07-04 08:18:14', '2019-07-04 08:18:14', 7, 7, 0, 1, 1, NULL),
	(128, '91721', NULL, 31, 1, '2019-07-04 08:18:14', '2019-07-04 08:18:14', 7, 7, 0, 1, 1, NULL),
	(129, '91721', NULL, 31, 1, '2019-07-04 08:18:14', '2019-07-04 08:18:14', 7, 7, 0, 1, 1, NULL),
	(130, '91790', NULL, 40, 1, '2019-07-04 08:18:14', '2019-07-04 08:18:14', 7, 7, 0, 1, 1, NULL),
	(131, '91790', NULL, 40, 1, '2019-07-04 08:18:14', '2019-07-04 08:18:14', 7, 7, 0, 1, 1, NULL),
	(132, '91790', NULL, 40, 1, '2019-07-04 08:18:14', '2019-07-04 08:18:14', 7, 7, 0, 1, 1, NULL),
	(133, '91950', NULL, 35, 1, '2019-07-04 08:18:14', '2019-07-04 08:18:14', 7, 7, 0, 1, 1, NULL),
	(134, '91950', NULL, 35, 1, '2019-07-04 08:18:14', '2019-07-04 08:18:14', 7, 7, 0, 1, 1, NULL),
	(135, '91950', NULL, 35, 1, '2019-07-04 08:18:14', '2019-07-04 08:18:14', 7, 7, 0, 1, 1, NULL),
	(136, '91950', NULL, 35, 1, '2019-07-04 08:18:14', '2019-07-04 08:18:14', 7, 7, 0, 1, 1, NULL),
	(137, '91950', NULL, 35, 1, '2019-07-04 08:18:14', '2019-07-04 08:18:14', 7, 7, 0, 1, 1, NULL),
	(138, '91215', NULL, 37, 1, '2019-07-04 08:18:14', '2019-07-04 08:18:14', 7, 7, 0, 1, 1, NULL),
	(139, '91215', NULL, 37, 1, '2019-07-04 08:18:14', '2019-07-04 08:18:14', 7, 7, 0, 1, 1, NULL),
	(140, '91215', NULL, 37, 1, '2019-07-04 08:18:14', '2019-07-04 08:18:14', 7, 7, 0, 1, 1, NULL),
	(141, '91215', NULL, 37, 1, '2019-07-04 08:18:14', '2019-07-04 08:18:14', 7, 7, 0, 1, 1, NULL),
	(142, '91215', NULL, 37, 1, '2019-07-04 08:18:14', '2019-07-04 08:18:14', 7, 7, 0, 1, 1, NULL),
	(143, 'XXX', NULL, 48, 1, '2019-07-04 08:18:14', '2019-07-04 08:18:14', 7, 7, 0, 1, 1, NULL),
	(144, 'XXX', NULL, 48, 1, '2019-07-04 08:18:14', '2019-07-04 08:18:14', 7, 7, 0, 1, 1, NULL),
	(145, 'XXX', NULL, 48, 1, '2019-07-04 08:18:14', '2019-07-04 08:18:14', 7, 7, 0, 1, 1, NULL),
	(146, '98987', NULL, 9, 1, '2019-07-04 08:18:14', '2019-07-04 08:18:14', 7, 7, 0, 1, 1, NULL),
	(147, '91623', NULL, 29, 1, '2019-07-04 08:18:14', '2019-07-04 08:18:14', 7, 7, 0, 1, 1, NULL),
	(148, '91623', NULL, 29, 1, '2019-07-04 08:18:14', '2019-07-04 08:18:14', 7, 7, 0, 1, 1, NULL),
	(149, '10013', NULL, 29, 1, '2019-07-04 08:18:14', '2019-07-04 08:18:14', 7, 7, 0, 1, 1, NULL),
	(150, '10013', NULL, 29, 1, '2019-07-04 08:18:14', '2019-07-04 08:18:14', 7, 7, 0, 1, 1, NULL),
	(151, '10013', NULL, 29, 1, '2019-07-04 08:18:14', '2019-07-04 08:18:14', 7, 7, 0, 1, 1, NULL),
	(152, 'XXX', NULL, 28, 1, '2019-07-04 08:18:14', '2019-07-04 08:18:14', 7, 7, 0, 1, 1, NULL),
	(153, 'XXX', NULL, 22, 1, '2019-07-04 08:18:14', '2019-07-04 08:18:14', 7, 7, 0, 1, 1, NULL),
	(154, 'XXX', NULL, 22, 1, '2019-07-04 08:18:14', '2019-07-04 08:18:14', 7, 7, 0, 1, 1, NULL),
	(155, 'XXX', NULL, 22, 1, '2019-07-04 08:18:14', '2019-07-04 08:18:14', 7, 7, 0, 1, 1, NULL),
	(156, '10008', NULL, 25, 1, '2019-07-04 08:18:14', '2019-07-04 08:18:14', 7, 7, 0, 1, 1, NULL),
	(157, '10008', NULL, 25, 1, '2019-07-04 08:18:14', '2019-07-04 08:18:14', 7, 7, 0, 1, 1, NULL),
	(158, '10008', NULL, 25, 1, '2019-07-04 08:18:14', '2019-07-04 08:18:14', 7, 7, 0, 1, 1, NULL),
	(159, '10008', NULL, 25, 1, '2019-07-04 08:18:14', '2019-07-04 08:18:14', 7, 7, 0, 1, 1, NULL),
	(160, '10008', NULL, 25, 1, '2019-07-04 08:18:14', '2019-07-04 08:18:14', 7, 7, 0, 1, 1, NULL),
	(161, '91620', NULL, 31, 1, '2019-07-04 08:18:14', '2019-07-04 08:18:14', 7, 7, 0, 1, 1, NULL),
	(162, '91620', NULL, 31, 1, '2019-07-04 08:18:14', '2019-07-04 08:18:14', 7, 7, 0, 1, 1, NULL),
	(163, '91620', NULL, 31, 1, '2019-07-04 08:18:14', '2019-07-04 08:18:14', 7, 7, 0, 1, 1, NULL),
	(164, '91620', NULL, 31, 1, '2019-07-04 08:18:14', '2019-07-04 08:18:14', 7, 7, 0, 1, 1, NULL),
	(165, '91620', NULL, 31, 1, '2019-07-04 08:18:14', '2019-07-04 08:18:14', 7, 7, 0, 1, 1, NULL),
	(166, '91620', NULL, 31, 1, '2019-07-04 08:18:14', '2019-07-04 08:18:14', 7, 7, 0, 1, 1, NULL),
	(167, '91620', NULL, 31, 1, '2019-07-04 08:18:14', '2019-07-04 08:18:14', 7, 7, 0, 1, 1, NULL),
	(168, '91620', NULL, 31, 1, '2019-07-04 08:18:14', '2019-07-04 08:18:14', 7, 7, 0, 1, 1, NULL),
	(169, '91620', NULL, 31, 1, '2019-07-04 08:18:14', '2019-07-04 08:18:14', 7, 7, 0, 1, 1, NULL),
	(170, '91620', NULL, 31, 1, '2019-07-04 08:18:14', '2019-07-04 08:18:14', 7, 7, 0, 1, 1, NULL),
	(171, '91620', NULL, 31, 1, '2019-07-04 08:18:14', '2019-07-04 08:18:14', 7, 7, 0, 1, 1, NULL),
	(172, '91620', NULL, 31, 1, '2019-07-04 08:18:14', '2019-07-04 08:18:14', 7, 7, 0, 1, 1, NULL),
	(173, '91620', NULL, 31, 1, '2019-07-04 08:18:14', '2019-07-04 08:18:14', 7, 7, 0, 1, 1, NULL),
	(174, '91620', NULL, 31, 1, '2019-07-04 08:18:14', '2019-07-04 08:18:14', 7, 7, 0, 1, 1, NULL),
	(175, '91620', NULL, 31, 1, '2019-07-04 08:18:14', '2019-07-04 08:18:14', 7, 7, 0, 1, 1, NULL),
	(176, '91620', NULL, 31, 1, '2019-07-04 08:18:14', '2019-07-04 08:18:14', 7, 7, 0, 1, 1, NULL),
	(177, '91620', NULL, 31, 1, '2019-07-04 08:18:14', '2019-07-04 08:18:14', 7, 7, 0, 1, 1, NULL),
	(178, '91620', NULL, 31, 1, '2019-07-04 08:18:14', '2019-07-04 08:18:14', 7, 7, 0, 1, 1, NULL),
	(179, '91620', NULL, 31, 1, '2019-07-04 08:18:14', '2019-07-04 08:18:14', 7, 7, 0, 1, 1, NULL),
	(180, '91620', NULL, 31, 1, '2019-07-04 08:18:14', '2019-07-04 08:18:14', 7, 7, 0, 1, 1, NULL),
	(181, '91620', NULL, 31, 1, '2019-07-04 08:18:14', '2019-07-04 08:18:14', 7, 7, 0, 1, 1, NULL),
	(182, '91620', NULL, 31, 1, '2019-07-04 08:18:14', '2019-07-04 08:18:14', 7, 7, 0, 1, 1, NULL),
	(183, '91620', NULL, 31, 1, '2019-07-04 08:18:14', '2019-07-04 08:18:14', 7, 7, 0, 1, 1, NULL),
	(184, '91620', NULL, 31, 1, '2019-07-04 08:18:14', '2019-07-04 08:18:14', 7, 7, 0, 1, 1, NULL),
	(185, '91620', NULL, 31, 1, '2019-07-04 08:18:14', '2019-07-04 08:18:14', 7, 7, 0, 1, 1, NULL),
	(186, '91620', NULL, 31, 1, '2019-07-04 08:18:14', '2019-07-04 08:18:14', 7, 7, 0, 1, 1, NULL),
	(187, '91620', NULL, 31, 1, '2019-07-04 08:18:14', '2019-07-04 08:18:14', 7, 7, 0, 1, 1, NULL),
	(188, '91620', NULL, 31, 1, '2019-07-04 08:18:14', '2019-07-04 08:18:14', 7, 7, 0, 1, 1, NULL),
	(189, '91620', NULL, 31, 1, '2019-07-04 08:18:14', '2019-07-04 08:18:14', 7, 7, 0, 1, 1, NULL),
	(190, '91534', NULL, 39, 1, '2019-07-04 08:18:14', '2019-07-04 08:18:14', 7, 7, 0, 1, 1, NULL),
	(191, '91534', NULL, 39, 1, '2019-07-04 08:18:14', '2019-07-04 08:18:14', 7, 7, 0, 1, 1, NULL),
	(192, '91534', NULL, 39, 1, '2019-07-04 08:18:14', '2019-07-04 08:18:14', 7, 7, 0, 1, 1, NULL),
	(193, '91534', NULL, 39, 1, '2019-07-04 08:18:14', '2019-07-04 08:18:14', 7, 7, 0, 1, 1, NULL),
	(194, '91534', NULL, 39, 1, '2019-07-04 08:18:14', '2019-07-04 08:18:14', 7, 7, 0, 1, 1, NULL),
	(195, '91534', NULL, 39, 1, '2019-07-04 08:18:14', '2019-07-04 08:18:14', 7, 7, 0, 1, 1, NULL),
	(196, '91534', NULL, 39, 1, '2019-07-04 08:18:14', '2019-07-04 08:18:14', 7, 7, 0, 1, 1, NULL),
	(197, '91534', NULL, 39, 1, '2019-07-04 08:18:14', '2019-07-04 08:18:14', 7, 7, 0, 1, 1, NULL),
	(198, '91534', NULL, 39, 1, '2019-07-04 08:18:14', '2019-07-04 08:18:14', 7, 7, 0, 1, 1, NULL),
	(199, '91534', NULL, 39, 1, '2019-07-04 08:18:14', '2019-07-04 08:18:14', 7, 7, 0, 1, 1, NULL),
	(200, '91534', NULL, 39, 1, '2019-07-04 08:18:14', '2019-07-04 08:18:14', 7, 7, 0, 1, 1, NULL),
	(201, '91534', NULL, 39, 1, '2019-07-04 08:18:14', '2019-07-04 08:18:14', 7, 7, 0, 1, 1, NULL),
	(202, '91534', NULL, 39, 1, '2019-07-04 08:18:14', '2019-07-04 08:18:14', 7, 7, 0, 1, 1, NULL),
	(203, '91895', NULL, 36, 1, '2019-07-04 08:18:14', '2019-07-04 08:18:14', 7, 7, 0, 1, 1, NULL),
	(204, '91895', NULL, 36, 1, '2019-07-04 08:18:14', '2019-07-04 08:18:14', 7, 7, 0, 1, 1, NULL),
	(205, '91895', NULL, 36, 1, '2019-07-04 08:18:14', '2019-07-04 08:18:14', 7, 7, 0, 1, 1, NULL),
	(206, 'XXX', NULL, 51, 1, '2019-07-04 08:18:14', '2019-07-04 08:18:14', 7, 7, 0, 1, 1, NULL),
	(207, 'XXX', NULL, 51, 1, '2019-07-04 08:18:14', '2019-07-04 08:18:14', 7, 7, 0, 1, 1, NULL),
	(208, 'XXX', NULL, 51, 1, '2019-07-04 08:18:14', '2019-07-04 08:18:14', 7, 7, 0, 1, 1, NULL),
	(209, 'XXX', NULL, 51, 1, '2019-07-04 08:18:14', '2019-07-04 08:18:14', 7, 7, 0, 1, 1, NULL),
	(210, '91704', NULL, 26, 1, '2019-07-04 08:18:14', '2019-07-04 08:18:14', 7, 7, 0, 1, 1, NULL),
	(211, '91704', NULL, 26, 1, '2019-07-04 08:18:14', '2019-07-04 08:18:14', 7, 7, 0, 1, 1, NULL),
	(212, '91704', NULL, 26, 1, '2019-07-04 08:18:14', '2019-07-04 08:18:14', 7, 7, 0, 1, 1, NULL),
	(213, '91704', NULL, 26, 1, '2019-07-04 08:18:14', '2019-07-04 08:18:14', 7, 7, 0, 1, 1, NULL),
	(214, '91704', NULL, 26, 1, '2019-07-04 08:18:14', '2019-07-04 08:18:14', 7, 7, 0, 1, 1, NULL),
	(215, '91536', NULL, 40, 1, '2019-07-04 08:18:14', '2019-07-04 08:18:14', 7, 7, 0, 1, 1, NULL),
	(216, '91536', NULL, 40, 1, '2019-07-04 08:18:14', '2019-07-04 08:18:14', 7, 7, 0, 1, 1, NULL),
	(217, '91536', NULL, 40, 1, '2019-07-04 08:18:14', '2019-07-04 08:18:14', 7, 7, 0, 1, 1, NULL),
	(218, '91536', NULL, 40, 1, '2019-07-04 08:18:14', '2019-07-04 08:18:14', 7, 7, 0, 1, 1, NULL),
	(219, '91536', NULL, 40, 1, '2019-07-04 08:18:14', '2019-07-04 08:18:14', 7, 7, 0, 1, 1, NULL),
	(220, '91536', NULL, 40, 1, '2019-07-04 08:18:14', '2019-07-04 08:18:14', 7, 7, 0, 1, 1, NULL),
	(221, '91536', NULL, 40, 1, '2019-07-04 08:18:14', '2019-07-04 08:18:14', 7, 7, 0, 1, 1, NULL),
	(222, '91536', NULL, 40, 1, '2019-07-04 08:18:14', '2019-07-04 08:18:14', 7, 7, 0, 1, 1, NULL),
	(223, '91536', NULL, 40, 1, '2019-07-04 08:18:14', '2019-07-04 08:18:14', 7, 7, 0, 1, 1, NULL),
	(224, '91536', NULL, 40, 1, '2019-07-04 08:18:14', '2019-07-04 08:18:14', 7, 7, 0, 1, 1, NULL),
	(225, '91536', NULL, 40, 1, '2019-07-04 08:18:14', '2019-07-04 08:18:14', 7, 7, 0, 1, 1, NULL),
	(226, '91536', NULL, 40, 1, '2019-07-04 08:18:14', '2019-07-04 08:18:14', 7, 7, 0, 1, 1, NULL),
	(227, '91536', NULL, 40, 1, '2019-07-04 08:18:14', '2019-07-04 08:18:14', 7, 7, 0, 1, 1, NULL),
	(228, '91536', NULL, 40, 1, '2019-07-04 08:18:14', '2019-07-04 08:18:14', 7, 7, 0, 1, 1, NULL),
	(229, 'XXX', NULL, 28, 1, '2019-07-04 08:18:14', '2019-07-04 08:18:14', 7, 7, 0, 1, 1, NULL),
	(230, 'XXX', NULL, 28, 1, '2019-07-04 08:18:14', '2019-07-04 08:18:14', 7, 7, 0, 1, 1, NULL),
	(231, '91130', NULL, 28, 1, '2019-07-04 08:18:14', '2019-07-04 08:18:14', 7, 7, 0, 1, 1, NULL),
	(232, '91130', NULL, 28, 1, '2019-07-04 08:18:14', '2019-07-04 08:18:14', 7, 7, 0, 1, 1, NULL),
	(233, '91130', NULL, 28, 1, '2019-07-04 08:18:14', '2019-07-04 08:18:14', 7, 7, 0, 1, 1, NULL),
	(234, '91130', NULL, 28, 1, '2019-07-04 08:18:14', '2019-07-04 08:18:14', 7, 7, 0, 1, 1, NULL),
	(235, '91130', NULL, 28, 1, '2019-07-04 08:18:14', '2019-07-04 08:18:14', 7, 7, 0, 1, 1, NULL),
	(236, '91130', NULL, 28, 1, '2019-07-04 08:18:14', '2019-07-04 08:18:14', 7, 7, 0, 1, 1, NULL),
	(237, '91130', NULL, 28, 1, '2019-07-04 08:18:14', '2019-07-04 08:18:14', 7, 7, 0, 1, 1, NULL),
	(238, '91130', NULL, 28, 1, '2019-07-04 08:18:14', '2019-07-04 08:18:14', 7, 7, 0, 1, 1, NULL),
	(239, '91130', NULL, 28, 1, '2019-07-04 08:18:14', '2019-07-04 08:18:14', 7, 7, 0, 1, 1, NULL),
	(240, '91130', NULL, 28, 1, '2019-07-04 08:18:14', '2019-07-04 08:18:14', 7, 7, 0, 1, 1, NULL),
	(241, '91130', NULL, 28, 1, '2019-07-04 08:18:14', '2019-07-04 08:18:14', 7, 7, 0, 1, 1, NULL),
	(242, '91130', NULL, 28, 1, '2019-07-04 08:18:14', '2019-07-04 08:18:14', 7, 7, 0, 1, 1, NULL),
	(243, '91130', NULL, 28, 1, '2019-07-04 08:18:14', '2019-07-04 08:18:14', 7, 7, 0, 1, 1, NULL),
	(244, '91130', NULL, 28, 1, '2019-07-04 08:18:14', '2019-07-04 08:18:14', 7, 7, 0, 1, 1, NULL),
	(245, '91130', NULL, 28, 1, '2019-07-04 08:18:14', '2019-07-04 08:18:14', 7, 7, 0, 1, 1, NULL),
	(246, '95376', NULL, 42, 1, '2019-07-04 08:18:14', '2019-07-04 08:18:14', 7, 7, 0, 1, 1, NULL),
	(247, '95376', NULL, 42, 1, '2019-07-04 08:18:14', '2019-07-04 08:18:14', 7, 7, 0, 1, 1, NULL),
	(248, '95376', NULL, 42, 1, '2019-07-04 08:18:14', '2019-07-04 08:18:14', 7, 7, 0, 1, 1, NULL),
	(249, '95376', NULL, 42, 1, '2019-07-04 08:18:14', '2019-07-04 08:18:14', 7, 7, 0, 1, 1, NULL),
	(250, '95376', NULL, 42, 1, '2019-07-04 08:18:14', '2019-07-04 08:18:14', 7, 7, 0, 1, 1, NULL),
	(251, '95102', NULL, 42, 1, '2019-07-04 08:18:14', '2019-07-04 08:18:14', 7, 7, 0, 1, 1, NULL),
	(252, '95102', NULL, 42, 1, '2019-07-04 08:18:14', '2019-07-04 08:18:14', 7, 7, 0, 1, 1, NULL),
	(253, '95102', NULL, 42, 1, '2019-07-04 08:18:14', '2019-07-04 08:18:14', 7, 7, 0, 1, 1, NULL),
	(254, '95102', NULL, 42, 1, '2019-07-04 08:18:14', '2019-07-04 08:18:14', 7, 7, 0, 1, 1, NULL),
	(255, '95102', NULL, 42, 1, '2019-07-04 08:18:14', '2019-07-04 08:18:14', 7, 7, 0, 1, 1, NULL),
	(256, '95102', NULL, 42, 1, '2019-07-04 08:18:14', '2019-07-04 08:18:14', 7, 7, 0, 1, 1, NULL),
	(257, '95102', NULL, 42, 1, '2019-07-04 08:18:14', '2019-07-04 08:18:14', 7, 7, 0, 1, 1, NULL),
	(258, '95193  (Antonino)', NULL, 42, 1, '2019-07-04 08:18:14', '2019-07-04 08:18:14', 7, 7, 0, 1, 1, NULL),
	(259, '95193  (Antonino)', NULL, 42, 1, '2019-07-04 08:18:14', '2019-07-04 08:18:14', 7, 7, 0, 1, 1, NULL),
	(260, '95193  (Antonino)', NULL, 42, 1, '2019-07-04 08:18:14', '2019-07-04 08:18:14', 7, 7, 0, 1, 1, NULL),
	(261, '95193  (Antonino)', NULL, 42, 1, '2019-07-04 08:18:14', '2019-07-04 08:18:14', 7, 7, 0, 1, 1, NULL),
	(262, '95193  (Antonino)', NULL, 42, 1, '2019-07-04 08:18:14', '2019-07-04 08:18:14', 7, 7, 0, 1, 1, NULL),
	(263, '95193  (Antonino)', NULL, 42, 1, '2019-07-04 08:18:14', '2019-07-04 08:18:14', 7, 7, 0, 1, 1, NULL),
	(264, '95193  (Antonino)', NULL, 42, 1, '2019-07-04 08:18:14', '2019-07-04 08:18:14', 7, 7, 0, 1, 1, NULL),
	(265, '95193  (Antonino)', NULL, 42, 1, '2019-07-04 08:18:14', '2019-07-04 08:18:14', 7, 7, 0, 1, 1, NULL),
	(266, '95193  (Antonino)', NULL, 42, 1, '2019-07-04 08:18:14', '2019-07-04 08:18:14', 7, 7, 0, 1, 1, NULL),
	(267, '95193  (Antonino)', NULL, 42, 1, '2019-07-04 08:18:14', '2019-07-04 08:18:14', 7, 7, 0, 1, 1, NULL),
	(268, '95193  (Antonino)', NULL, 42, 1, '2019-07-04 08:18:14', '2019-07-04 08:18:14', 7, 7, 0, 1, 1, NULL),
	(269, '95193  (Antonino)', NULL, 42, 1, '2019-07-04 08:18:14', '2019-07-04 08:18:14', 7, 7, 0, 1, 1, NULL),
	(270, '95193  (Antonino)', NULL, 42, 1, '2019-07-04 08:18:14', '2019-07-04 08:18:14', 7, 7, 0, 1, 1, NULL),
	(271, '95317', NULL, 42, 1, '2019-07-04 08:18:14', '2019-07-04 08:18:14', 7, 7, 0, 1, 1, NULL),
	(272, '95317', NULL, 42, 1, '2019-07-04 08:18:14', '2019-07-04 08:18:14', 7, 7, 0, 1, 1, NULL),
	(273, '95317', NULL, 42, 1, '2019-07-04 08:18:14', '2019-07-04 08:18:14', 7, 7, 0, 1, 1, NULL),
	(274, '95317', NULL, 42, 1, '2019-07-04 08:18:14', '2019-07-04 08:18:14', 7, 7, 0, 1, 1, NULL),
	(275, '95317', NULL, 42, 1, '2019-07-04 08:18:14', '2019-07-04 08:18:14', 7, 7, 0, 1, 1, NULL),
	(276, '95317', NULL, 42, 1, '2019-07-04 08:18:14', '2019-07-04 08:18:14', 7, 7, 0, 1, 1, NULL),
	(277, '95317', NULL, 42, 1, '2019-07-04 08:18:14', '2019-07-04 08:18:14', 7, 7, 0, 1, 1, NULL),
	(278, '95317', NULL, 42, 1, '2019-07-04 08:18:14', '2019-07-04 08:18:14', 7, 7, 0, 1, 1, NULL),
	(279, '95317', NULL, 42, 1, '2019-07-04 08:18:14', '2019-07-04 08:18:14', 7, 7, 0, 1, 1, NULL),
	(280, '95317', NULL, 42, 1, '2019-07-04 08:18:14', '2019-07-04 08:18:14', 7, 7, 0, 1, 1, NULL),
	(281, '95317', NULL, 42, 1, '2019-07-04 08:18:14', '2019-07-04 08:18:14', 7, 7, 0, 1, 1, NULL),
	(282, '95317', NULL, 42, 1, '2019-07-04 08:18:14', '2019-07-04 08:18:14', 7, 7, 0, 1, 1, NULL),
	(283, '95317', NULL, 42, 1, '2019-07-04 08:18:14', '2019-07-04 08:18:14', 7, 7, 0, 1, 1, NULL),
	(284, '95317', NULL, 42, 1, '2019-07-04 08:18:14', '2019-07-04 08:18:14', 7, 7, 0, 1, 1, NULL),
	(285, '95317', NULL, 42, 1, '2019-07-04 08:18:14', '2019-07-04 08:18:14', 7, 7, 0, 1, 1, NULL),
	(286, 'XXX', NULL, 140, 1, '2019-07-04 08:18:14', '2019-07-04 08:18:14', 7, 7, 0, 1, 1, NULL),
	(287, 'XXX', NULL, 140, 1, '2019-07-04 08:18:14', '2019-07-04 08:18:14', 7, 7, 0, 1, 1, NULL),
	(288, 'XXX', NULL, 140, 1, '2019-07-04 08:18:14', '2019-07-04 08:18:14', 7, 7, 0, 1, 1, NULL),
	(289, 'XXX', NULL, 140, 1, '2019-07-04 08:18:14', '2019-07-04 08:18:14', 7, 7, 0, 1, 1, NULL),
	(290, 'XXX', NULL, 140, 1, '2019-07-04 08:18:14', '2019-07-04 08:18:14', 7, 7, 0, 1, 1, NULL),
	(291, 'XXX', NULL, 140, 1, '2019-07-04 08:18:14', '2019-07-04 08:18:14', 7, 7, 0, 1, 1, NULL),
	(292, 'XXX', NULL, 140, 1, '2019-07-04 08:18:14', '2019-07-04 08:18:14', 7, 7, 0, 1, 1, NULL),
	(293, '97411', NULL, 30, 1, '2019-07-04 08:18:14', '2019-07-04 08:18:14', 7, 7, 0, 1, 1, NULL),
	(294, '97411', NULL, 30, 1, '2019-07-04 08:18:14', '2019-07-04 08:18:14', 7, 7, 0, 1, 1, NULL),
	(295, '97411', NULL, 30, 1, '2019-07-04 08:18:14', '2019-07-04 08:18:14', 7, 7, 0, 1, 1, NULL),
	(296, '97411', NULL, 30, 1, '2019-07-04 08:18:14', '2019-07-04 08:18:14', 7, 7, 0, 1, 1, NULL),
	(297, '97411', NULL, 30, 1, '2019-07-04 08:18:14', '2019-07-04 08:18:14', 7, 7, 0, 1, 1, NULL),
	(298, '97411', NULL, 30, 1, '2019-07-04 08:18:14', '2019-07-04 08:18:14', 7, 7, 0, 1, 1, NULL),
	(299, '97411', NULL, 30, 1, '2019-07-04 08:18:14', '2019-07-04 08:18:14', 7, 7, 0, 1, 1, NULL),
	(300, '97411', NULL, 30, 1, '2019-07-04 08:18:14', '2019-07-04 08:18:14', 7, 7, 0, 1, 1, NULL),
	(301, '97411', NULL, 30, 1, '2019-07-04 08:18:14', '2019-07-04 08:18:14', 7, 7, 0, 1, 1, NULL),
	(302, '97411', NULL, 30, 1, '2019-07-04 08:18:14', '2019-07-04 08:18:14', 7, 7, 0, 1, 1, NULL),
	(303, '97411', NULL, 30, 1, '2019-07-04 08:18:14', '2019-07-04 08:18:14', 7, 7, 0, 1, 1, NULL),
	(304, '97410', NULL, 35, 1, '2019-07-04 08:18:14', '2019-07-04 08:18:14', 7, 7, 0, 1, 1, NULL),
	(305, '97410', NULL, 35, 1, '2019-07-04 08:18:14', '2019-07-04 08:18:14', 7, 7, 0, 1, 1, NULL),
	(306, '97410', NULL, 35, 1, '2019-07-04 08:18:14', '2019-07-04 08:18:14', 7, 7, 0, 1, 1, NULL),
	(307, '97410', NULL, 35, 1, '2019-07-04 08:18:14', '2019-07-04 08:18:14', 7, 7, 0, 1, 1, NULL),
	(308, '97410', NULL, 35, 1, '2019-07-04 08:18:14', '2019-07-04 08:18:14', 7, 7, 0, 1, 1, NULL),
	(309, '97410', NULL, 35, 1, '2019-07-04 08:18:14', '2019-07-04 08:18:14', 7, 7, 0, 1, 1, NULL),
	(310, '97410', NULL, 35, 1, '2019-07-04 08:18:14', '2019-07-04 08:18:14', 7, 7, 0, 1, 1, NULL),
	(311, '97410', NULL, 35, 1, '2019-07-04 08:18:14', '2019-07-04 08:18:14', 7, 7, 0, 1, 1, NULL),
	(312, '97410', NULL, 35, 1, '2019-07-04 08:18:14', '2019-07-04 08:18:14', 7, 7, 0, 1, 1, NULL),
	(313, '97410', NULL, 35, 1, '2019-07-04 08:18:14', '2019-07-04 08:18:14', 7, 7, 0, 1, 1, NULL),
	(314, '97410', NULL, 35, 1, '2019-07-04 08:18:14', '2019-07-04 08:18:14', 7, 7, 0, 1, 1, NULL),
	(315, '97410', NULL, 35, 1, '2019-07-04 08:18:14', '2019-07-04 08:18:14', 7, 7, 0, 1, 1, NULL),
	(316, '97410', NULL, 35, 1, '2019-07-04 08:18:14', '2019-07-04 08:18:14', 7, 7, 0, 1, 1, NULL),
	(317, '97410', NULL, 35, 1, '2019-07-04 08:18:14', '2019-07-04 08:18:14', 7, 7, 0, 1, 1, NULL),
	(318, '97410', NULL, 35, 1, '2019-07-04 08:18:14', '2019-07-04 08:18:14', 7, 7, 0, 1, 1, NULL),
	(319, '97410', NULL, 35, 1, '2019-07-04 08:18:14', '2019-07-04 08:18:14', 7, 7, 0, 1, 1, NULL),
	(320, '0', NULL, 30, 1, '2019-07-04 08:18:14', '2019-07-04 08:18:14', 7, 7, 0, 2, 1, NULL),
	(321, '0', NULL, 40, 1, '2019-07-04 08:18:14', '2019-07-04 08:18:14', 7, 7, 0, 2, 1, NULL),
	(322, '0', NULL, 30, 1, '2019-07-04 08:18:14', '2019-07-04 08:18:14', 7, 7, 0, 2, 1, NULL),
	(323, '0', NULL, 45, 1, '2019-07-04 08:18:14', '2019-07-04 08:18:14', 7, 7, 0, 2, 1, NULL),
	(324, '0', NULL, 45, 1, '2019-07-04 08:18:14', '2019-07-04 08:18:14', 7, 7, 0, 2, 1, NULL),
	(325, '0', NULL, 40, 1, '2019-07-04 08:18:14', '2019-07-04 08:18:14', 7, 7, 0, 2, 1, NULL),
	(326, '0', NULL, 16, 1, '2019-07-04 08:18:14', '2019-07-04 08:18:14', 7, 7, 0, 2, 1, NULL),
	(327, '0', NULL, 20, 1, '2019-07-04 08:18:14', '2019-07-04 08:18:14', 7, 7, 0, 2, 1, NULL),
	(328, '0', NULL, 16, 1, '2019-07-04 08:18:14', '2019-07-04 08:18:14', 7, 7, 0, 2, 1, NULL),
	(329, '0', NULL, 45, 1, '2019-07-04 08:18:14', '2019-07-04 08:18:14', 7, 7, 0, 2, 1, NULL),
	(330, '0', NULL, 60, 1, '2019-07-04 08:18:14', '2019-07-04 08:18:14', 7, 7, 0, 2, 1, NULL),
	(331, '0', NULL, 60, 1, '2019-07-04 08:18:14', '2019-07-04 08:18:14', 7, 7, 0, 2, 1, NULL),
	(332, '0', NULL, 55, 1, '2019-07-04 08:18:14', '2019-07-04 08:18:14', 7, 7, 0, 2, 1, NULL),
	(333, '0', NULL, 0, 1, '2019-07-04 08:18:14', '2019-07-04 08:18:14', 7, 7, 0, 3, 1, NULL),
	(334, '0', NULL, 0, 1, '2019-07-04 08:18:14', '2019-07-04 08:18:14', 7, 7, 0, 3, 1, NULL),
	(335, '0', NULL, 0, 1, '2019-07-04 08:18:14', '2019-07-04 08:18:14', 7, 7, 0, 3, 1, NULL),
	(336, '0', NULL, 0, 1, '2019-07-04 08:18:14', '2019-07-04 08:18:14', 7, 7, 0, 3, 1, NULL),
	(337, '0', NULL, 0, 1, '2019-07-04 08:18:14', '2019-07-04 08:18:14', 7, 7, 0, 3, 1, NULL),
	(338, '0', NULL, 0, 1, '2019-07-04 08:18:14', '2019-07-04 08:18:14', 7, 7, 0, 3, 1, NULL),
	(339, '0', NULL, 0, 1, '2019-07-04 08:18:14', '2019-07-04 08:18:14', 7, 7, 0, 3, 1, NULL),
	(340, '0', NULL, 0, 1, '2019-07-04 08:18:14', '2019-07-04 08:18:14', 7, 7, 0, 3, 1, NULL),
	(341, '0', NULL, 60, 1, '2019-07-04 08:18:14', '2019-07-04 08:18:14', 7, 7, 0, 4, 1, NULL),
	(342, '0', NULL, 60, 1, '2019-07-04 08:18:14', '2019-07-04 08:18:14', 7, 7, 0, 4, 1, NULL),
	(343, '0', NULL, 60, 1, '2019-07-04 08:18:14', '2019-07-04 08:18:14', 7, 7, 0, 4, 1, NULL),
	(344, '0', NULL, 60, 1, '2019-07-04 08:18:14', '2019-07-04 08:18:14', 7, 7, 0, 4, 1, NULL),
	(345, '0', NULL, 60, 1, '2019-07-04 08:18:14', '2019-07-04 08:18:14', 7, 7, 0, 4, 1, NULL),
	(346, '0', NULL, 60, 1, '2019-07-04 08:18:14', '2019-07-04 08:18:14', 7, 7, 0, 4, 1, NULL),
	(347, '0', NULL, 60, 1, '2019-07-04 08:18:14', '2019-07-04 08:18:14', 7, 7, 0, 4, 1, NULL),
	(348, '0', NULL, 0, 1, '2019-07-04 08:18:14', '2019-07-04 08:18:14', 7, 7, 0, 5, 1, NULL),
	(349, '0', NULL, 0, 1, '2019-07-04 08:18:14', '2019-07-04 08:18:14', 7, 7, 0, 5, 1, NULL),
	(350, '0', NULL, 0, 1, '2019-07-04 08:18:14', '2019-07-04 08:18:14', 7, 7, 0, 5, 1, NULL),
	(351, '0', NULL, 0, 1, '2019-07-04 08:18:14', '2019-07-04 08:18:14', 7, 7, 0, 5, 1, NULL),
	(352, '0', NULL, 0, 1, '2019-07-04 08:18:14', '2019-07-04 08:18:14', 7, 7, 0, 5, 1, NULL),
	(353, '0', NULL, 0, 1, '2019-07-04 08:18:14', '2019-07-04 08:18:14', 7, 7, 0, 5, 1, NULL),
	(354, '0', NULL, 0, 1, '2019-07-04 08:18:14', '2019-07-04 08:18:14', 7, 7, 0, 6, 1, NULL),
	(355, '0', NULL, 0, 1, '2019-07-04 08:18:14', '2019-07-04 08:18:14', 7, 7, 0, 7, 1, NULL),
	(356, '0', NULL, 0, 1, '2019-07-04 08:18:14', '2019-07-04 08:18:14', 7, 7, 0, 7, 1, NULL),
	(357, '0', NULL, 0, 1, '2019-07-04 08:18:14', '2019-07-04 08:18:14', 7, 7, 0, 8, 1, NULL),
	(358, '0', NULL, 0, 1, '2019-07-04 08:18:14', '2019-07-04 08:18:14', 7, 7, 0, 8, 1, NULL),
	(359, '0', NULL, 0, 1, '2019-07-04 08:18:14', '2019-07-04 08:18:14', 7, 7, 0, 8, 1, NULL),
	(360, '0', NULL, 0, 1, '2019-07-04 08:18:14', '2019-07-04 08:18:14', 7, 7, 0, 8, 1, NULL),
	(361, '0', NULL, 0, 1, '2019-07-04 08:18:14', '2019-07-04 08:18:14', 7, 7, 0, 8, 1, NULL),
	(362, '0', NULL, 0, 1, '2019-07-04 08:18:14', '2019-07-04 08:18:14', 7, 7, 0, 8, 1, NULL),
	(363, '0', NULL, 0, 1, '2019-07-04 08:18:14', '2019-07-04 08:18:14', 7, 7, 0, 8, 1, NULL),
	(364, '0', NULL, 0, 1, '2019-07-04 08:18:14', '2019-07-04 08:18:14', 7, 7, 0, 8, 1, NULL),
	(365, '0', NULL, 0, 1, '2019-07-04 08:18:14', '2019-07-04 08:18:14', 7, 7, 0, 8, 1, NULL),
	(366, '0', NULL, 0, 1, '2019-07-04 08:18:14', '2019-07-04 08:18:14', 7, 7, 0, 8, 1, NULL),
	(367, '0', NULL, 0, 1, '2019-07-04 08:18:14', '2019-07-04 08:18:14', 7, 7, 0, 8, 1, NULL),
	(368, '0', NULL, 0, 1, '2019-07-04 08:18:14', '2019-07-04 08:18:14', 7, 7, 0, 9, 1, NULL),
	(369, '0', NULL, 0, 1, '2019-07-04 08:18:14', '2019-07-04 08:18:14', 7, 7, 0, 9, 1, NULL),
	(370, '0', NULL, 0, 1, '2019-07-04 08:18:14', '2019-07-04 08:18:14', 7, 7, 0, 9, 1, NULL);
/*!40000 ALTER TABLE `app_warehouse_items` ENABLE KEYS */;

CREATE TABLE IF NOT EXISTS `app_warehouse_movements` (
  `id` int(11) NOT NULL AUTO_INCREMENT,
  `app_warehouse_items_id` int(11) NOT NULL,
  `descri` varchar(255) DEFAULT NULL,
  `quantity` int(11) NOT NULL,
  `datereg` timestamp NOT NULL DEFAULT CURRENT_TIMESTAMP,
  `lastupdate` timestamp NOT NULL DEFAULT CURRENT_TIMESTAMP,
  `userreg` int(11) NOT NULL,
  `userupdate` int(11) NOT NULL,
  `app_warehouse_causals_id` int(11) NOT NULL,
  `app_warehouses_id` int(11) NOT NULL,
  `notes` varchar(255) DEFAULT NULL,
  PRIMARY KEY (`id`),
  KEY `fk_app_warehouse_movements_warehouse_causal` (`app_warehouse_causals_id`),
  KEY `fk_app_warehouse_movements_userreg` (`userreg`),
  KEY `fk_app_warehouse_movements_userupdate` (`userupdate`),
  KEY `fk_app_warehouse_movements_warehouse` (`app_warehouses_id`),
  KEY `fk_app_warehouse_movements_item` (`app_warehouse_items_id`),
  CONSTRAINT `fk_app_warehouse_movements_item` FOREIGN KEY (`app_warehouse_items_id`) REFERENCES `app_warehouse_items` (`id`) ON DELETE NO ACTION ON UPDATE NO ACTION,
  CONSTRAINT `fk_app_warehouse_movements_userreg` FOREIGN KEY (`userreg`) REFERENCES `app_users` (`id`) ON DELETE NO ACTION ON UPDATE NO ACTION,
  CONSTRAINT `fk_app_warehouse_movements_userupdate` FOREIGN KEY (`userupdate`) REFERENCES `app_users` (`id`) ON DELETE NO ACTION ON UPDATE NO ACTION,
  CONSTRAINT `fk_app_warehouse_movements_warehouse` FOREIGN KEY (`app_warehouses_id`) REFERENCES `app_warehouses` (`id`) ON DELETE NO ACTION ON UPDATE NO ACTION,
  CONSTRAINT `fk_app_warehouse_movements_warehouse_causal` FOREIGN KEY (`app_warehouse_causals_id`) REFERENCES `app_warehouse_causals` (`id`) ON DELETE NO ACTION ON UPDATE NO ACTION
) ENGINE=InnoDB AUTO_INCREMENT=320 DEFAULT CHARSET=latin1;

DELETE FROM `app_warehouse_movements`;
/*!40000 ALTER TABLE `app_warehouse_movements` DISABLE KEYS */;
INSERT INTO `app_warehouse_movements` (`id`, `app_warehouse_items_id`, `descri`, `quantity`, `datereg`, `lastupdate`, `userreg`, `userupdate`, `app_warehouse_causals_id`, `app_warehouses_id`, `notes`) VALUES
	(1, 1, NULL, 199, '2019-07-04 08:23:34', '2019-07-04 08:23:34', 7, 7, 7, 1, NULL),
	(2, 2, NULL, 3, '2019-07-04 08:23:34', '2019-07-04 08:23:34', 7, 7, 7, 1, NULL),
	(3, 3, NULL, 4, '2019-07-04 08:23:34', '2019-07-04 08:23:34', 7, 7, 7, 1, NULL),
	(4, 4, NULL, 1, '2019-07-04 08:23:34', '2019-07-04 08:23:34', 7, 7, 7, 1, NULL),
	(5, 5, NULL, 3, '2019-07-04 08:23:34', '2019-07-04 08:23:34', 7, 7, 7, 1, NULL),
	(6, 6, NULL, 2, '2019-07-04 08:23:34', '2019-07-04 08:23:34', 7, 7, 7, 1, NULL),
	(7, 7, NULL, 4, '2019-07-04 08:23:34', '2019-07-04 08:23:34', 7, 7, 7, 1, NULL),
	(8, 8, NULL, 4, '2019-07-04 08:23:34', '2019-07-04 08:23:34', 7, 7, 7, 1, NULL),
	(9, 9, NULL, 2, '2019-07-04 08:23:34', '2019-07-04 08:23:34', 7, 7, 7, 1, NULL),
	(10, 10, NULL, 2, '2019-07-04 08:23:34', '2019-07-04 08:23:34', 7, 7, 7, 1, NULL),
	(11, 11, NULL, 1, '2019-07-04 08:23:34', '2019-07-04 08:23:34', 7, 7, 7, 1, NULL),
	(12, 12, NULL, 1, '2019-07-04 08:23:34', '2019-07-04 08:23:34', 7, 7, 7, 1, NULL),
	(13, 13, NULL, 4, '2019-07-04 08:23:34', '2019-07-04 08:23:34', 7, 7, 7, 1, NULL),
	(14, 14, NULL, 1, '2019-07-04 08:23:34', '2019-07-04 08:23:34', 7, 7, 7, 1, NULL),
	(15, 15, NULL, 3, '2019-07-04 08:23:34', '2019-07-04 08:23:34', 7, 7, 7, 1, NULL),
	(16, 16, NULL, 6, '2019-07-04 08:23:34', '2019-07-04 08:23:34', 7, 7, 7, 1, NULL),
	(17, 17, NULL, 3, '2019-07-04 08:23:34', '2019-07-04 08:23:34', 7, 7, 7, 1, NULL),
	(18, 18, NULL, 3, '2019-07-04 08:23:34', '2019-07-04 08:23:34', 7, 7, 7, 1, NULL),
	(19, 19, NULL, 1, '2019-07-04 08:23:34', '2019-07-04 08:23:34', 7, 7, 7, 1, NULL),
	(20, 20, NULL, 2, '2019-07-04 08:23:34', '2019-07-04 08:23:34', 7, 7, 7, 1, NULL),
	(21, 21, NULL, 4, '2019-07-04 08:23:34', '2019-07-04 08:23:34', 7, 7, 7, 1, NULL),
	(22, 22, NULL, 1, '2019-07-04 08:23:34', '2019-07-04 08:23:34', 7, 7, 7, 1, NULL),
	(23, 23, NULL, 1, '2019-07-04 08:23:34', '2019-07-04 08:23:34', 7, 7, 7, 1, NULL),
	(24, 24, NULL, 2, '2019-07-04 08:23:34', '2019-07-04 08:23:34', 7, 7, 7, 1, NULL),
	(25, 25, NULL, 2, '2019-07-04 08:23:34', '2019-07-04 08:23:34', 7, 7, 7, 1, NULL),
	(26, 26, NULL, 1, '2019-07-04 08:23:34', '2019-07-04 08:23:34', 7, 7, 7, 1, NULL),
	(27, 27, NULL, 0, '2019-07-04 08:23:34', '2019-07-04 08:23:34', 7, 7, 7, 1, NULL),
	(28, 28, NULL, 1, '2019-07-04 08:23:34', '2019-07-04 08:23:34', 7, 7, 7, 1, NULL),
	(29, 29, NULL, 3, '2019-07-04 08:23:34', '2019-07-04 08:23:34', 7, 7, 7, 1, NULL),
	(30, 30, NULL, 3, '2019-07-04 08:23:34', '2019-07-04 08:23:34', 7, 7, 7, 1, NULL),
	(31, 31, NULL, 2, '2019-07-04 08:23:34', '2019-07-04 08:23:34', 7, 7, 7, 1, NULL),
	(32, 32, NULL, 2, '2019-07-04 08:23:34', '2019-07-04 08:23:34', 7, 7, 7, 1, NULL),
	(33, 33, NULL, 2, '2019-07-04 08:23:34', '2019-07-04 08:23:34', 7, 7, 7, 1, NULL),
	(34, 34, NULL, 3, '2019-07-04 08:23:34', '2019-07-04 08:23:34', 7, 7, 7, 1, NULL),
	(35, 35, NULL, 1, '2019-07-04 08:23:34', '2019-07-04 08:23:34', 7, 7, 7, 1, NULL),
	(36, 36, NULL, 0, '2019-07-04 08:23:34', '2019-07-04 08:23:34', 7, 7, 7, 1, NULL),
	(37, 37, NULL, 1, '2019-07-04 08:23:34', '2019-07-04 08:23:34', 7, 7, 7, 1, NULL),
	(38, 38, NULL, 2, '2019-07-04 08:23:34', '2019-07-04 08:23:34', 7, 7, 7, 1, NULL),
	(39, 39, NULL, 2, '2019-07-04 08:23:34', '2019-07-04 08:23:34', 7, 7, 7, 1, NULL),
	(40, 40, NULL, 3, '2019-07-04 08:23:34', '2019-07-04 08:23:34', 7, 7, 7, 1, NULL),
	(41, 41, NULL, 2, '2019-07-04 08:23:34', '2019-07-04 08:23:34', 7, 7, 7, 1, NULL),
	(42, 42, NULL, 0, '2019-07-04 08:23:34', '2019-07-04 08:23:34', 7, 7, 7, 1, NULL),
	(43, 43, NULL, 1, '2019-07-04 08:23:34', '2019-07-04 08:23:34', 7, 7, 7, 1, NULL),
	(44, 44, NULL, 1, '2019-07-04 08:23:34', '2019-07-04 08:23:34', 7, 7, 7, 1, NULL),
	(45, 45, NULL, 0, '2019-07-04 08:23:34', '2019-07-04 08:23:34', 7, 7, 7, 1, NULL),
	(46, 46, NULL, 0, '2019-07-04 08:23:34', '2019-07-04 08:23:34', 7, 7, 7, 1, NULL),
	(47, 47, NULL, 2, '2019-07-04 08:23:34', '2019-07-04 08:23:34', 7, 7, 7, 1, NULL),
	(48, 48, NULL, 0, '2019-07-04 08:23:34', '2019-07-04 08:23:34', 7, 7, 7, 1, NULL),
	(49, 49, NULL, 6, '2019-07-04 08:23:34', '2019-07-04 08:23:34', 7, 7, 7, 1, NULL),
	(50, 50, NULL, 8, '2019-07-04 08:23:34', '2019-07-04 08:23:34', 7, 7, 7, 1, NULL),
	(51, 51, NULL, 4, '2019-07-04 08:23:34', '2019-07-04 08:23:34', 7, 7, 7, 1, NULL),
	(52, 52, NULL, 1, '2019-07-04 08:23:34', '2019-07-04 08:23:34', 7, 7, 7, 1, NULL),
	(53, 53, NULL, 2, '2019-07-04 08:23:34', '2019-07-04 08:23:34', 7, 7, 7, 1, NULL),
	(54, 54, NULL, 0, '2019-07-04 08:23:34', '2019-07-04 08:23:34', 7, 7, 7, 1, NULL),
	(55, 55, NULL, 2, '2019-07-04 08:23:34', '2019-07-04 08:23:34', 7, 7, 7, 1, NULL),
	(56, 56, NULL, 2, '2019-07-04 08:23:34', '2019-07-04 08:23:34', 7, 7, 7, 1, NULL),
	(57, 57, NULL, 0, '2019-07-04 08:23:34', '2019-07-04 08:23:34', 7, 7, 7, 1, NULL),
	(58, 58, NULL, 0, '2019-07-04 08:23:34', '2019-07-04 08:23:34', 7, 7, 7, 1, NULL),
	(59, 59, NULL, 0, '2019-07-04 08:23:34', '2019-07-04 08:23:34', 7, 7, 7, 1, NULL),
	(60, 60, NULL, 1, '2019-07-04 08:23:34', '2019-07-04 08:23:34', 7, 7, 7, 1, NULL),
	(61, 61, NULL, 1, '2019-07-04 08:23:34', '2019-07-04 08:23:34', 7, 7, 7, 1, NULL),
	(62, 62, NULL, 3, '2019-07-04 08:23:34', '2019-07-04 08:23:34', 7, 7, 7, 1, NULL),
	(63, 63, NULL, 2, '2019-07-04 08:23:34', '2019-07-04 08:23:34', 7, 7, 7, 1, NULL),
	(64, 64, NULL, 0, '2019-07-04 08:23:34', '2019-07-04 08:23:34', 7, 7, 7, 1, NULL),
	(65, 65, NULL, 4, '2019-07-04 08:23:34', '2019-07-04 08:23:34', 7, 7, 7, 1, NULL),
	(66, 66, NULL, 2, '2019-07-04 08:23:34', '2019-07-04 08:23:34', 7, 7, 7, 1, NULL),
	(67, 67, NULL, 0, '2019-07-04 08:23:34', '2019-07-04 08:23:34', 7, 7, 7, 1, NULL),
	(68, 68, NULL, 1, '2019-07-04 08:23:34', '2019-07-04 08:23:34', 7, 7, 7, 1, NULL),
	(69, 69, NULL, 0, '2019-07-04 08:23:34', '2019-07-04 08:23:34', 7, 7, 7, 1, NULL),
	(70, 70, NULL, 2, '2019-07-04 08:23:34', '2019-07-04 08:23:34', 7, 7, 7, 1, NULL),
	(71, 71, NULL, 0, '2019-07-04 08:23:34', '2019-07-04 08:23:34', 7, 7, 7, 1, NULL),
	(72, 72, NULL, 1, '2019-07-04 08:23:34', '2019-07-04 08:23:34', 7, 7, 7, 1, NULL),
	(73, 73, NULL, 2, '2019-07-04 08:23:34', '2019-07-04 08:23:34', 7, 7, 7, 1, NULL),
	(74, 74, NULL, 3, '2019-07-04 08:23:34', '2019-07-04 08:23:34', 7, 7, 7, 1, NULL),
	(75, 75, NULL, 5, '2019-07-04 08:23:34', '2019-07-04 08:23:34', 7, 7, 7, 1, NULL),
	(76, 76, NULL, 3, '2019-07-04 08:23:34', '2019-07-04 08:23:34', 7, 7, 7, 1, NULL),
	(77, 77, NULL, 1, '2019-07-04 08:23:34', '2019-07-04 08:23:34', 7, 7, 7, 1, NULL),
	(78, 78, NULL, 1, '2019-07-04 08:23:34', '2019-07-04 08:23:34', 7, 7, 7, 1, NULL),
	(79, 79, NULL, 2, '2019-07-04 08:23:34', '2019-07-04 08:23:34', 7, 7, 7, 1, NULL),
	(80, 80, NULL, 1, '2019-07-04 08:23:34', '2019-07-04 08:23:34', 7, 7, 7, 1, NULL),
	(81, 81, NULL, 2, '2019-07-04 08:23:34', '2019-07-04 08:23:34', 7, 7, 7, 1, NULL),
	(82, 82, NULL, 3, '2019-07-04 08:23:34', '2019-07-04 08:23:34', 7, 7, 7, 1, NULL),
	(83, 83, NULL, 2, '2019-07-04 08:23:34', '2019-07-04 08:23:34', 7, 7, 7, 1, NULL),
	(84, 84, NULL, 1, '2019-07-04 08:23:34', '2019-07-04 08:23:34', 7, 7, 7, 1, NULL),
	(85, 85, NULL, 1, '2019-07-04 08:23:34', '2019-07-04 08:23:34', 7, 7, 7, 1, NULL),
	(86, 86, NULL, 1, '2019-07-04 08:23:34', '2019-07-04 08:23:34', 7, 7, 7, 1, NULL),
	(87, 87, NULL, 2, '2019-07-04 08:23:34', '2019-07-04 08:23:34', 7, 7, 7, 1, NULL),
	(88, 88, NULL, 4, '2019-07-04 08:23:34', '2019-07-04 08:23:34', 7, 7, 7, 1, NULL),
	(89, 89, NULL, 8, '2019-07-04 08:23:34', '2019-07-04 08:23:34', 7, 7, 7, 1, NULL),
	(90, 90, NULL, 8, '2019-07-04 08:23:34', '2019-07-04 08:23:34', 7, 7, 7, 1, NULL),
	(91, 91, NULL, 7, '2019-07-04 08:23:34', '2019-07-04 08:23:34', 7, 7, 7, 1, NULL),
	(92, 92, NULL, 6, '2019-07-04 08:23:34', '2019-07-04 08:23:34', 7, 7, 7, 1, NULL),
	(93, 93, NULL, 2, '2019-07-04 08:23:34', '2019-07-04 08:23:34', 7, 7, 7, 1, NULL),
	(94, 94, NULL, 1, '2019-07-04 08:23:34', '2019-07-04 08:23:34', 7, 7, 7, 1, NULL),
	(95, 95, NULL, 5, '2019-07-04 08:23:34', '2019-07-04 08:23:34', 7, 7, 7, 1, NULL),
	(96, 96, NULL, 3, '2019-07-04 08:23:34', '2019-07-04 08:23:34', 7, 7, 7, 1, NULL),
	(97, 97, NULL, 2, '2019-07-04 08:23:34', '2019-07-04 08:23:34', 7, 7, 7, 1, NULL),
	(98, 98, NULL, 2, '2019-07-04 08:23:34', '2019-07-04 08:23:34', 7, 7, 7, 1, NULL),
	(99, 99, NULL, 4, '2019-07-04 08:23:34', '2019-07-04 08:23:34', 7, 7, 7, 1, NULL),
	(100, 100, NULL, 2, '2019-07-04 08:23:34', '2019-07-04 08:23:34', 7, 7, 7, 1, NULL),
	(101, 101, NULL, 7, '2019-07-04 08:23:34', '2019-07-04 08:23:34', 7, 7, 7, 1, NULL),
	(102, 102, NULL, 4, '2019-07-04 08:23:34', '2019-07-04 08:23:34', 7, 7, 7, 1, NULL),
	(103, 103, NULL, 7, '2019-07-04 08:23:34', '2019-07-04 08:23:34', 7, 7, 7, 1, NULL),
	(104, 104, NULL, 5, '2019-07-04 08:23:34', '2019-07-04 08:23:34', 7, 7, 7, 1, NULL),
	(105, 105, NULL, 2, '2019-07-04 08:23:34', '2019-07-04 08:23:34', 7, 7, 7, 1, NULL),
	(106, 106, NULL, 3, '2019-07-04 08:23:34', '2019-07-04 08:23:34', 7, 7, 7, 1, NULL),
	(107, 107, NULL, 2, '2019-07-04 08:23:34', '2019-07-04 08:23:34', 7, 7, 7, 1, NULL),
	(108, 108, NULL, 1, '2019-07-04 08:23:34', '2019-07-04 08:23:34', 7, 7, 7, 1, NULL),
	(109, 109, NULL, 1, '2019-07-04 08:23:34', '2019-07-04 08:23:34', 7, 7, 7, 1, NULL),
	(110, 110, NULL, 2, '2019-07-04 08:23:34', '2019-07-04 08:23:34', 7, 7, 7, 1, NULL),
	(111, 111, NULL, 2, '2019-07-04 08:23:34', '2019-07-04 08:23:34', 7, 7, 7, 1, NULL),
	(112, 112, NULL, 7, '2019-07-04 08:23:34', '2019-07-04 08:23:34', 7, 7, 7, 1, NULL),
	(113, 113, NULL, 1, '2019-07-04 08:23:34', '2019-07-04 08:23:34', 7, 7, 7, 1, NULL),
	(114, 114, NULL, 1, '2019-07-04 08:23:34', '2019-07-04 08:23:34', 7, 7, 7, 1, NULL),
	(115, 115, NULL, 2, '2019-07-04 08:23:34', '2019-07-04 08:23:34', 7, 7, 7, 1, NULL),
	(116, 116, NULL, 1, '2019-07-04 08:23:34', '2019-07-04 08:23:34', 7, 7, 7, 1, NULL),
	(117, 117, NULL, 1, '2019-07-04 08:23:34', '2019-07-04 08:23:34', 7, 7, 7, 1, NULL),
	(118, 118, NULL, 1, '2019-07-04 08:23:34', '2019-07-04 08:23:34', 7, 7, 7, 1, NULL),
	(119, 119, NULL, 1, '2019-07-04 08:23:34', '2019-07-04 08:23:34', 7, 7, 7, 1, NULL),
	(120, 120, NULL, 1, '2019-07-04 08:23:34', '2019-07-04 08:23:34', 7, 7, 7, 1, NULL),
	(121, 121, NULL, 1, '2019-07-04 08:23:34', '2019-07-04 08:23:34', 7, 7, 7, 1, NULL),
	(122, 122, NULL, 2, '2019-07-04 08:23:34', '2019-07-04 08:23:34', 7, 7, 7, 1, NULL),
	(123, 123, NULL, 1, '2019-07-04 08:23:34', '2019-07-04 08:23:34', 7, 7, 7, 1, NULL),
	(124, 124, NULL, 2, '2019-07-04 08:23:34', '2019-07-04 08:23:34', 7, 7, 7, 1, NULL),
	(125, 125, NULL, 2, '2019-07-04 08:23:34', '2019-07-04 08:23:34', 7, 7, 7, 1, NULL),
	(126, 126, NULL, 6, '2019-07-04 08:23:34', '2019-07-04 08:23:34', 7, 7, 7, 1, NULL),
	(127, 127, NULL, 5, '2019-07-04 08:23:34', '2019-07-04 08:23:34', 7, 7, 7, 1, NULL),
	(128, 128, NULL, 5, '2019-07-04 08:23:34', '2019-07-04 08:23:34', 7, 7, 7, 1, NULL),
	(129, 129, NULL, 6, '2019-07-04 08:23:34', '2019-07-04 08:23:34', 7, 7, 7, 1, NULL),
	(130, 130, NULL, 2, '2019-07-04 08:23:34', '2019-07-04 08:23:34', 7, 7, 7, 1, NULL),
	(131, 131, NULL, 2, '2019-07-04 08:23:34', '2019-07-04 08:23:34', 7, 7, 7, 1, NULL),
	(132, 132, NULL, 5, '2019-07-04 08:23:34', '2019-07-04 08:23:34', 7, 7, 7, 1, NULL),
	(133, 133, NULL, 2, '2019-07-04 08:23:34', '2019-07-04 08:23:34', 7, 7, 7, 1, NULL),
	(134, 134, NULL, 3, '2019-07-04 08:23:34', '2019-07-04 08:23:34', 7, 7, 7, 1, NULL),
	(135, 135, NULL, 3, '2019-07-04 08:23:34', '2019-07-04 08:23:34', 7, 7, 7, 1, NULL),
	(136, 136, NULL, 4, '2019-07-04 08:23:34', '2019-07-04 08:23:34', 7, 7, 7, 1, NULL),
	(137, 137, NULL, 0, '2019-07-04 08:23:34', '2019-07-04 08:23:34', 7, 7, 7, 1, NULL),
	(138, 138, NULL, 1, '2019-07-04 08:23:34', '2019-07-04 08:23:34', 7, 7, 7, 1, NULL),
	(139, 139, NULL, 2, '2019-07-04 08:23:34', '2019-07-04 08:23:34', 7, 7, 7, 1, NULL),
	(140, 140, NULL, 2, '2019-07-04 08:23:34', '2019-07-04 08:23:34', 7, 7, 7, 1, NULL),
	(141, 141, NULL, 1, '2019-07-04 08:23:34', '2019-07-04 08:23:34', 7, 7, 7, 1, NULL),
	(142, 142, NULL, 2, '2019-07-04 08:23:34', '2019-07-04 08:23:34', 7, 7, 7, 1, NULL),
	(143, 143, NULL, 3, '2019-07-04 08:23:34', '2019-07-04 08:23:34', 7, 7, 7, 1, NULL),
	(144, 144, NULL, 3, '2019-07-04 08:23:34', '2019-07-04 08:23:34', 7, 7, 7, 1, NULL),
	(145, 145, NULL, 1, '2019-07-04 08:23:34', '2019-07-04 08:23:34', 7, 7, 7, 1, NULL),
	(146, 146, NULL, 14, '2019-07-04 08:23:34', '2019-07-04 08:23:34', 7, 7, 7, 1, NULL),
	(147, 147, NULL, 2, '2019-07-04 08:23:34', '2019-07-04 08:23:34', 7, 7, 7, 1, NULL),
	(148, 148, NULL, 3, '2019-07-04 08:23:34', '2019-07-04 08:23:34', 7, 7, 7, 1, NULL),
	(149, 149, NULL, 8, '2019-07-04 08:23:34', '2019-07-04 08:23:34', 7, 7, 7, 1, NULL),
	(150, 150, NULL, 13, '2019-07-04 08:23:34', '2019-07-04 08:23:34', 7, 7, 7, 1, NULL),
	(151, 151, NULL, 13, '2019-07-04 08:23:34', '2019-07-04 08:23:34', 7, 7, 7, 1, NULL),
	(152, 152, NULL, 1, '2019-07-04 08:23:34', '2019-07-04 08:23:34', 7, 7, 7, 1, NULL),
	(153, 153, NULL, 1, '2019-07-04 08:23:34', '2019-07-04 08:23:34', 7, 7, 7, 1, NULL),
	(154, 154, NULL, 2, '2019-07-04 08:23:34', '2019-07-04 08:23:34', 7, 7, 7, 1, NULL),
	(155, 155, NULL, 2, '2019-07-04 08:23:34', '2019-07-04 08:23:34', 7, 7, 7, 1, NULL),
	(156, 156, NULL, 0, '2019-07-04 08:23:34', '2019-07-04 08:23:34', 7, 7, 7, 1, NULL),
	(157, 157, NULL, 1, '2019-07-04 08:23:34', '2019-07-04 08:23:34', 7, 7, 7, 1, NULL),
	(158, 158, NULL, 1, '2019-07-04 08:23:34', '2019-07-04 08:23:34', 7, 7, 7, 1, NULL),
	(159, 159, NULL, 3, '2019-07-04 08:23:34', '2019-07-04 08:23:34', 7, 7, 7, 1, NULL),
	(160, 160, NULL, 1, '2019-07-04 08:23:34', '2019-07-04 08:23:34', 7, 7, 7, 1, NULL),
	(161, 161, NULL, 6, '2019-07-04 08:23:34', '2019-07-04 08:23:34', 7, 7, 7, 1, NULL),
	(162, 162, NULL, 8, '2019-07-04 08:23:34', '2019-07-04 08:23:34', 7, 7, 7, 1, NULL),
	(163, 163, NULL, 4, '2019-07-04 08:23:34', '2019-07-04 08:23:34', 7, 7, 7, 1, NULL),
	(164, 164, NULL, 8, '2019-07-04 08:23:34', '2019-07-04 08:23:34', 7, 7, 7, 1, NULL),
	(165, 165, NULL, 5, '2019-07-04 08:23:34', '2019-07-04 08:23:34', 7, 7, 7, 1, NULL),
	(166, 166, NULL, 1, '2019-07-04 08:23:34', '2019-07-04 08:23:34', 7, 7, 7, 1, NULL),
	(167, 167, NULL, 2, '2019-07-04 08:23:34', '2019-07-04 08:23:34', 7, 7, 7, 1, NULL),
	(168, 168, NULL, 2, '2019-07-04 08:23:34', '2019-07-04 08:23:34', 7, 7, 7, 1, NULL),
	(169, 169, NULL, 8, '2019-07-04 08:23:34', '2019-07-04 08:23:34', 7, 7, 7, 1, NULL),
	(170, 170, NULL, 5, '2019-07-04 08:23:34', '2019-07-04 08:23:34', 7, 7, 7, 1, NULL),
	(171, 171, NULL, 2, '2019-07-04 08:23:34', '2019-07-04 08:23:34', 7, 7, 7, 1, NULL),
	(172, 172, NULL, 4, '2019-07-04 08:23:34', '2019-07-04 08:23:34', 7, 7, 7, 1, NULL),
	(173, 173, NULL, 7, '2019-07-04 08:23:34', '2019-07-04 08:23:34', 7, 7, 7, 1, NULL),
	(174, 174, NULL, 4, '2019-07-04 08:23:34', '2019-07-04 08:23:34', 7, 7, 7, 1, NULL),
	(175, 175, NULL, 8, '2019-07-04 08:23:34', '2019-07-04 08:23:34', 7, 7, 7, 1, NULL),
	(176, 176, NULL, 10, '2019-07-04 08:23:34', '2019-07-04 08:23:34', 7, 7, 7, 1, NULL),
	(177, 177, NULL, 7, '2019-07-04 08:23:34', '2019-07-04 08:23:34', 7, 7, 7, 1, NULL),
	(178, 178, NULL, 3, '2019-07-04 08:23:34', '2019-07-04 08:23:34', 7, 7, 7, 1, NULL),
	(179, 179, NULL, 4, '2019-07-04 08:23:34', '2019-07-04 08:23:34', 7, 7, 7, 1, NULL),
	(180, 180, NULL, 7, '2019-07-04 08:23:34', '2019-07-04 08:23:34', 7, 7, 7, 1, NULL),
	(181, 181, NULL, 7, '2019-07-04 08:23:34', '2019-07-04 08:23:34', 7, 7, 7, 1, NULL),
	(182, 182, NULL, 6, '2019-07-04 08:23:34', '2019-07-04 08:23:34', 7, 7, 7, 1, NULL),
	(183, 183, NULL, 4, '2019-07-04 08:23:34', '2019-07-04 08:23:34', 7, 7, 7, 1, NULL),
	(184, 184, NULL, 3, '2019-07-04 08:23:34', '2019-07-04 08:23:34', 7, 7, 7, 1, NULL),
	(185, 185, NULL, 3, '2019-07-04 08:23:34', '2019-07-04 08:23:34', 7, 7, 7, 1, NULL),
	(186, 186, NULL, 3, '2019-07-04 08:23:34', '2019-07-04 08:23:34', 7, 7, 7, 1, NULL),
	(187, 187, NULL, 4, '2019-07-04 08:23:34', '2019-07-04 08:23:34', 7, 7, 7, 1, NULL),
	(188, 188, NULL, 4, '2019-07-04 08:23:34', '2019-07-04 08:23:34', 7, 7, 7, 1, NULL),
	(189, 189, NULL, 1, '2019-07-04 08:23:34', '2019-07-04 08:23:34', 7, 7, 7, 1, NULL),
	(190, 190, NULL, 4, '2019-07-04 08:23:34', '2019-07-04 08:23:34', 7, 7, 7, 1, NULL),
	(191, 191, NULL, 8, '2019-07-04 08:23:34', '2019-07-04 08:23:34', 7, 7, 7, 1, NULL),
	(192, 192, NULL, 7, '2019-07-04 08:23:34', '2019-07-04 08:23:34', 7, 7, 7, 1, NULL),
	(193, 193, NULL, 4, '2019-07-04 08:23:34', '2019-07-04 08:23:34', 7, 7, 7, 1, NULL),
	(194, 194, NULL, 3, '2019-07-04 08:23:34', '2019-07-04 08:23:34', 7, 7, 7, 1, NULL),
	(195, 195, NULL, 2, '2019-07-04 08:23:34', '2019-07-04 08:23:34', 7, 7, 7, 1, NULL),
	(196, 196, NULL, 4, '2019-07-04 08:23:34', '2019-07-04 08:23:34', 7, 7, 7, 1, NULL),
	(197, 197, NULL, 4, '2019-07-04 08:23:34', '2019-07-04 08:23:34', 7, 7, 7, 1, NULL),
	(198, 198, NULL, 2, '2019-07-04 08:23:34', '2019-07-04 08:23:34', 7, 7, 7, 1, NULL),
	(199, 199, NULL, 4, '2019-07-04 08:23:34', '2019-07-04 08:23:34', 7, 7, 7, 1, NULL),
	(200, 200, NULL, 4, '2019-07-04 08:23:34', '2019-07-04 08:23:34', 7, 7, 7, 1, NULL),
	(201, 201, NULL, 0, '2019-07-04 08:23:34', '2019-07-04 08:23:34', 7, 7, 7, 1, NULL),
	(202, 202, NULL, 1, '2019-07-04 08:23:34', '2019-07-04 08:23:34', 7, 7, 7, 1, NULL),
	(203, 203, NULL, 3, '2019-07-04 08:23:34', '2019-07-04 08:23:34', 7, 7, 7, 1, NULL),
	(204, 204, NULL, 1, '2019-07-04 08:23:34', '2019-07-04 08:23:34', 7, 7, 7, 1, NULL),
	(205, 205, NULL, 2, '2019-07-04 08:23:34', '2019-07-04 08:23:34', 7, 7, 7, 1, NULL),
	(206, 206, NULL, 0, '2019-07-04 08:23:34', '2019-07-04 08:23:34', 7, 7, 7, 1, NULL),
	(207, 207, NULL, 0, '2019-07-04 08:23:34', '2019-07-04 08:23:34', 7, 7, 7, 1, NULL),
	(208, 208, NULL, 0, '2019-07-04 08:23:34', '2019-07-04 08:23:34', 7, 7, 7, 1, NULL),
	(209, 209, NULL, 0, '2019-07-04 08:23:34', '2019-07-04 08:23:34', 7, 7, 7, 1, NULL),
	(210, 210, NULL, 2, '2019-07-04 08:23:34', '2019-07-04 08:23:34', 7, 7, 7, 1, NULL),
	(211, 211, NULL, 2, '2019-07-04 08:23:34', '2019-07-04 08:23:34', 7, 7, 7, 1, NULL),
	(212, 212, NULL, 2, '2019-07-04 08:23:34', '2019-07-04 08:23:34', 7, 7, 7, 1, NULL),
	(213, 213, NULL, 4, '2019-07-04 08:23:34', '2019-07-04 08:23:34', 7, 7, 7, 1, NULL),
	(214, 214, NULL, 4, '2019-07-04 08:23:34', '2019-07-04 08:23:34', 7, 7, 7, 1, NULL),
	(215, 215, NULL, 7, '2019-07-04 08:23:34', '2019-07-04 08:23:34', 7, 7, 7, 1, NULL),
	(216, 216, NULL, 10, '2019-07-04 08:23:34', '2019-07-04 08:23:34', 7, 7, 7, 1, NULL),
	(217, 217, NULL, 6, '2019-07-04 08:23:34', '2019-07-04 08:23:34', 7, 7, 7, 1, NULL),
	(218, 218, NULL, 3, '2019-07-04 08:23:34', '2019-07-04 08:23:34', 7, 7, 7, 1, NULL),
	(219, 219, NULL, 5, '2019-07-04 08:23:34', '2019-07-04 08:23:34', 7, 7, 7, 1, NULL),
	(220, 220, NULL, 4, '2019-07-04 08:23:34', '2019-07-04 08:23:34', 7, 7, 7, 1, NULL),
	(221, 221, NULL, 3, '2019-07-04 08:23:34', '2019-07-04 08:23:34', 7, 7, 7, 1, NULL),
	(222, 222, NULL, 3, '2019-07-04 08:23:34', '2019-07-04 08:23:34', 7, 7, 7, 1, NULL),
	(223, 223, NULL, 5, '2019-07-04 08:23:34', '2019-07-04 08:23:34', 7, 7, 7, 1, NULL),
	(224, 224, NULL, 4, '2019-07-04 08:23:34', '2019-07-04 08:23:34', 7, 7, 7, 1, NULL),
	(225, 225, NULL, 2, '2019-07-04 08:23:34', '2019-07-04 08:23:34', 7, 7, 7, 1, NULL),
	(226, 226, NULL, 4, '2019-07-04 08:23:34', '2019-07-04 08:23:34', 7, 7, 7, 1, NULL),
	(227, 227, NULL, 3, '2019-07-04 08:23:34', '2019-07-04 08:23:34', 7, 7, 7, 1, NULL),
	(228, 228, NULL, 2, '2019-07-04 08:23:34', '2019-07-04 08:23:34', 7, 7, 7, 1, NULL),
	(229, 229, NULL, 1, '2019-07-04 08:23:34', '2019-07-04 08:23:34', 7, 7, 7, 1, NULL),
	(230, 230, NULL, 1, '2019-07-04 08:23:34', '2019-07-04 08:23:34', 7, 7, 7, 1, NULL),
	(231, 231, NULL, 12, '2019-07-04 08:23:34', '2019-07-04 08:23:34', 7, 7, 7, 1, NULL),
	(232, 232, NULL, 12, '2019-07-04 08:23:34', '2019-07-04 08:23:34', 7, 7, 7, 1, NULL),
	(233, 233, NULL, 10, '2019-07-04 08:23:34', '2019-07-04 08:23:34', 7, 7, 7, 1, NULL),
	(234, 234, NULL, 6, '2019-07-04 08:23:34', '2019-07-04 08:23:34', 7, 7, 7, 1, NULL),
	(235, 235, NULL, 6, '2019-07-04 08:23:34', '2019-07-04 08:23:34', 7, 7, 7, 1, NULL),
	(236, 236, NULL, 5, '2019-07-04 08:23:34', '2019-07-04 08:23:34', 7, 7, 7, 1, NULL),
	(237, 237, NULL, 6, '2019-07-04 08:23:34', '2019-07-04 08:23:34', 7, 7, 7, 1, NULL),
	(238, 238, NULL, 8, '2019-07-04 08:23:34', '2019-07-04 08:23:34', 7, 7, 7, 1, NULL),
	(239, 239, NULL, 8, '2019-07-04 08:23:34', '2019-07-04 08:23:34', 7, 7, 7, 1, NULL),
	(240, 240, NULL, 3, '2019-07-04 08:23:34', '2019-07-04 08:23:34', 7, 7, 7, 1, NULL),
	(241, 241, NULL, 1, '2019-07-04 08:23:34', '2019-07-04 08:23:34', 7, 7, 7, 1, NULL),
	(242, 242, NULL, 4, '2019-07-04 08:23:34', '2019-07-04 08:23:34', 7, 7, 7, 1, NULL),
	(243, 243, NULL, 2, '2019-07-04 08:23:34', '2019-07-04 08:23:34', 7, 7, 7, 1, NULL),
	(244, 244, NULL, 3, '2019-07-04 08:23:34', '2019-07-04 08:23:34', 7, 7, 7, 1, NULL),
	(245, 245, NULL, 4, '2019-07-04 08:23:34', '2019-07-04 08:23:34', 7, 7, 7, 1, NULL),
	(246, 246, NULL, 2, '2019-07-04 08:23:34', '2019-07-04 08:23:34', 7, 7, 7, 1, NULL),
	(247, 247, NULL, 4, '2019-07-04 08:23:34', '2019-07-04 08:23:34', 7, 7, 7, 1, NULL),
	(248, 248, NULL, 6, '2019-07-04 08:23:34', '2019-07-04 08:23:34', 7, 7, 7, 1, NULL),
	(249, 249, NULL, 4, '2019-07-04 08:23:34', '2019-07-04 08:23:34', 7, 7, 7, 1, NULL),
	(250, 250, NULL, 3, '2019-07-04 08:23:34', '2019-07-04 08:23:34', 7, 7, 7, 1, NULL),
	(251, 251, NULL, 2, '2019-07-04 08:23:34', '2019-07-04 08:23:34', 7, 7, 7, 1, NULL),
	(252, 252, NULL, 3, '2019-07-04 08:23:34', '2019-07-04 08:23:34', 7, 7, 7, 1, NULL),
	(253, 253, NULL, 2, '2019-07-04 08:23:34', '2019-07-04 08:23:34', 7, 7, 7, 1, NULL),
	(254, 254, NULL, 1, '2019-07-04 08:23:34', '2019-07-04 08:23:34', 7, 7, 7, 1, NULL),
	(255, 255, NULL, 2, '2019-07-04 08:23:34', '2019-07-04 08:23:34', 7, 7, 7, 1, NULL),
	(256, 256, NULL, 3, '2019-07-04 08:23:34', '2019-07-04 08:23:34', 7, 7, 7, 1, NULL),
	(257, 257, NULL, 1, '2019-07-04 08:23:34', '2019-07-04 08:23:34', 7, 7, 7, 1, NULL),
	(258, 258, NULL, 2, '2019-07-04 08:23:34', '2019-07-04 08:23:34', 7, 7, 7, 1, NULL),
	(259, 259, NULL, 5, '2019-07-04 08:23:34', '2019-07-04 08:23:34', 7, 7, 7, 1, NULL),
	(260, 260, NULL, 4, '2019-07-04 08:23:34', '2019-07-04 08:23:34', 7, 7, 7, 1, NULL),
	(261, 261, NULL, 6, '2019-07-04 08:23:34', '2019-07-04 08:23:34', 7, 7, 7, 1, NULL),
	(262, 262, NULL, 2, '2019-07-04 08:23:34', '2019-07-04 08:23:34', 7, 7, 7, 1, NULL),
	(263, 263, NULL, 2, '2019-07-04 08:23:34', '2019-07-04 08:23:34', 7, 7, 7, 1, NULL),
	(264, 264, NULL, 5, '2019-07-04 08:23:34', '2019-07-04 08:23:34', 7, 7, 7, 1, NULL),
	(265, 265, NULL, 2, '2019-07-04 08:23:34', '2019-07-04 08:23:34', 7, 7, 7, 1, NULL),
	(266, 266, NULL, 0, '2019-07-04 08:23:34', '2019-07-04 08:23:34', 7, 7, 7, 1, NULL),
	(267, 267, NULL, 1, '2019-07-04 08:23:34', '2019-07-04 08:23:34', 7, 7, 7, 1, NULL),
	(268, 268, NULL, 1, '2019-07-04 08:23:34', '2019-07-04 08:23:34', 7, 7, 7, 1, NULL),
	(269, 269, NULL, 2, '2019-07-04 08:23:34', '2019-07-04 08:23:34', 7, 7, 7, 1, NULL),
	(270, 270, NULL, 0, '2019-07-04 08:23:34', '2019-07-04 08:23:34', 7, 7, 7, 1, NULL),
	(271, 271, NULL, 2, '2019-07-04 08:23:34', '2019-07-04 08:23:34', 7, 7, 7, 1, NULL),
	(272, 272, NULL, 3, '2019-07-04 08:23:34', '2019-07-04 08:23:34', 7, 7, 7, 1, NULL),
	(273, 273, NULL, 7, '2019-07-04 08:23:34', '2019-07-04 08:23:34', 7, 7, 7, 1, NULL),
	(274, 274, NULL, 4, '2019-07-04 08:23:34', '2019-07-04 08:23:34', 7, 7, 7, 1, NULL),
	(275, 275, NULL, 4, '2019-07-04 08:23:34', '2019-07-04 08:23:34', 7, 7, 7, 1, NULL),
	(276, 276, NULL, 3, '2019-07-04 08:23:34', '2019-07-04 08:23:34', 7, 7, 7, 1, NULL),
	(277, 277, NULL, 4, '2019-07-04 08:23:34', '2019-07-04 08:23:34', 7, 7, 7, 1, NULL),
	(278, 278, NULL, 4, '2019-07-04 08:23:34', '2019-07-04 08:23:34', 7, 7, 7, 1, NULL),
	(279, 279, NULL, 5, '2019-07-04 08:23:34', '2019-07-04 08:23:34', 7, 7, 7, 1, NULL),
	(280, 280, NULL, 2, '2019-07-04 08:23:34', '2019-07-04 08:23:34', 7, 7, 7, 1, NULL),
	(281, 281, NULL, 2, '2019-07-04 08:23:34', '2019-07-04 08:23:34', 7, 7, 7, 1, NULL),
	(282, 282, NULL, 3, '2019-07-04 08:23:34', '2019-07-04 08:23:34', 7, 7, 7, 1, NULL),
	(283, 283, NULL, 1, '2019-07-04 08:23:34', '2019-07-04 08:23:34', 7, 7, 7, 1, NULL),
	(284, 284, NULL, 3, '2019-07-04 08:23:34', '2019-07-04 08:23:34', 7, 7, 7, 1, NULL),
	(285, 285, NULL, 1, '2019-07-04 08:23:34', '2019-07-04 08:23:34', 7, 7, 7, 1, NULL),
	(286, 286, NULL, 1, '2019-07-04 08:23:34', '2019-07-04 08:23:34', 7, 7, 7, 1, NULL),
	(287, 287, NULL, 1, '2019-07-04 08:23:34', '2019-07-04 08:23:34', 7, 7, 7, 1, NULL),
	(288, 288, NULL, 1, '2019-07-04 08:23:34', '2019-07-04 08:23:34', 7, 7, 7, 1, NULL),
	(289, 289, NULL, 1, '2019-07-04 08:23:34', '2019-07-04 08:23:34', 7, 7, 7, 1, NULL),
	(290, 290, NULL, 1, '2019-07-04 08:23:34', '2019-07-04 08:23:34', 7, 7, 7, 1, NULL),
	(291, 291, NULL, 1, '2019-07-04 08:23:34', '2019-07-04 08:23:34', 7, 7, 7, 1, NULL),
	(292, 292, NULL, 1, '2019-07-04 08:23:34', '2019-07-04 08:23:34', 7, 7, 7, 1, NULL),
	(293, 293, NULL, 2, '2019-07-04 08:23:34', '2019-07-04 08:23:34', 7, 7, 7, 1, NULL),
	(294, 294, NULL, 1, '2019-07-04 08:23:34', '2019-07-04 08:23:34', 7, 7, 7, 1, NULL),
	(295, 295, NULL, 1, '2019-07-04 08:23:34', '2019-07-04 08:23:34', 7, 7, 7, 1, NULL),
	(296, 296, NULL, 4, '2019-07-04 08:23:34', '2019-07-04 08:23:34', 7, 7, 7, 1, NULL),
	(297, 297, NULL, 4, '2019-07-04 08:23:34', '2019-07-04 08:23:34', 7, 7, 7, 1, NULL),
	(298, 298, NULL, 4, '2019-07-04 08:23:34', '2019-07-04 08:23:34', 7, 7, 7, 1, NULL),
	(299, 299, NULL, 2, '2019-07-04 08:23:34', '2019-07-04 08:23:34', 7, 7, 7, 1, NULL),
	(300, 300, NULL, 4, '2019-07-04 08:23:34', '2019-07-04 08:23:34', 7, 7, 7, 1, NULL),
	(301, 301, NULL, 3, '2019-07-04 08:23:34', '2019-07-04 08:23:34', 7, 7, 7, 1, NULL),
	(302, 302, NULL, 2, '2019-07-04 08:23:34', '2019-07-04 08:23:34', 7, 7, 7, 1, NULL),
	(303, 303, NULL, 4, '2019-07-04 08:23:34', '2019-07-04 08:23:34', 7, 7, 7, 1, NULL),
	(304, 304, NULL, 2, '2019-07-04 08:23:34', '2019-07-04 08:23:34', 7, 7, 7, 1, NULL),
	(305, 305, NULL, 1, '2019-07-04 08:23:34', '2019-07-04 08:23:34', 7, 7, 7, 1, NULL),
	(306, 306, NULL, 3, '2019-07-04 08:23:34', '2019-07-04 08:23:34', 7, 7, 7, 1, NULL),
	(307, 307, NULL, 5, '2019-07-04 08:23:34', '2019-07-04 08:23:34', 7, 7, 7, 1, NULL),
	(308, 308, NULL, 1, '2019-07-04 08:23:34', '2019-07-04 08:23:34', 7, 7, 7, 1, NULL),
	(309, 309, NULL, 6, '2019-07-04 08:23:34', '2019-07-04 08:23:34', 7, 7, 7, 1, NULL),
	(310, 310, NULL, 5, '2019-07-04 08:23:34', '2019-07-04 08:23:34', 7, 7, 7, 1, NULL),
	(311, 311, NULL, 6, '2019-07-04 08:23:34', '2019-07-04 08:23:34', 7, 7, 7, 1, NULL),
	(312, 312, NULL, 3, '2019-07-04 08:23:34', '2019-07-04 08:23:34', 7, 7, 7, 1, NULL),
	(313, 313, NULL, 1, '2019-07-04 08:23:34', '2019-07-04 08:23:34', 7, 7, 7, 1, NULL),
	(314, 314, NULL, 5, '2019-07-04 08:23:34', '2019-07-04 08:23:34', 7, 7, 7, 1, NULL),
	(315, 315, NULL, 5, '2019-07-04 08:23:34', '2019-07-04 08:23:34', 7, 7, 7, 1, NULL),
	(316, 316, NULL, 5, '2019-07-04 08:23:34', '2019-07-04 08:23:34', 7, 7, 7, 1, NULL),
	(317, 317, NULL, 4, '2019-07-04 08:23:34', '2019-07-04 08:23:34', 7, 7, 7, 1, NULL),
	(318, 318, NULL, 2, '2019-07-04 08:23:34', '2019-07-04 08:23:34', 7, 7, 7, 1, NULL),
	(319, 319, NULL, 4, '2019-07-04 08:23:34', '2019-07-04 08:23:34', 7, 7, 7, 1, NULL);
/*!40000 ALTER TABLE `app_warehouse_movements` ENABLE KEYS */;

/*!40101 SET SQL_MODE=IFNULL(@OLD_SQL_MODE, '') */;
/*!40014 SET FOREIGN_KEY_CHECKS=IF(@OLD_FOREIGN_KEY_CHECKS IS NULL, 1, @OLD_FOREIGN_KEY_CHECKS) */;
/*!40101 SET CHARACTER_SET_CLIENT=@OLD_CHARACTER_SET_CLIENT */;
