/*!40101 SET @OLD_CHARACTER_SET_CLIENT=@@CHARACTER_SET_CLIENT */;
/*!40101 SET NAMES utf8 */;
/*!50503 SET NAMES utf8mb4 */;
/*!40014 SET @OLD_FOREIGN_KEY_CHECKS=@@FOREIGN_KEY_CHECKS, FOREIGN_KEY_CHECKS=0 */;
/*!40101 SET @OLD_SQL_MODE=@@SQL_MODE, SQL_MODE='NO_AUTO_VALUE_ON_ZERO' */;

CREATE DATABASE IF NOT EXISTS `oxmosys_db` /*!40100 DEFAULT CHARACTER SET latin1 */;
USE `oxmosys_db`;

CREATE TABLE IF NOT EXISTS `app_custom_warehouse_items` (
  `app_warehouse_items_id` int(11) NOT NULL,
  `tipo` varchar(255) NOT NULL,
  `modello` varchar(255) DEFAULT NULL,
  `colore` varchar(255) DEFAULT NULL,
  `taglia` varchar(255) NOT NULL,
  `genere` varchar(255) NOT NULL,
  `imagepath` varchar(255) DEFAULT NULL,
  KEY `fk_app_custom_warehouse_items_userreg` (`app_warehouse_items_id`),
  CONSTRAINT `fk_app_custom_warehouse_items_userreg` FOREIGN KEY (`app_warehouse_items_id`) REFERENCES `app_warehouse_items` (`id`) ON DELETE CASCADE ON UPDATE CASCADE
) ENGINE=InnoDB DEFAULT CHARSET=latin1;

/*!40000 ALTER TABLE `app_custom_warehouse_items` DISABLE KEYS */;
INSERT IGNORE INTO `app_custom_warehouse_items` (`app_warehouse_items_id`, `tipo`, `modello`, `colore`, `taglia`, `genere`, `imagepath`) VALUES
	(1, 'SCIARPA', 'CLASSICA', 'MULTI', 'U', 'UNISEX', NULL),
	(2, 'ABITO', 'BALZE', 'BLUE', 'XS', 'DONNA', NULL),
	(3, 'ABITO', 'BALZE', 'BLUE', 'S', 'DONNA', NULL),
	(4, 'ABITO', 'BALZE', 'BLUE', 'M', 'DONNA', NULL),
	(5, 'ABITO', 'BALZE', 'BLUE', 'L', 'DONNA', NULL),
	(6, 'ABITO', 'BALZE', 'BLUE', 'XL', 'DONNA', NULL),
	(7, 'ABITO', 'BALZE', 'ECR', 'XS', 'DONNA', NULL),
	(8, 'ABITO', 'BALZE', 'ECR', 'S', 'DONNA', NULL),
	(9, 'ABITO', 'BALZE', 'ECR', 'M', 'DONNA', NULL),
	(10, 'ABITO', 'BALZE', 'ECR', 'L', 'DONNA', NULL),
	(11, 'ABITO', 'BALZE', 'ECR', 'XL', 'DONNA', NULL),
	(12, 'ABITO', 'CAFTANO MANICHE', 'BIASTONE', 'XS', 'DONNA', NULL),
	(13, 'ABITO', 'CAFTANO MANICHE', 'BIASTONE', 'S', 'DONNA', NULL),
	(14, 'ABITO', 'CAFTANO MANICHE', 'BIASTONE', 'M', 'DONNA', NULL),
	(15, 'ABITO', 'CAFTANO MANICHE', 'BIASTONE', 'L', 'DONNA', NULL),
	(16, 'ABITO', 'CAFTANO MANICHE', 'BIASTONE', 'XL', 'DONNA', NULL),
	(17, 'ABITO', 'CAFTANO MANICHE', 'STONEBIA', 'XS', 'DONNA', NULL),
	(18, 'ABITO', 'CAFTANO MANICHE', 'STONEBIA', 'S', 'DONNA', NULL),
	(19, 'ABITO', 'CAFTANO MANICHE', 'STONEBIA', 'M', 'DONNA', NULL),
	(20, 'ABITO', 'CAFTANO MANICHE', 'STONEBIA', 'L', 'DONNA', NULL),
	(21, 'ABITO', 'CAFTANO MANICHE', 'STONEBIA', 'XL', 'DONNA', NULL),
	(22, 'ABITO', 'CAFTANO SMANICATO', 'NERBEIG', 'XS', 'DONNA', NULL),
	(23, 'ABITO', 'CAFTANO SMANICATO', 'NERBEIG', 'S', 'DONNA', NULL),
	(24, 'ABITO', 'CAFTANO SMANICATO', 'NERBEIG', 'M', 'DONNA', NULL),
	(25, 'ABITO', 'CAFTANO SMANICATO', 'NERBEIG', 'L', 'DONNA', NULL),
	(26, 'ABITO', 'CAFTANO SMANICATO', 'NERBEIG', 'XL', 'DONNA', NULL),
	(27, 'ABITO', 'CAFTANO SMANICATO', 'ROSSBEIG', 'XS', 'DONNA', NULL),
	(28, 'ABITO', 'CAFTANO SMANICATO', 'ROSSBEIG', 'S', 'DONNA', NULL),
	(29, 'ABITO', 'CAFTANO SMANICATO', 'ROSSBEIG', 'M', 'DONNA', NULL),
	(30, 'ABITO', 'CAFTANO SMANICATO', 'ROSSBEIG', 'L', 'DONNA', NULL),
	(31, 'ABITO', 'CAFTANO SMANICATO', 'ROSSBEIG', 'XL', 'DONNA', NULL),
	(32, 'ABITO', 'COLLO ANELLO', 'GRIPERL', 'XS', 'DONNA', NULL),
	(33, 'ABITO', 'COLLO ANELLO', 'GRIPERL', 'S', 'DONNA', NULL),
	(34, 'ABITO', 'COLLO ANELLO', 'GRIPERL', 'M', 'DONNA', NULL),
	(35, 'ABITO', 'COLLO ANELLO', 'GRIPERL', 'L', 'DONNA', NULL),
	(36, 'ABITO', 'COLLO ANELLO', 'GRIPERL', 'XL', 'DONNA', NULL),
	(37, 'ABITO', 'DOPPIO', 'BIABEIG', 'XS', 'DONNA', NULL),
	(38, 'ABITO', 'DOPPIO', 'BIABEIG', 'S', 'DONNA', NULL),
	(39, 'ABITO', 'DOPPIO', 'BIABEIG', 'M', 'DONNA', NULL),
	(40, 'ABITO', 'DOPPIO', 'BIABEIG', 'L', 'DONNA', NULL),
	(41, 'ABITO', 'DOPPIO', 'BIABEIG', 'XL', 'DONNA', NULL),
	(42, 'ABITO', 'IMPERO', 'BIA', 'XS', 'DONNA', NULL),
	(43, 'ABITO', 'IMPERO', 'BIA', 'S', 'DONNA', NULL),
	(44, 'ABITO', 'IMPERO', 'BIA', 'M', 'DONNA', NULL),
	(45, 'ABITO', 'IMPERO', 'BIA', 'L', 'DONNA', NULL),
	(46, 'ABITO', 'IMPERO', 'BIA', 'XL', 'DONNA', NULL),
	(47, 'ABITO', 'IMPERO', 'BIA', 'XXL', 'DONNA', NULL),
	(48, 'ABITO', 'IMPERO', 'GRIMARR', 'XS', 'DONNA', NULL),
	(49, 'ABITO', 'IMPERO', 'GRIMARR', 'S', 'DONNA', NULL),
	(50, 'ABITO', 'IMPERO', 'GRIMARR', 'M', 'DONNA', NULL),
	(51, 'ABITO', 'IMPERO', 'GRIMARR', 'L', 'DONNA', NULL),
	(52, 'ABITO', 'IMPERO', 'GRIMARR', 'XL', 'DONNA', NULL),
	(53, 'ABITO', 'IMPERO', 'GRIMARR', 'XXL', 'DONNA', NULL),
	(54, 'ABITO', 'IMPERO', 'JEANS', 'XS', 'DONNA', NULL),
	(55, 'ABITO', 'IMPERO', 'JEANS', 'S', 'DONNA', NULL),
	(56, 'ABITO', 'IMPERO', 'JEANS', 'M', 'DONNA', NULL),
	(57, 'ABITO', 'IMPERO', 'JEANS', 'L', 'DONNA', NULL),
	(58, 'ABITO', 'IMPERO', 'JEANS', 'XL', 'DONNA', NULL),
	(59, 'ABITO', 'IMPERO', 'JEANS', 'XXL', 'DONNA', NULL),
	(60, 'ABITO', 'LUNGO COLLO ANELLO', 'GRIMARR', 'XS', 'DONNA', NULL),
	(61, 'ABITO', 'LUNGO COLLO ANELLO', 'GRIMARR', 'S', 'DONNA', NULL),
	(62, 'ABITO', 'LUNGO COLLO ANELLO', 'GRIMARR', 'M', 'DONNA', NULL),
	(63, 'ABITO', 'LUNGO COLLO ANELLO', 'GRIMARR', 'L', 'DONNA', NULL),
	(64, 'ABITO', 'LUNGO COLLO ANELLO', 'GRIMARR', 'XL', 'DONNA', NULL),
	(65, 'ABITO', 'LUNGO COLLO COREANA', 'BLUE', 'XS', 'DONNA', NULL),
	(66, 'ABITO', 'LUNGO COLLO COREANA', 'BLUE', 'S', 'DONNA', NULL),
	(67, 'ABITO', 'LUNGO COLLO COREANA', 'BLUE', 'M', 'DONNA', NULL),
	(68, 'ABITO', 'LUNGO COLLO COREANA', 'BLUE', 'L', 'DONNA', NULL),
	(69, 'ABITO', 'LUNGO COLLO COREANA', 'BLUE', 'XL', 'DONNA', NULL),
	(70, 'ABITO', 'LUNGO SBIEGO RIGATO', 'BIAGRI', 'XS', 'DONNA', NULL),
	(71, 'ABITO', 'LUNGO SBIEGO RIGATO', 'BIAGRI', 'S', 'DONNA', NULL),
	(72, 'ABITO', 'LUNGO SBIEGO RIGATO', 'BIAGRI', 'M', 'DONNA', NULL),
	(73, 'ABITO', 'LUNGO SBIEGO RIGATO', 'BIAGRI', 'L', 'DONNA', NULL),
	(74, 'ABITO', 'MARINARO A RIGHE', 'BLUBIA', 'XS', 'DONNA', NULL),
	(75, 'ABITO', 'MARINARO A RIGHE', 'BLUBIA', 'S', 'DONNA', NULL),
	(76, 'ABITO', 'MARINARO A RIGHE', 'BLUBIA', 'M', 'DONNA', NULL),
	(77, 'ABITO', 'MARINARO A RIGHE', 'BLUBIA', 'L', 'DONNA', NULL),
	(78, 'ABITO', 'MARINARO A RIGHE', 'BLUBIA', 'XL', 'DONNA', NULL),
	(79, 'ABITO', 'PATCHWORK 3 COLORI', 'BIAMARRECR', 'XS', 'DONNA', NULL),
	(80, 'ABITO', 'PATCHWORK 3 COLORI', 'BIAMARRECR', 'S', 'DONNA', NULL),
	(81, 'ABITO', 'PATCHWORK 3 COLORI', 'BIAMARRECR', 'M', 'DONNA', NULL),
	(82, 'ABITO', 'PATCHWORK 3 COLORI', 'BIAMARRECR', 'L', 'DONNA', NULL),
	(83, 'ABITO', 'PATCHWORK 3 COLORI', 'BIAMARRECR', 'XL', 'DONNA', NULL),
	(84, 'ABITO', 'VALENTINA', 'BLUE', 'XS', 'DONNA', NULL),
	(85, 'ABITO', 'VALENTINA', 'BLUE', 'S', 'DONNA', NULL),
	(86, 'ABITO', 'VALENTINA', 'BLUE', 'M', 'DONNA', NULL),
	(87, 'ABITO', 'VALENTINA', 'BLUE', 'L', 'DONNA', NULL),
	(88, 'ABITO', 'VALENTINA', 'BLUE', 'XL', 'DONNA', NULL),
	(89, 'ABITO', 'VALENTINA', 'ROSS', 'XS', 'DONNA', NULL),
	(90, 'ABITO', 'VALENTINA', 'ROSS', 'S', 'DONNA', NULL),
	(91, 'ABITO', 'VALENTINA', 'ROSS', 'M', 'DONNA', NULL),
	(92, 'ABITO', 'VALENTINA', 'ROSS', 'L', 'DONNA', NULL),
	(93, 'ABITO', 'VALENTINA', 'ROSS', 'XL', 'DONNA', NULL),
	(94, 'ABITO', 'AMALTEA', 'ROSS', 'XS', 'DONNA', NULL),
	(95, 'ABITO', 'AMALTEA', 'ROSS', 'S', 'DONNA', NULL),
	(96, 'ABITO', 'AMALTEA', 'ROSS', 'M', 'DONNA', NULL),
	(97, 'ABITO', 'AMALTEA', 'ROSS', 'L', 'DONNA', NULL),
	(98, 'BORSA', 'LINO', 'BLUE', 'U', 'DONNA', NULL),
	(99, 'BORSA', 'LINO', 'BORSA SPIGATA', 'U', 'DONNA', NULL),
	(100, 'BORSA', 'LINO', 'ECR', 'U', 'DONNA', NULL),
	(101, 'BORSA', 'LINO', 'MARR', 'U', 'DONNA', NULL),
	(102, 'CAMICIA', 'VOLANT', 'BIA', 'XS', 'DONNA', NULL),
	(103, 'CAMICIA', 'VOLANT', 'BIA', 'S', 'DONNA', NULL),
	(104, 'CAMICIA', 'VOLANT', 'BIA', 'M', 'DONNA', NULL),
	(105, 'CAMICIA', 'VOLANT', 'BIA', 'L', 'DONNA', NULL),
	(106, 'CAMICIA', 'VOLANT', 'BIA', 'XL', 'DONNA', NULL),
	(107, 'CAMICIA', 'ALAMARI', 'BONDY', 'XS', 'DONNA', NULL),
	(108, 'CAMICIA', 'ALAMARI', 'BONDY', 'S', 'DONNA', NULL),
	(109, 'CAMICIA', 'ALAMARI', 'BONDY', 'M', 'DONNA', NULL),
	(110, 'CAMICIA', 'ALAMARI', 'BONDY', 'L', 'DONNA', NULL),
	(111, 'CAMICIA', 'ALAMARI', 'BONDY', 'XL', 'DONNA', NULL),
	(112, 'CAMICIA', 'ALAMARI', 'BONDY', 'XXL', 'DONNA', NULL),
	(113, 'CAMICIA', 'ALAMARI', 'GRIMARR', 'XS', 'DONNA', NULL),
	(114, 'CAMICIA', 'ALAMARI', 'GRIMARR', 'S', 'DONNA', NULL),
	(115, 'CAMICIA', 'ALAMARI', 'GRIMARR', 'M', 'DONNA', NULL),
	(116, 'CAMICIA', 'ALAMARI', 'GRIMARR', 'L', 'DONNA', NULL),
	(117, 'CAMICIA', 'ALAMARI', 'GRIMARR', 'XL', 'DONNA', NULL),
	(118, 'CAMICIA', 'ALAMARI', 'GRIMARR', 'XXL', 'DONNA', NULL),
	(119, 'CAMICIA', 'CHEMISIER', 'ECR', 'XS', 'DONNA', NULL),
	(120, 'CAMICIA', 'CHEMISIER', 'ECR', 'S', 'DONNA', NULL),
	(121, 'CAMICIA', 'CHEMISIER', 'ECR', 'M', 'DONNA', NULL),
	(122, 'CAMICIA', 'CHEMISIER', 'ECR', 'L', 'DONNA', NULL),
	(123, 'CAMICIA', 'CHEMISIER', 'ECR', 'XL', 'DONNA', NULL),
	(124, 'CAMICIA', 'CHEMISIER', 'MARR', 'XS', 'DONNA', NULL),
	(125, 'CAMICIA', 'CHEMISIER', 'MARR', 'S', 'DONNA', NULL),
	(126, 'CAMICIA', 'CHEMISIER', 'MARR', 'M', 'DONNA', NULL),
	(127, 'CAMICIA', 'CHEMISIER', 'MARR', 'L', 'DONNA', NULL),
	(128, 'CAMICIA', 'CHEMISIER', 'MARR', 'XL', 'DONNA', NULL),
	(129, 'CAMICIA', 'CLASSICA', 'ROYAL', 'XS', 'DONNA', NULL),
	(130, 'CAMICIA', 'CLASSICA', 'ROYAL', 'S', 'DONNA', NULL),
	(131, 'CAMICIA', 'CLASSICA', 'ROYAL', 'M', 'DONNA', NULL),
	(132, 'CAMICIA', 'CLASSICA', 'ROYAL', 'L', 'DONNA', NULL),
	(133, 'CAMICIA', 'CLASSICA', 'ROYAL', 'XL', 'DONNA', NULL),
	(134, 'CAMICIA', 'COREANA E POLSINO', 'ECR', 'XS', 'DONNA', NULL),
	(135, 'CAMICIA', 'COREANA E POLSINO', 'ECR', 'S', 'DONNA', NULL),
	(136, 'CAMICIA', 'COREANA E POLSINO', 'ECR', 'M', 'DONNA', NULL),
	(137, 'CAMICIA', 'COREANA E POLSINO', 'ECR', 'L', 'DONNA', NULL),
	(138, 'CAMICIA', 'FIOCCO', 'BIAECR', 'XS', 'DONNA', NULL),
	(139, 'CAMICIA', 'FIOCCO', 'BIAECR', 'S', 'DONNA', NULL),
	(140, 'CAMICIA', 'FIOCCO', 'BIAECR', 'M', 'DONNA', NULL),
	(141, 'CAMICIA', 'FIOCCO', 'BIAECR', 'L', 'DONNA', NULL),
	(142, 'CAMICIA', 'FIOCCO', 'BIAECR', 'XL', 'DONNA', NULL),
	(143, 'CAMICIA', 'OVER', 'BIA', 'XS', 'DONNA', NULL),
	(144, 'CAMICIA', 'OVER', 'BIA', 'S', 'DONNA', NULL),
	(145, 'CAMICIA', 'OVER', 'BIA', 'M', 'DONNA', NULL),
	(146, 'CAMICIA', 'OVER', 'BIA', 'L', 'DONNA', NULL),
	(147, 'CAMICIA', 'OVER', 'BIA', 'XL', 'DONNA', NULL),
	(148, 'CAMICIA', 'OVER', 'BIA', 'XXL', 'DONNA', NULL),
	(149, 'CAMICIA', 'PRINCIPESSA', 'BIA', 'XS', 'DONNA', NULL),
	(150, 'CAMICIA', 'PRINCIPESSA', 'BIA', 'S', 'DONNA', NULL),
	(151, 'CAMICIA', 'PRINCIPESSA', 'BIA', 'M', 'DONNA', NULL),
	(152, 'CAMICIA', 'PRINCIPESSA', 'BIA', 'L', 'DONNA', NULL),
	(153, 'CAMICIA', 'PRINCIPESSA', 'BIA', 'XL', 'DONNA', NULL),
	(154, 'CAMICIA', 'PRINCIPESSA', 'BIA', 'XXL', 'DONNA', NULL),
	(155, 'CAMICIA', 'SPIGATA A RIGHE', 'BIAMARINE', 'S', 'DONNA', NULL),
	(156, 'CAMICIA', 'SPIGATA A RIGHE', 'BIAMARINE', 'L', 'DONNA', NULL),
	(157, 'CAMICIA', 'SPIGATA A RIGHE', 'MARRECR', 'S', 'DONNA', NULL),
	(158, 'CAMICIA', 'SPIGATA A RIGHE', 'MARRECR', 'L', 'DONNA', NULL),
	(159, 'CAMICIA', 'SPIGATA A RIGHE', 'VERBLU', 'S', 'DONNA', NULL),
	(160, 'CAMICIA', 'SPIGATA A RIGHE', 'VERBLU', 'L', 'DONNA', NULL),
	(161, 'CAMICIA', 'VALENTINA', 'BIA', 'XS', 'DONNA', NULL),
	(162, 'CAMICIA', 'VALENTINA', 'BIA', 'S', 'DONNA', NULL),
	(163, 'CAMICIA', 'VALENTINA', 'BIA', 'M', 'DONNA', NULL),
	(164, 'CAMICIA', 'VALENTINA', 'BIA', 'L', 'DONNA', NULL),
	(165, 'CAMICIA', 'VALENTINA', 'BIA', 'XL', 'DONNA', NULL),
	(166, 'CAMICIONE', 'COREANO PLISSET', 'BIA', 'S', 'DONNA', NULL),
	(167, 'CAMICIONE', 'COREANO PLISSET', 'BIA', 'M', 'DONNA', NULL),
	(168, 'CAMICIONE', 'COREANO PLISSET', 'BIA', 'L', 'DONNA', NULL),
	(169, 'CAMICIONE', 'COREANO PLISSET', 'BIA', 'XL', 'DONNA', NULL),
	(170, 'CAMICIONE', 'COREANO PLISSET', 'BLUE', 'S', 'DONNA', NULL),
	(171, 'CAMICIONE', 'COREANO PLISSET', 'BLUE', 'M', 'DONNA', NULL),
	(172, 'CAMICIONE', 'COREANO PLISSET', 'BLUE', 'L', 'DONNA', NULL),
	(173, 'CAMICIONE', 'COREANO PLISSET', 'BLUE', 'XL', 'DONNA', NULL),
	(174, 'CAMICIONE', 'COREANO PLISSET', 'ROSS', 'S', 'DONNA', NULL),
	(175, 'CAMICIONE', 'COREANO PLISSET', 'ROSS', 'M', 'DONNA', NULL),
	(176, 'CAMICIONE', 'COREANO PLISSET', 'ROSS', 'L', 'DONNA', NULL),
	(177, 'CAMICIONE', 'COREANO PLISSET', 'ROSS', 'XL', 'DONNA', NULL),
	(178, 'CAMICIONE', 'LUNGHISSIMO', 'BIA', 'S', 'DONNA', NULL),
	(179, 'CAMICIONE', 'LUNGHISSIMO', 'BIA', 'M', 'DONNA', NULL),
	(180, 'CAMICIONE', 'LUNGHISSIMO', 'BIA', 'L', 'DONNA', NULL),
	(181, 'CAMICIONE', 'LUNGHISSIMO', 'BIA', 'XL', 'DONNA', NULL),
	(182, 'CINTA', 'LINO', 'BIA', 'U', 'DONNA', NULL),
	(183, 'CINTA', 'LINO', 'BLUE', 'U', 'DONNA', NULL),
	(184, 'CINTA', 'LINO', 'ECR', 'U', 'DONNA', NULL),
	(185, 'CINTA', 'LINO', 'MARR', 'U', 'DONNA', NULL),
	(186, 'CINTA', 'LINO', 'NER', 'U', 'DONNA', NULL),
	(187, 'CINTA', 'LINO', 'ROSS', 'U', 'DONNA', NULL),
	(188, 'GONNA', 'RIGHE', 'BLUBIA', 'XS', 'DONNA', NULL),
	(189, 'GONNA', 'RIGHE', 'BLUBIA', 'S', 'DONNA', NULL),
	(190, 'GONNA', 'RIGHE', 'BLUBIA', 'M', 'DONNA', NULL),
	(191, 'GONNA', 'RIGHE', 'BLUBIA', 'L', 'DONNA', NULL),
	(192, 'MAGLIA', 'BOTTONI DIETRO', 'BEIG', 'S', 'DONNA', NULL),
	(193, 'MAGLIA', 'BOTTONI DIETRO', 'BEIG', 'M', 'DONNA', NULL),
	(194, 'MAGLIA', 'BOTTONI DIETRO', 'BEIG', 'L', 'DONNA', NULL),
	(195, 'MAGLIA', 'BOTTONI DIETRO', 'BLUE', 'S', 'DONNA', NULL),
	(196, 'MAGLIA', 'BOTTONI DIETRO', 'BLUE', 'M', 'DONNA', NULL),
	(197, 'MAGLIA', 'BOTTONI DIETRO', 'BLUE', 'L', 'DONNA', NULL),
	(198, 'MAGLIA', 'BOTTONI DIETRO', 'GRIG', 'S', 'DONNA', NULL),
	(199, 'MAGLIA', 'BOTTONI DIETRO', 'GRIG', 'M', 'DONNA', NULL),
	(200, 'MAGLIA', 'BOTTONI DIETRO', 'GRIG', 'L', 'DONNA', NULL),
	(201, 'MAGLIA', 'BOTTONI DIETRO', 'PIOMBO', 'S', 'DONNA', NULL),
	(202, 'MAGLIA', 'BOTTONI DIETRO', 'PIOMBO', 'M', 'DONNA', NULL),
	(203, 'MAGLIA', 'BOTTONI DIETRO', 'PIOMBO', 'L', 'DONNA', NULL),
	(204, 'MAGLIA', 'BOTTONI DIETRO', 'ROSA', 'S', 'DONNA', NULL),
	(205, 'MAGLIA', 'BOTTONI DIETRO', 'ROSA', 'M', 'DONNA', NULL),
	(206, 'MAGLIA', 'BOTTONI DIETRO', 'ROSA', 'L', 'DONNA', NULL),
	(207, 'MAGLIA', 'CARDIGAN', 'BLUE', 'S', 'DONNA', NULL),
	(208, 'MAGLIA', 'CARDIGAN', 'BLUE', 'M', 'DONNA', NULL),
	(209, 'MAGLIA', 'CARDIGAN', 'BLUE', 'L', 'DONNA', NULL),
	(210, 'MAGLIA', 'TOP MAGLINA', 'BIA', 'S', 'DONNA', NULL),
	(211, 'MAGLIA', 'TOP MAGLINA', 'BIA', 'M', 'DONNA', NULL),
	(212, 'MAGLIA', 'TOP MAGLINA', 'BIA', 'L', 'DONNA', NULL),
	(213, 'MAGLIA', 'TOP MAGLINA', 'BIA', 'XL', 'DONNA', NULL),
	(214, 'MAGLIA', 'UOVO', 'BLUE', 'U', 'DONNA', NULL),
	(215, 'MAGLIA', 'UOVO', 'PIOMBO', 'U', 'DONNA', NULL),
	(216, 'MAGLIA', 'UOVO', 'ROSS', 'U', 'DONNA', NULL),
	(217, 'MAGLIA', 'UOVO', 'TERRA', 'U', 'DONNA', NULL),
	(218, 'MAGLIA', 'UOVO RIGHE', 'BLUBIA', 'U', 'DONNA', NULL),
	(219, 'PANTALONE', 'CAPRI', 'BIA', 'XS', 'DONNA', NULL),
	(220, 'PANTALONE', 'CAPRI', 'BIA', 'S', 'DONNA', NULL),
	(221, 'PANTALONE', 'CAPRI', 'BIA', 'M', 'DONNA', NULL),
	(222, 'PANTALONE', 'CAPRI', 'BIA', 'L', 'DONNA', NULL),
	(223, 'PANTALONE', 'CAPRI', 'BIA', 'XL', 'DONNA', NULL),
	(224, 'PANTALONE', 'CAPRI', 'BIA', 'XXL', 'DONNA', NULL),
	(225, 'PANTALONE', 'CAPRI', 'BLUE', 'XS', 'DONNA', NULL),
	(226, 'PANTALONE', 'CAPRI', 'BLUE', 'S', 'DONNA', NULL),
	(227, 'PANTALONE', 'CAPRI', 'BLUE', 'M', 'DONNA', NULL),
	(228, 'PANTALONE', 'CAPRI', 'BLUE', 'L', 'DONNA', NULL),
	(229, 'PANTALONE', 'CAPRI', 'BLUE', 'XL', 'DONNA', NULL),
	(230, 'PANTALONE', 'CAPRI', 'BLUE', 'XXL', 'DONNA', NULL),
	(231, 'PANTALONE', 'CAPRI', 'ECR', 'XS', 'DONNA', NULL),
	(232, 'PANTALONE', 'CAPRI', 'ECR', 'S', 'DONNA', NULL),
	(233, 'PANTALONE', 'CAPRI', 'ECR', 'M', 'DONNA', NULL),
	(234, 'PANTALONE', 'CAPRI', 'ECR', 'L', 'DONNA', NULL),
	(235, 'PANTALONE', 'CAPRI', 'ECR', 'XL', 'DONNA', NULL),
	(236, 'PANTALONE', 'CAPRI', 'ECR', 'XXL', 'DONNA', NULL),
	(237, 'PANTALONE', 'CAPRI', 'MARR', 'XS', 'DONNA', NULL),
	(238, 'PANTALONE', 'CAPRI', 'MARR', 'S', 'DONNA', NULL),
	(239, 'PANTALONE', 'CAPRI', 'MARR', 'M', 'DONNA', NULL),
	(240, 'PANTALONE', 'CAPRI', 'MARR', 'L', 'DONNA', NULL),
	(241, 'PANTALONE', 'CAPRI', 'MARR', 'XL', 'DONNA', NULL),
	(242, 'PANTALONE', 'CAPRI', 'MARR', 'XXL', 'DONNA', NULL),
	(243, 'PANTALONE', 'CAPRI QUADRETTO', 'BLUBIA', 'XS', 'DONNA', NULL),
	(244, 'PANTALONE', 'CAPRI QUADRETTO', 'BLUBIA', 'S', 'DONNA', NULL),
	(245, 'PANTALONE', 'CAPRI QUADRETTO', 'BLUBIA', 'M', 'DONNA', NULL),
	(246, 'PANTALONE', 'CAPRI QUADRETTO', 'BLUBIA', 'L', 'DONNA', NULL),
	(247, 'PANTALONE', 'CAPRI QUADRETTO', 'BLUBIA', 'XL', 'DONNA', NULL),
	(248, 'PANTALONE', 'CAPRI QUADRETTO', 'BLUBIA', 'XXL', 'DONNA', NULL),
	(249, 'PANTALONE', 'PALAZZO', 'BIA', 'XS', 'DONNA', NULL),
	(250, 'PANTALONE', 'PALAZZO', 'BIA', 'S', 'DONNA', NULL),
	(251, 'PANTALONE', 'PALAZZO', 'BIA', 'M', 'DONNA', NULL),
	(252, 'PANTALONE', 'PALAZZO', 'BIA', 'L', 'DONNA', NULL),
	(253, 'PANTALONE', 'PALAZZO', 'BIA', 'XL', 'DONNA', NULL),
	(254, 'PANTALONE', 'PALAZZO', 'BIA', 'XXL', 'DONNA', NULL),
	(255, 'PANTALONE', 'PALAZZO', 'STO', 'XS', 'DONNA', NULL),
	(256, 'PANTALONE', 'PALAZZO', 'STO', 'S', 'DONNA', NULL),
	(257, 'PANTALONE', 'PALAZZO', 'STO', 'M', 'DONNA', NULL),
	(258, 'PANTALONE', 'PALAZZO', 'STO', 'L', 'DONNA', NULL),
	(259, 'PANTALONE', 'PALAZZO', 'STO', 'XL', 'DONNA', NULL),
	(260, 'PANTALONE', 'PALAZZO', 'STO', 'XXL', 'DONNA', NULL),
	(261, 'PANTALONE', 'PALAZZO', 'VER', 'XS', 'DONNA', NULL),
	(262, 'PANTALONE', 'PALAZZO', 'VER', 'S', 'DONNA', NULL),
	(263, 'PANTALONE', 'PALAZZO', 'VER', 'M', 'DONNA', NULL),
	(264, 'PANTALONE', 'PALAZZO', 'VER', 'L', 'DONNA', NULL),
	(265, 'PANTALONE', 'PALAZZO', 'VER', 'XL', 'DONNA', NULL),
	(266, 'PANTALONE', 'PALAZZO', 'VER', 'XXL', 'DONNA', NULL),
	(267, 'PONCHO', 'CACHEMER', 'BLUE', 'U', 'DONNA', NULL),
	(268, 'PONCHO', 'CACHEMER', 'BEIG', 'U', 'DONNA', NULL),
	(269, 'PONCHO', 'CACHEMER', 'PANNA', 'U', 'DONNA', NULL),
	(270, 'PONCHO', 'CACHEMER', 'VER', 'U', 'DONNA', NULL),
	(271, 'TOP', 'CANNELLO', 'BIA', 'XS', 'DONNA', NULL),
	(272, 'TOP', 'CANNELLO', 'BIA', 'S', 'DONNA', NULL),
	(273, 'TOP', 'CANNELLO', 'BIA', 'M', 'DONNA', NULL),
	(274, 'TOP', 'CANNELLO', 'BIA', 'L', 'DONNA', NULL),
	(275, 'TOP', 'CANNELLO', 'BIA', 'XL', 'DONNA', NULL),
	(276, 'TOP', 'COLLO ANELLO', 'BIAECR', 'XS', 'DONNA', NULL),
	(277, 'TOP', 'COLLO ANELLO', 'BIAECR', 'S', 'DONNA', NULL),
	(278, 'TOP', 'COLLO ANELLO', 'BIAECR', 'M', 'DONNA', NULL),
	(279, 'TOP', 'COLLO ANELLO', 'BIAECR', 'L', 'DONNA', NULL),
	(280, 'TOP', 'COLLO ANELLO', 'BIAECR', 'XL', 'DONNA', NULL),
	(281, 'TOP', 'COLLO ANELLO', 'BLUBIA', 'XS', 'DONNA', NULL),
	(282, 'TOP', 'COLLO ANELLO', 'BLUBIA', 'S', 'DONNA', NULL),
	(283, 'TOP', 'COLLO ANELLO', 'BLUBIA', 'M', 'DONNA', NULL),
	(284, 'TOP', 'COLLO ANELLO', 'BLUBIA', 'L', 'DONNA', NULL),
	(285, 'TOP', 'COLLO ANELLO', 'BLUBIA', 'XL', 'DONNA', NULL),
	(286, 'TOP', 'COLLO ANELLO', 'PERLBIA', 'XS', 'DONNA', NULL),
	(287, 'TOP', 'COLLO ANELLO', 'PERLBIA', 'S', 'DONNA', NULL),
	(288, 'TOP', 'COLLO ANELLO', 'PERLBIA', 'M', 'DONNA', NULL),
	(289, 'TOP', 'COLLO ANELLO', 'PERLBIA', 'L', 'DONNA', NULL),
	(290, 'TOP', 'COLLO ANELLO', 'PERLBIA', 'XL', 'DONNA', NULL),
	(291, 'TOP', 'LINO MISTO MAGLINA', 'NER', 'XS', 'DONNA', NULL),
	(292, 'TOP', 'LINO MISTO MAGLINA', 'NER', 'S', 'DONNA', NULL),
	(293, 'TOP', 'LINO MISTO MAGLINA', 'NER', 'M', 'DONNA', NULL),
	(294, 'TOP', 'LINO MISTO MAGLINA', 'NER', 'L', 'DONNA', NULL),
	(295, 'TOP', 'PLISSET', 'BIA', 'XS', 'DONNA', NULL),
	(296, 'TOP', 'PLISSET', 'BIA', 'S', 'DONNA', NULL),
	(297, 'TOP', 'PLISSET', 'BIA', 'M', 'DONNA', NULL),
	(298, 'TOP', 'PLISSET', 'BIA', 'L', 'DONNA', NULL),
	(299, 'TOP', 'PLISSET', 'BIA', 'XL', 'DONNA', NULL),
	(300, 'TOP', 'PLISSET', 'ECR', 'XS', 'DONNA', NULL),
	(301, 'TOP', 'PLISSET', 'ECR', 'S', 'DONNA', NULL),
	(302, 'TOP', 'PLISSET', 'ECR', 'M', 'DONNA', NULL),
	(303, 'TOP', 'PLISSET', 'ECR', 'L', 'DONNA', NULL),
	(304, 'TOP', 'PLISSET', 'ECR', 'XL', 'DONNA', NULL),
	(305, 'TOP', 'PLISSET', 'MARR', 'XS', 'DONNA', NULL),
	(306, 'TOP', 'PLISSET', 'MARR', 'S', 'DONNA', NULL),
	(307, 'TOP', 'PLISSET', 'MARR', 'M', 'DONNA', NULL),
	(308, 'TOP', 'PLISSET', 'MARR', 'L', 'DONNA', NULL),
	(309, 'TOP', 'PLISSET', 'MARR', 'XL', 'DONNA', NULL),
	(310, 'CAMICIA', 'CLASSICO', 'BIA', 'S', 'UOMO', NULL),
	(311, 'CAMICIA', 'CLASSICO', 'BIA', 'M', 'UOMO', NULL),
	(312, 'CAMICIA', 'CLASSICO', 'BIA', 'L', 'UOMO', NULL),
	(313, 'CAMICIA', 'CLASSICO', 'BIA', 'XL', 'UOMO', NULL),
	(314, 'CAMICIA', 'CLASSICO', 'BIA', 'XXL', 'UOMO', NULL),
	(315, 'CAMICIA', 'CLASSICO', 'BLUE', 'S', 'UOMO', NULL),
	(316, 'CAMICIA', 'CLASSICO', 'BLUE', 'M', 'UOMO', NULL),
	(317, 'CAMICIA', 'CLASSICO', 'BLUE', 'L', 'UOMO', NULL),
	(318, 'CAMICIA', 'CLASSICO', 'BLUE', 'XL', 'UOMO', NULL),
	(319, 'CAMICIA', 'CLASSICO', 'BLUE', 'XXL', 'UOMO', NULL),
	(320, 'CAMICIA', 'CLASSICO', 'ROSS', 'S', 'UOMO', NULL),
	(321, 'CAMICIA', 'CLASSICO', 'ROSS', 'M', 'UOMO', NULL),
	(322, 'CAMICIA', 'CLASSICO', 'ROSS', 'L', 'UOMO', NULL),
	(323, 'CAMICIA', 'CLASSICO', 'ROSS', 'XL', 'UOMO', NULL),
	(324, 'CAMICIA', 'CLASSICO', 'ROSS', 'XXL', 'UOMO', NULL),
	(325, 'CAMICIA', 'COREANA APERTO', 'BIA', 'S', 'UOMO', NULL),
	(326, 'CAMICIA', 'COREANA APERTO', 'BIA', 'M', 'UOMO', NULL),
	(327, 'CAMICIA', 'COREANA APERTO', 'BIA', 'L', 'UOMO', NULL),
	(328, 'CAMICIA', 'COREANA APERTO', 'BIA', 'XL', 'UOMO', NULL),
	(329, 'CAMICIA', 'COREANA APERTO', 'BIA', 'XXL', 'UOMO', NULL),
	(330, 'CAMICIA', 'COREANA APERTO', 'MARINE', 'S', 'UOMO', NULL),
	(331, 'CAMICIA', 'COREANA APERTO', 'MARINE', 'M', 'UOMO', NULL),
	(332, 'CAMICIA', 'COREANA APERTO', 'MARINE', 'L', 'UOMO', NULL),
	(333, 'CAMICIA', 'COREANA APERTO', 'MARINE', 'XL', 'UOMO', NULL),
	(334, 'CAMICIA', 'COREANA APERTO', 'MARINE', 'XXL', 'UOMO', NULL),
	(335, 'CAMICIA', 'COREANA APERTO RIGA', 'BIABEIG', 'S', 'UOMO', NULL),
	(336, 'CAMICIA', 'COREANA APERTO RIGA', 'BIABEIG', 'M', 'UOMO', NULL),
	(337, 'CAMICIA', 'COREANA APERTO RIGA', 'BIABEIG', 'L', 'UOMO', NULL),
	(338, 'CAMICIA', 'COREANA APERTO RIGA', 'BIABEIG', 'XL', 'UOMO', NULL),
	(339, 'CAMICIA', 'COREANA APERTO RIGA', 'BIABEIG', 'XXL', 'UOMO', NULL),
	(340, 'CAMICIA', 'COREANA CHIUSO', 'BONDY', 'S', 'UOMO', NULL),
	(341, 'CAMICIA', 'COREANA CHIUSO', 'BONDY', 'M', 'UOMO', NULL),
	(342, 'CAMICIA', 'COREANA CHIUSO', 'BONDY', 'L', 'UOMO', NULL),
	(343, 'CAMICIA', 'COREANA CHIUSO', 'BONDY', 'XL', 'UOMO', NULL),
	(344, 'CAMICIA', 'COREANA CHIUSO', 'BONDY', 'XXL', 'UOMO', NULL),
	(345, 'CAMICIA', 'COREANA CHIUSO RIGA', 'BIABEIG', 'S', 'UOMO', NULL),
	(346, 'CAMICIA', 'COREANA CHIUSO RIGA', 'BIABEIG', 'M', 'UOMO', NULL),
	(347, 'CAMICIA', 'COREANA CHIUSO RIGA', 'BIABEIG', 'L', 'UOMO', NULL),
	(348, 'CAMICIA', 'COREANA CHIUSO RIGA', 'BIABEIG', 'XL', 'UOMO', NULL),
	(349, 'CAMICIA', 'COREANA CHIUSO RIGA', 'BIABEIG', 'XXL', 'UOMO', NULL),
	(350, 'CAMICIA', 'COREANA CHIUSO RIGA', 'BLUBIA', 'S', 'UOMO', NULL),
	(351, 'CAMICIA', 'COREANA CHIUSO RIGA', 'BLUBIA', 'M', 'UOMO', NULL),
	(352, 'CAMICIA', 'COREANA CHIUSO RIGA', 'BLUBIA', 'L', 'UOMO', NULL),
	(353, 'CAMICIA', 'COREANA CHIUSO RIGA', 'BLUBIA', 'XL', 'UOMO', NULL),
	(354, 'CAMICIA', 'COREANA CHIUSO RIGA', 'BLUBIA', 'XXL', 'UOMO', NULL),
	(355, 'GIACCA', 'CLASSICA', 'BLUE', '48', 'UOMO', NULL),
	(356, 'GIACCA', 'CLASSICA', 'BLUE', '50', 'UOMO', NULL),
	(357, 'GIACCA', 'CLASSICA', 'BLUE', '52', 'UOMO', NULL),
	(358, 'GIACCA', 'CLASSICA', 'BLUE', '54', 'UOMO', NULL),
	(359, 'GIACCA', 'CLASSICA', 'BLUE', '56', 'UOMO', NULL),
	(360, 'GIACCA', 'CLASSICA', 'BLUE', '58', 'UOMO', NULL),
	(361, 'GIACCA', 'CLASSICA', 'ECR', '48', 'UOMO', NULL),
	(362, 'GIACCA', 'CLASSICA', 'ECR', '50', 'UOMO', NULL),
	(363, 'GIACCA', 'CLASSICA', 'ECR', '52', 'UOMO', NULL),
	(364, 'GIACCA', 'CLASSICA', 'ECR', '54', 'UOMO', NULL),
	(365, 'GIACCA', 'CLASSICA', 'ECR', '56', 'UOMO', NULL),
	(366, 'GIACCA', 'CLASSICA', 'ECR', '58', 'UOMO', NULL),
	(367, 'PANTALONE', 'BERMUDA', 'BIA', 'S', 'UOMO', NULL),
	(368, 'PANTALONE', 'BERMUDA', 'BIA', 'M', 'UOMO', NULL),
	(369, 'PANTALONE', 'BERMUDA', 'BIA', 'L', 'UOMO', NULL),
	(370, 'PANTALONE', 'BERMUDA', 'BIA', 'XL', 'UOMO', NULL),
	(371, 'PANTALONE', 'BERMUDA', 'BIA', 'XXL', 'UOMO', NULL),
	(372, 'PANTALONE', 'BERMUDA', 'BLUE', 'S', 'UOMO', NULL),
	(373, 'PANTALONE', 'BERMUDA', 'BLUE', 'M', 'UOMO', NULL),
	(374, 'PANTALONE', 'BERMUDA', 'BLUE', 'L', 'UOMO', NULL),
	(375, 'PANTALONE', 'BERMUDA', 'BLUE', 'XL', 'UOMO', NULL),
	(376, 'PANTALONE', 'BERMUDA', 'BLUE', 'XXL', 'UOMO', NULL),
	(377, 'PANTALONE', 'BERMUDA', 'ECR', 'S', 'UOMO', NULL),
	(378, 'PANTALONE', 'BERMUDA', 'ECR', 'M', 'UOMO', NULL),
	(379, 'PANTALONE', 'BERMUDA', 'ECR', 'L', 'UOMO', NULL),
	(380, 'PANTALONE', 'BERMUDA', 'ECR', 'XL', 'UOMO', NULL),
	(381, 'PANTALONE', 'BERMUDA', 'ECR', 'XXL', 'UOMO', NULL),
	(382, 'PANTALONE', 'PANTALACCIO', 'BIA', 'S', 'UOMO', NULL),
	(383, 'PANTALONE', 'PANTALACCIO', 'BIA', 'M', 'UOMO', NULL),
	(384, 'PANTALONE', 'PANTALACCIO', 'BIA', 'L', 'UOMO', NULL),
	(385, 'PANTALONE', 'PANTALACCIO', 'BIA', 'XL', 'UOMO', NULL),
	(386, 'PANTALONE', 'PANTALACCIO', 'BIA', 'XXL', 'UOMO', NULL),
	(387, 'PANTALONE', 'PANTALACCIO', 'BLUE', 'S', 'UOMO', NULL),
	(388, 'PANTALONE', 'PANTALACCIO', 'BLUE', 'M', 'UOMO', NULL),
	(389, 'PANTALONE', 'PANTALACCIO', 'BLUE', 'L', 'UOMO', NULL),
	(390, 'PANTALONE', 'PANTALACCIO', 'BLUE', 'XL', 'UOMO', NULL),
	(391, 'PANTALONE', 'PANTALACCIO', 'BLUE', 'XXL', 'UOMO', NULL),
	(392, 'PANTALONE', 'PANTALACCIO', 'ECR', 'S', 'UOMO', NULL),
	(393, 'PANTALONE', 'PANTALACCIO', 'ECR', 'M', 'UOMO', NULL),
	(394, 'PANTALONE', 'PANTALACCIO', 'ECR', 'L', 'UOMO', NULL),
	(395, 'PANTALONE', 'PANTALACCIO', 'ECR', 'XL', 'UOMO', NULL),
	(396, 'PANTALONE', 'PANTALACCIO', 'ECR', 'XXL', 'UOMO', NULL),
	(397, 'PANTALONE', 'PANTALACCIO', 'VER', 'S', 'UOMO', NULL),
	(398, 'PANTALONE', 'PANTALACCIO', 'VER', 'M', 'UOMO', NULL),
	(399, 'PANTALONE', 'PANTALACCIO', 'VER', 'L', 'UOMO', NULL),
	(400, 'PANTALONE', 'PANTALACCIO', 'VER', 'XL', 'UOMO', NULL),
	(401, 'PANTALONE', 'PANTALACCIO', 'VER', 'XXL', 'UOMO', NULL),
	(402, 'COPRISPALLE', 'ESTIVO', 'BIA', 'U', 'DONNA', NULL),
	(403, 'COPRISPALLE', 'ESTIVO', 'ECR', 'U', 'DONNA', NULL),
	(404, 'COPRISPALLE', 'ESTIVO', 'BIANER', 'U', 'DONNA', NULL),
	(405, 'COPRISPALLE', 'ESTIVO', 'NER', 'U', 'DONNA', NULL),
	(406, 'COPRISPALLE', 'ESTIVO', 'GRICHI', 'U', 'DONNA', NULL),
	(407, 'COPRISPALLE', 'ESTIVO', 'GRISCU', 'U', 'DONNA', NULL),
	(408, 'COPRISPALLE', 'ESTIVO', 'CEL', 'U', 'DONNA', NULL),
	(409, 'COPRISPALLE', 'ESTIVO', 'ROSA', 'U', 'DONNA', NULL),
	(410, 'COPRISPALLE', 'ESTIVO', 'VER', 'U', 'DONNA', NULL),
	(411, 'COPRISPALLE', 'ESTIVO', 'ARA', 'U', 'DONNA', NULL),
	(412, 'COPRISPALLE', 'ESTIVO DAMASCATO', 'BIA', 'U', 'DONNA', NULL),
	(413, 'COPRISPALLE', 'ESTIVO DAMASCATO', 'ROSA', 'U', 'DONNA', NULL),
	(414, 'COPRISPALLE', 'ESTIVO DAMASCATO', 'GRICHI', 'U', 'DONNA', NULL),
	(415, 'COPRISPALLE', 'ESTIVO DAMASCATO', 'GRISCU', 'U', 'DONNA', NULL),
	(416, 'COPRISPALLE', 'INVERNALE', 'NER', 'U', 'DONNA', NULL),
	(417, 'COPRISPALLE', 'INVERNALE', 'BIA', 'U', 'DONNA', NULL),
	(418, 'COPRISPALLE', 'INVERNALE', 'GRICHI', 'U', 'DONNA', NULL),
	(419, 'COPRISPALLE', 'INVERNALE', 'GRISCU', 'U', 'DONNA', NULL),
	(420, 'COPRISPALLE', 'INVERNALE', 'BIANER', 'U', 'DONNA', NULL),
	(421, 'COPRISPALLE', 'INVERNALE', 'ECR', 'U', 'DONNA', NULL),
	(422, 'COPRISPALLE', 'INVERNALE', 'MARR', 'U', 'DONNA', NULL),
	(423, 'COPRISPALLE', 'INVERNALE', 'BLUE', 'U', 'DONNA', NULL),
	(424, 'COPRISPALLE', 'INVERNALE', 'altro', 'U', 'DONNA', NULL),
	(425, 'CAPRI', 'ESTIVO', 'BIA', 'U', 'DONNA', NULL),
	(426, 'CAPRI', 'ESTIVO', 'BIANER', 'U', 'DONNA', NULL),
	(427, 'CAPRI', 'ESTIVO', 'ECR', 'U', 'DONNA', NULL),
	(428, 'CAPRI', 'ESTIVO', 'GRICHI', 'U', 'DONNA', NULL),
	(429, 'CAPRI', 'ESTIVO', 'GRISCU', 'U', 'DONNA', NULL),
	(430, 'CAPRI', 'ESTIVO', 'VER', 'U', 'DONNA', NULL),
	(431, 'CAPRI', 'INVERNALE', 'BIA', 'U', 'DONNA', NULL),
	(432, 'CAPRI', 'INVERNALE', 'NER', 'U', 'DONNA', NULL),
	(433, 'CAPRI', 'INVERNALE', 'BIANER', 'U', 'DONNA', NULL),
	(434, 'CAPRI', 'INVERNALE', 'GRICHI', 'U', 'DONNA', NULL),
	(435, 'CAPRI', 'INVERNALE', 'GRISCU', 'U', 'DONNA', NULL),
	(436, 'CAPRI', 'INVERNALE', 'ECR', 'U', 'DONNA', NULL),
	(437, 'CAPRI', 'INVERNALE', 'MARR', 'U', 'DONNA', NULL),
	(438, 'CAPRI', 'INVERNALE', 'BLUE', 'U', 'DONNA', NULL),
	(439, 'CAPRI', 'INVERNALE', 'altro', 'U', 'DONNA', NULL),
	(440, 'PONCHO', 'TINTA UNITA', 'BIA', 'U', 'DONNA', NULL),
	(441, 'PONCHO', 'TINTA UNITA', 'NER', 'U', 'DONNA', NULL),
	(442, 'PONCHO', 'TINTA UNITA', 'BIANER', 'U', 'DONNA', NULL),
	(443, 'PONCHO', 'TINTA UNITA', 'GRICHI', 'U', 'DONNA', NULL),
	(444, 'PONCHO', 'TINTA UNITA', 'GRISCU', 'U', 'DONNA', NULL),
	(445, 'PONCHO', 'TINTA UNITA', 'ECR', 'U', 'DONNA', NULL),
	(446, 'PONCHO', 'TINTA UNITA', 'MARR', 'U', 'DONNA', NULL),
	(447, 'PONCHO', 'TINTA UNITA', 'BLUE', 'U', 'DONNA', NULL),
	(448, 'PONCHO', 'TINTA UNITA', 'altro', 'U', 'DONNA', NULL),
	(449, 'PONCHO', 'MULTICOLOR', 'BIA', 'U', 'DONNA', NULL),
	(450, 'PONCHO', 'MULTICOLOR', 'NER', 'U', 'DONNA', NULL),
	(451, 'PONCHO', 'MULTICOLOR', 'ROSS', 'U', 'DONNA', NULL),
	(452, 'PONCHO', 'MULTICOLOR', 'GRICHI', 'U', 'DONNA', NULL),
	(453, 'PONCHO', 'MULTICOLOR', 'GRISCU', 'U', 'DONNA', NULL),
	(454, 'PONCHO', 'MULTICOLOR', 'CEL', 'U', 'DONNA', NULL),
	(455, 'PONCHO', 'MULTICOLOR', 'BLUE', 'U', 'DONNA', NULL),
	(456, 'PONCHO', 'MULTICOLOR', 'VER', 'U', 'DONNA', NULL),
	(457, 'PONCHO', 'MULTICOLOR', 'SENAPE', 'U', 'DONNA', NULL),
	(458, 'PONCHO', 'MULTICOLOR', 'ARA', 'U', 'DONNA', NULL),
	(459, 'PONCHO', 'MULTICOLOR', 'ROSA', 'U', 'DONNA', NULL),
	(460, 'PONCHO', 'MULTICOLOR', 'MARR', 'U', 'DONNA', NULL),
	(461, 'PONCHO', 'MULTICOLOR', 'PETROLIO', 'U', 'DONNA', NULL),
	(462, 'SCIARPA', 'ESTIVO', 'BIA', 'U', 'DONNA', NULL),
	(463, 'SCIARPA', 'ESTIVO', 'ECR', 'U', 'DONNA', NULL),
	(464, 'SCIARPA', 'ESTIVO', 'BIANER', 'U', 'DONNA', NULL),
	(465, 'SCIARPA', 'ESTIVO', 'GRICHI', 'U', 'DONNA', NULL),
	(466, 'SCIARPA', 'ESTIVO', 'GRISCU', 'U', 'DONNA', NULL),
	(467, 'SCIARPA', 'ESTIVO', 'CEL', 'U', 'DONNA', NULL),
	(468, 'SCIARPA', 'ESTIVO', 'ROSA', 'U', 'DONNA', NULL),
	(469, 'SCIARPA', 'ESTIVO', 'VER', 'U', 'DONNA', NULL),
	(470, 'SCIARPA', 'ESTIVO', 'ARA', 'U', 'DONNA', NULL),
	(471, 'SCIARPA', 'ESTIVO', 'altro', 'U', 'DONNA', NULL),
	(472, 'SCIARPA', 'ESTIVO DAMASCATO', 'BIA', 'U', 'DONNA', NULL),
	(473, 'SCIARPA', 'ESTIVO DAMASCATO', 'ROSA', 'U', 'DONNA', NULL),
	(474, 'SCIARPA', 'ESTIVO DAMASCATO', 'GRICHI', 'U', 'DONNA', NULL),
	(475, 'SCIARPA', 'ESTIVO DAMASCATO', 'GRISCU', 'U', 'DONNA', NULL),
	(476, 'SCIARPA', 'TINTA UNITA', 'BIA', 'U', 'DONNA', NULL),
	(477, 'SCIARPA', 'TINTA UNITA', 'NER', 'U', 'DONNA', NULL),
	(478, 'SCIARPA', 'TINTA UNITA', 'BIANER', 'U', 'DONNA', NULL),
	(479, 'SCIARPA', 'TINTA UNITA', 'GRICHI', 'U', 'DONNA', NULL),
	(480, 'SCIARPA', 'TINTA UNITA', 'GRISCU', 'U', 'DONNA', NULL),
	(481, 'SCIARPA', 'TINTA UNITA', 'ECR', 'U', 'DONNA', NULL),
	(482, 'SCIARPA', 'TINTA UNITA', 'ROSA', 'U', 'DONNA', NULL),
	(483, 'SCIARPA', 'TINTA UNITA', 'VER', 'U', 'DONNA', NULL),
	(484, 'SCIARPA', 'TINTA UNITA', 'MARR', 'U', 'DONNA', NULL),
	(485, 'SCIARPA', 'TINTA UNITA', 'BLUE', 'U', 'DONNA', NULL),
	(486, 'SCIARPA', 'TINTA UNITA', 'CEL', 'U', 'DONNA', NULL),
	(487, 'SCIARPA', 'TINTA UNITA', 'VIO', 'U', 'DONNA', NULL),
	(488, 'SCIARPA', 'TINTA UNITA', 'altro', 'U', 'DONNA', NULL),
	(489, 'SCIARPA', 'MULTICOLOR', 'BIA', 'U', 'DONNA', NULL),
	(490, 'SCIARPA', 'MULTICOLOR', 'NER', 'U', 'DONNA', NULL),
	(491, 'SCIARPA', 'MULTICOLOR', 'ROSS', 'U', 'DONNA', NULL),
	(492, 'SCIARPA', 'MULTICOLOR', 'GRICHI', 'U', 'DONNA', NULL),
	(493, 'SCIARPA', 'MULTICOLOR', 'GRISCU', 'U', 'DONNA', NULL),
	(494, 'SCIARPA', 'MULTICOLOR', 'CEL', 'U', 'DONNA', NULL),
	(495, 'SCIARPA', 'MULTICOLOR', 'BLUE', 'U', 'DONNA', NULL),
	(496, 'SCIARPA', 'MULTICOLOR', 'VER', 'U', 'DONNA', NULL),
	(497, 'SCIARPA', 'MULTICOLOR', 'SENAPE', 'U', 'DONNA', NULL),
	(498, 'SCIARPA', 'MULTICOLOR', 'ARA', 'U', 'DONNA', NULL),
	(499, 'SCIARPA', 'MULTICOLOR', 'ROSA', 'U', 'DONNA', NULL),
	(500, 'SCIARPA', 'MULTICOLOR', 'MARR', 'U', 'DONNA', NULL),
	(501, 'SCIARPA', 'MULTICOLOR', 'PETROLIO', 'U', 'DONNA', NULL),
	(502, 'CAPPELLI', 'MULTICOLOR', 'BIA', 'U', 'DONNA', NULL),
	(503, 'CAPPELLI', 'MULTICOLOR', 'NER', 'U', 'DONNA', NULL),
	(504, 'CAPPELLI', 'MULTICOLOR', 'ROSS', 'U', 'DONNA', NULL),
	(505, 'CAPPELLI', 'MULTICOLOR', 'GRICHI', 'U', 'DONNA', NULL),
	(506, 'CAPPELLI', 'MULTICOLOR', 'GRISCU', 'U', 'DONNA', NULL),
	(507, 'CAPPELLI', 'MULTICOLOR', 'CEL', 'U', 'DONNA', NULL),
	(508, 'CAPPELLI', 'MULTICOLOR', 'BLUE', 'U', 'DONNA', NULL),
	(509, 'CAPPELLI', 'MULTICOLOR', 'VER', 'U', 'DONNA', NULL),
	(510, 'CAPPELLI', 'MULTICOLOR', 'SENAPE', 'U', 'DONNA', NULL),
	(511, 'CAPPELLI', 'MULTICOLOR', 'ARA', 'U', 'DONNA', NULL),
	(512, 'CAPPELLI', 'MULTICOLOR', 'ROSA', 'U', 'DONNA', NULL),
	(513, 'CAPPELLI', 'MULTICOLOR', 'MARR', 'U', 'DONNA', NULL),
	(514, 'CAPPELLI', 'MULTICOLOR', 'PETROLIO', 'U', 'DONNA', NULL),
	(515, 'SCIALLE', 'ESTIVO', 'BIA', 'U', 'DONNA', NULL),
	(516, 'SCIALLE', 'ESTIVO', 'BIANER', 'U', 'DONNA', NULL),
	(517, 'SCIALLE', 'ESTIVO', 'ECR', 'U', 'DONNA', NULL),
	(518, 'SCIALLE', 'ESTIVO', 'GRICHI', 'U', 'DONNA', NULL),
	(519, 'SCIALLE', 'ESTIVO', 'GRISCU', 'U', 'DONNA', NULL),
	(520, 'MESSICO', 'ESTIVO', 'BIA', 'U', 'DONNA', NULL),
	(521, 'MESSICO', 'ESTIVO', 'BIANER', 'U', 'DONNA', NULL),
	(522, 'MESSICO', 'ESTIVO', 'altro', 'U', 'DONNA', NULL),
	(523, 'MESSICO', 'INVERNALE', 'NER', 'U', 'DONNA', NULL),
	(524, 'MESSICO', 'INVERNALE', 'MARR', 'U', 'DONNA', NULL),
	(525, 'SMANICATO', 'ESTIVO', 'GRICHI', 'U', 'DONNA', NULL),
	(526, 'GIACCA', 'VATICANO AIDA', 'PANNA', 'U', 'DONNA', NULL),
	(527, 'GIACCA', 'BELLA', 'PEPE NERO', 'U', 'DONNA', NULL),
	(528, 'GIACCA', 'BELLA', 'LUCE', 'U', 'DONNA', NULL),
	(529, 'GIACCA', 'BENEDETTA', 'NATURALE', 'XS', 'DONNA', NULL),
	(530, 'GIACCA', 'BENEDETTA', 'NATURALE', 'XL', 'DONNA', NULL),
	(531, 'CAPPOTTO', 'VATICANO', 'NATURALE', 'U', 'DONNA', NULL),
	(532, 'TOP', 'PESCE', 'MIX CIELO', 'S', 'DONNA', NULL),
	(533, 'PANTALONE', 'ISTANTE', 'PEPE NERO', 'S', 'DONNA', NULL),
	(534, 'PANTALONE', 'ISTANTE', 'PEPE NERO', 'L', 'DONNA', NULL),
	(535, 'PANTALONE', 'ISTANTE', 'OCEANO', 'S', 'DONNA', NULL),
	(536, 'PANTALONE', 'ISTANTE', 'PANNA', 'S', 'DONNA', NULL),
	(537, 'PANTALONE', 'ISTANTE', 'PANNA', 'L', 'DONNA', NULL),
	(538, 'PANTALONE', 'ISTANTE', 'NATURALE', 'S', 'DONNA', NULL),
	(539, 'PANTALONE', 'ISTANTE', 'TELA NEUTRA', 'S', 'DONNA', NULL),
	(540, 'PANTALONE', 'ISTANTE', 'OMBRA', 'S', 'DONNA', NULL),
	(541, 'PANTALONE', 'BAROLO SEQUENZA', 'NATURALE', 'U', 'DONNA', NULL),
	(542, 'PANTALONE', 'TRITONE CESTINATO', 'MARE RIGATO', 'U', 'DONNA', NULL),
	(543, 'PANTALONE', 'FARO ROVESCIA', 'BLU', 'U', 'DONNA', NULL),
	(544, 'PANTALONE', 'ULISSE BATTISTA', 'PANNA', 'M', 'DONNA', NULL),
	(545, 'PANTALONE', 'CIPRESSO SPIGATO', 'BLU', 'S', 'DONNA', NULL),
	(546, 'PANTALONE', 'VINCENTE BATTISTA', 'NATURALE', 'L', 'DONNA', NULL),
	(547, 'SPOLVERINO', 'ARIENZO DIAMANTE', 'NATURALE', 'U', 'DONNA', NULL),
	(548, 'ABITO', 'EGG', 'INFINITO GIGATO', 'U', 'DONNA', NULL),
	(549, 'ABITO', 'EGG', 'ACCORDO BLU', 'U', 'DONNA', NULL),
	(550, 'ABITO', 'EGG', 'ARENA', 'U', 'DONNA', NULL),
	(551, 'ABITO', 'EGG', 'NEUTRA', 'U', 'DONNA', NULL),
	(552, 'ABITO', 'PIEGA', 'PACIFICA', 'U', 'DONNA', NULL),
	(553, 'ABITO', 'NEBBIOLO', 'NEUTRA', 'U', 'DONNA', NULL),
	(554, 'ABITO', 'NEBBIOLO', 'PACIFICA', 'U', 'DONNA', NULL),
	(555, 'TUTA', 'VESUVIO', 'TEMPESTA', 'U', 'DONNA', NULL),
	(556, 'TUTA', 'VESUVIO', 'ESSENZA', 'U', 'DONNA', NULL),
	(557, 'CAMICIA', 'TEMA DIAMANTE', 'PANNA', 'U', 'DONNA', NULL),
	(558, 'CAMICIA', 'TEMA FINEZZA', 'NATURALE', 'U', 'DONNA', NULL),
	(559, 'CAMICIA', 'TEMA', 'SABBIA', 'M', 'DONNA', NULL),
	(560, 'CASACCA', 'TAO', 'CIELO NERO', 'U', 'DONNA', NULL),
	(561, 'CASACCA', 'TAO', 'PANNA', 'U', 'DONNA', NULL),
	(562, 'CASACCA', 'TAO', 'CIELO', 'U', 'DONNA', NULL),
	(563, 'CASACCA', 'MAXI TAO RETE', 'PANNA', 'U', 'DONNA', NULL),
	(564, 'CASACCA', 'MAXI TAO', 'CIELO', 'U', 'DONNA', NULL),
	(565, 'CASACCA', 'LIFE RETE PESANTE', 'NATURALE', 'U', 'DONNA', NULL),
	(566, 'CASACCA', 'QUADRA', 'LUCE', 'U', 'DONNA', NULL),
	(567, 'CASACCA', 'CAMPANA RETE', 'PANNA', 'U', 'DONNA', NULL),
	(568, 'CASACCA', 'BARCA', 'BRASILIA', 'U', 'DONNA', NULL),
	(569, 'CASACCA', 'BARCA', 'SABBIA', 'U', 'DONNA', NULL),
	(570, 'CASACCA', 'BARCA', 'CIELO NERO', 'U', 'DONNA', NULL),
	(571, 'CASACCA', 'RETE', 'PANNA', 'U', 'DONNA', NULL),
	(572, 'CASACCA', 'RIUSCITA CESTINATA', 'MARE RIGATO', 'U', 'DONNA', NULL),
	(573, 'CASACCA', 'MARINA', 'VESUVIO PEPE', 'U', 'DONNA', NULL),
	(574, 'CASACCA', 'NERANO', 'NATURALE', 'U', 'DONNA', NULL),
	(575, 'CASACCA', 'NERANO', 'AUTUNNO', 'U', 'DONNA', NULL),
	(576, 'CASACCA', 'SCALA', 'PANNA', 'U', 'DONNA', NULL),
	(577, 'CASACCA', 'POLLA', 'MINI INFINITO', 'U', 'DONNA', NULL),
	(578, 'CASACCA', 'CRAPOLLA RETE', 'PANNA', 'U', 'DONNA', NULL),
	(579, 'CASACCA', 'IERI', 'NATURALE', 'U', 'DONNA', NULL),
	(580, 'CASACCA', 'ONDA RETE', 'BLU PANNA', 'U', 'DONNA', NULL),
	(581, 'CASACCA', 'CAMPANA RETE', 'PANNA', 'M', 'DONNA', NULL),
	(582, 'CASACCA', 'ANELLO', 'VESUVIO', 'U', 'DONNA', NULL),
	(583, 'CASACCA', 'ANELLO', 'PANNA', 'U', 'DONNA', NULL),
	(584, 'CASACCA', 'SEMPLICE', 'SILVER', 'U', 'DONNA', NULL),
	(585, 'CASACCA', 'SEMPLICE', 'PANNA', 'U', 'DONNA', NULL),
	(586, 'CASACCA', 'BOMBA', 'GHIACCIO', 'U', 'DONNA', NULL),
	(587, 'CASACCA', 'ASTRATTA', 'SILVER ESSENZA', 'U', 'DONNA', NULL),
	(588, 'CASACCA', 'SVOLTA', 'MARINA', 'U', 'DONNA', NULL),
	(589, 'BORSA', NULL, NULL, 'U', 'DONNA', NULL),
	(590, 'CARTELLA', NULL, NULL, 'U', 'UNISEX', NULL),
	(591, 'ZAINO', NULL, NULL, 'U', 'UNISEX', NULL),
	(592, 'BORSELLO', NULL, NULL, 'U', 'UNISEX', NULL),
	(593, 'PORTAFOGLIO', NULL, NULL, 'U', 'DONNA', NULL),
	(594, 'PORTAFOGLIO', NULL, NULL, 'U', 'UOMO', NULL),
	(595, 'CINTURA', NULL, NULL, 'U', 'UNISEX', NULL),
	(596, 'CUSTODIA', NULL, NULL, 'U', 'DONNA', NULL),
	(597, 'VENTAGLIO', NULL, NULL, 'U', 'DONNA', NULL),
	(598, 'PAPILLON', NULL, NULL, 'U', 'UNISEX', NULL),
	(599, 'CRAVATTE', NULL, NULL, 'U', 'UNISEX', NULL),
	(600, 'OMBRELLO', NULL, NULL, 'U', 'UNISEX', NULL),
	(601, 'PORTADOCU', NULL, NULL, 'U', 'UNISEX', NULL),
	(602, 'PORTAMON', NULL, NULL, 'U', 'UNISEX', NULL),
	(603, 'ALTRO', NULL, NULL, 'U', 'UNISEX', NULL),
	(604, 'SCIARPA', 'ESTIVO', NULL, 'U', 'UNISEX', NULL),
	(605, 'SCIARPA', 'INVERNALE', NULL, 'U', 'UNISEX', NULL),
	(606, 'ESTIVO', 'RIGIDO', NULL, 'U', 'UNISEX', NULL),
	(607, 'ESTIVO', 'MOSCIO', NULL, 'U', 'UNISEX', NULL),
	(608, 'INVERNALE', 'RIGIDO', NULL, 'U', 'UNISEX', NULL),
	(609, 'INVERNALE', 'MOSCIO', NULL, 'U', 'UNISEX', NULL),
	(610, 'PANTALONE', NULL, NULL, 'U', 'DONNA', NULL),
	(611, 'CAMICIA', 'CHIUSA', NULL, 'U', 'DONNA', NULL),
	(612, 'MAGLIA', NULL, NULL, 'U', 'DONNA', NULL),
	(613, 'TOP', NULL, NULL, 'U', 'DONNA', NULL),
	(614, 'ABITO', NULL, NULL, 'U', 'DONNA', NULL),
	(615, 'GIACCA', NULL, NULL, 'U', 'DONNA', NULL),
	(616, 'CAPPOTTO', NULL, NULL, 'U', 'DONNA', NULL),
	(617, 'MANTELLA', NULL, NULL, 'U', 'DONNA', NULL),
	(618, 'GONNA', NULL, NULL, 'U', 'DONNA', NULL),
	(619, 'COPRISPALLE', NULL, NULL, 'U', 'DONNA', NULL),
	(620, 'ALTRO', NULL, NULL, 'U', 'DONNA', NULL),
	(621, 'COLLANE', NULL, NULL, 'U', 'DONNA', NULL),
	(622, 'ORECCHINI', NULL, NULL, 'U', 'DONNA', NULL),
	(623, 'BRACCIALE', NULL, NULL, 'U', 'DONNA', NULL),
	(624, 'SPILLA', NULL, NULL, 'U', 'DONNA', NULL);
/*!40000 ALTER TABLE `app_custom_warehouse_items` ENABLE KEYS */;

CREATE TABLE IF NOT EXISTS `app_measure_units` (
  `id` int(11) NOT NULL AUTO_INCREMENT,
  `code` varchar(255) NOT NULL,
  `descri` varchar(255) NOT NULL,
  `notes` varchar(255) DEFAULT NULL,
  PRIMARY KEY (`id`)
) ENGINE=InnoDB AUTO_INCREMENT=2 DEFAULT CHARSET=latin1;

/*!40000 ALTER TABLE `app_measure_units` DISABLE KEYS */;
INSERT IGNORE INTO `app_measure_units` (`id`, `code`, `descri`, `notes`) VALUES
	(1, 'NUMBER', 'Numero', NULL);
/*!40000 ALTER TABLE `app_measure_units` ENABLE KEYS */;

CREATE TABLE IF NOT EXISTS `app_reports` (
  `id` int(11) NOT NULL AUTO_INCREMENT,
  `app_reports_type_id` int(11) NOT NULL,
  `outfilename` varchar(255) NOT NULL,
  `descri` varchar(255) NOT NULL,
  `query_path` varchar(255) NOT NULL,
  `inputs` varchar(4000) DEFAULT NULL,
  PRIMARY KEY (`id`),
  UNIQUE KEY `u_app_reports_outfilename` (`outfilename`),
  KEY `fk_app_reports_type` (`app_reports_type_id`),
  CONSTRAINT `fk_app_reports_type` FOREIGN KEY (`app_reports_type_id`) REFERENCES `app_reports_type` (`id`) ON DELETE NO ACTION ON UPDATE NO ACTION
) ENGINE=InnoDB AUTO_INCREMENT=17 DEFAULT CHARSET=latin1;

/*!40000 ALTER TABLE `app_reports` DISABLE KEYS */;
INSERT IGNORE INTO `app_reports` (`id`, `app_reports_type_id`, `outfilename`, `descri`, `query_path`, `inputs`) VALUES
	(9, 0, 'maga_movim_xdata', 'Movimenti x Data', 'excel/excel_movim_xdata.sql', 'inidate=date=Data Inizio&findate=date=Data Fine'),
	(10, 0, 'maga_giac_xdata', 'Giacenza x Data', 'excel/excel_giac_xdata.sql', 'inidate=date=Data Inizio&findate=date=Data Fine'),
	(14, 0, 'maga_qtamov_xdata', 'Movimentato x Data', 'excel/excel_qtamov_xdata.sql', 'inidate=date=Data Inizio&findate=date=Data Fine');
/*!40000 ALTER TABLE `app_reports` ENABLE KEYS */;

CREATE TABLE IF NOT EXISTS `app_reports_type` (
  `id` int(11) NOT NULL,
  `descri` varchar(255) NOT NULL,
  PRIMARY KEY (`id`)
) ENGINE=InnoDB DEFAULT CHARSET=latin1;

/*!40000 ALTER TABLE `app_reports_type` DISABLE KEYS */;
INSERT IGNORE INTO `app_reports_type` (`id`, `descri`) VALUES
	(0, 'Magazzino');
/*!40000 ALTER TABLE `app_reports_type` ENABLE KEYS */;

CREATE TABLE IF NOT EXISTS `app_suppliers` (
  `id` int(11) NOT NULL AUTO_INCREMENT,
  `code` varchar(255) NOT NULL DEFAULT '0',
  `buname` varchar(255) NOT NULL,
  `vatid` varchar(255) DEFAULT NULL,
  `telephone` varchar(255) DEFAULT NULL,
  `address` varchar(255) DEFAULT NULL,
  `email` varchar(255) DEFAULT NULL,
  `userreg` int(11) NOT NULL,
  `userupdate` int(11) NOT NULL,
  `datereg` timestamp NOT NULL DEFAULT CURRENT_TIMESTAMP,
  `lastupdate` timestamp NOT NULL DEFAULT CURRENT_TIMESTAMP,
  `obsolete` tinyint(4) NOT NULL DEFAULT '0',
  `notes` varchar(255) DEFAULT NULL,
  PRIMARY KEY (`id`),
  KEY `fk_app_suppliers_userreg` (`userreg`),
  KEY `fk_app_suppliers_userupdate` (`userupdate`),
  CONSTRAINT `fk_app_suppliers_userreg` FOREIGN KEY (`userreg`) REFERENCES `app_users` (`id`) ON DELETE NO ACTION ON UPDATE NO ACTION,
  CONSTRAINT `fk_app_suppliers_userupdate` FOREIGN KEY (`userupdate`) REFERENCES `app_users` (`id`) ON DELETE NO ACTION ON UPDATE NO ACTION
) ENGINE=InnoDB AUTO_INCREMENT=9 DEFAULT CHARSET=latin1;

/*!40000 ALTER TABLE `app_suppliers` DISABLE KEYS */;
INSERT IGNORE INTO `app_suppliers` (`id`, `code`, `buname`, `vatid`, `telephone`, `address`, `email`, `userreg`, `userupdate`, `datereg`, `lastupdate`, `obsolete`, `notes`) VALUES
	(1, '0', 'SALERNO', NULL, NULL, NULL, NULL, 1, 1, '2019-04-19 20:56:35', '2019-04-19 20:56:35', 0, NULL),
	(2, '0', 'TESSITURA', NULL, NULL, NULL, NULL, 1, 1, '2019-04-19 20:56:35', '2019-04-19 20:56:35', 0, NULL),
	(3, '0', 'LINOMANIA', NULL, NULL, NULL, NULL, 1, 1, '2019-04-19 20:56:35', '2019-04-19 20:56:35', 0, NULL),
	(4, '0', 'SUGHERO', NULL, NULL, NULL, NULL, 1, 1, '2019-04-19 20:56:35', '2019-04-19 20:56:35', 0, NULL),
	(5, '0', 'SCIARPA', NULL, NULL, NULL, NULL, 1, 1, '2019-04-19 20:56:35', '2019-04-19 20:56:35', 0, NULL),
	(6, '0', 'CAPPELLI', NULL, NULL, NULL, NULL, 1, 1, '2019-04-19 20:56:35', '2019-04-19 20:56:35', 0, NULL),
	(7, '0', 'SARTORIA', NULL, NULL, NULL, NULL, 1, 1, '2019-04-19 20:56:35', '2019-04-19 20:56:35', 0, NULL),
	(8, '0', 'CHIACCHIERINO', NULL, NULL, NULL, NULL, 1, 1, '2019-04-19 20:56:35', '2019-04-19 20:56:35', 0, NULL);
/*!40000 ALTER TABLE `app_suppliers` ENABLE KEYS */;

CREATE TABLE IF NOT EXISTS `app_users` (
  `id` int(11) NOT NULL AUTO_INCREMENT,
  `name` varchar(255) NOT NULL,
  `surname` varchar(255) NOT NULL,
  `username` varchar(255) NOT NULL,
  `password` varchar(255) NOT NULL,
  `email` varchar(255) NOT NULL,
  `notes` varchar(255) DEFAULT NULL,
  `userreg` int(11) NOT NULL,
  `datereg` timestamp NOT NULL DEFAULT CURRENT_TIMESTAMP,
  `obsolete` tinyint(4) NOT NULL DEFAULT '0',
  `app_user_roles_id` int(11) NOT NULL DEFAULT '3',
  PRIMARY KEY (`id`),
  UNIQUE KEY `idx_app_users_username` (`username`),
  KEY `fk_app_user_roles` (`app_user_roles_id`),
  CONSTRAINT `fk_app_user_roles` FOREIGN KEY (`app_user_roles_id`) REFERENCES `app_user_roles` (`id`) ON DELETE NO ACTION ON UPDATE NO ACTION
) ENGINE=InnoDB AUTO_INCREMENT=2 DEFAULT CHARSET=latin1;

/*!40000 ALTER TABLE `app_users` DISABLE KEYS */;
INSERT IGNORE INTO `app_users` (`id`, `name`, `surname`, `username`, `password`, `email`, `notes`, `userreg`, `datereg`, `obsolete`, `app_user_roles_id`) VALUES
	(1, 'admin', 'admin', 'admin', '$2y$10$WeX4wUGjx9fMvOnEQQUQne2NuIUfLcq5l9P8/k/7YbzMlB3Y8ATn.', '', NULL, 1, '2019-04-19 18:34:26', 0, 0);
/*!40000 ALTER TABLE `app_users` ENABLE KEYS */;

CREATE TABLE IF NOT EXISTS `app_user_roles` (
  `id` int(11) NOT NULL,
  `descri` varchar(255) NOT NULL,
  `datereg` timestamp NOT NULL DEFAULT CURRENT_TIMESTAMP,
  PRIMARY KEY (`id`)
) ENGINE=InnoDB DEFAULT CHARSET=latin1;

/*!40000 ALTER TABLE `app_user_roles` DISABLE KEYS */;
INSERT IGNORE INTO `app_user_roles` (`id`, `descri`, `datereg`) VALUES
	(0, 'Super Admin', '2019-04-19 18:34:26'),
	(1, 'Admin', '2019-04-19 18:34:26'),
	(2, 'Moderatore', '2019-04-19 18:34:26'),
	(3, 'Utente', '2019-04-19 18:34:26');
/*!40000 ALTER TABLE `app_user_roles` ENABLE KEYS */;

CREATE TABLE IF NOT EXISTS `app_warehouses` (
  `id` int(11) NOT NULL AUTO_INCREMENT,
  `code` varchar(255) NOT NULL,
  `descri` varchar(255) NOT NULL,
  `country` varchar(255) NOT NULL DEFAULT 'IT',
  `address` varchar(255) NOT NULL,
  `datereg` timestamp NOT NULL DEFAULT CURRENT_TIMESTAMP,
  `lastupdate` timestamp NOT NULL DEFAULT CURRENT_TIMESTAMP,
  `userreg` int(11) NOT NULL,
  `userupdate` int(11) NOT NULL,
  `notes` varchar(255) DEFAULT NULL,
  `obsolete` int(11) NOT NULL DEFAULT '0',
  PRIMARY KEY (`id`),
  KEY `fk_app_warehouses_userreg` (`userreg`),
  KEY `fk_app_warehouses_userupdate` (`userupdate`),
  CONSTRAINT `fk_app_warehouses_userreg` FOREIGN KEY (`userreg`) REFERENCES `app_users` (`id`) ON DELETE NO ACTION ON UPDATE NO ACTION,
  CONSTRAINT `fk_app_warehouses_userupdate` FOREIGN KEY (`userupdate`) REFERENCES `app_users` (`id`) ON DELETE NO ACTION ON UPDATE NO ACTION
) ENGINE=InnoDB AUTO_INCREMENT=2 DEFAULT CHARSET=latin1;

/*!40000 ALTER TABLE `app_warehouses` DISABLE KEYS */;
INSERT IGNORE INTO `app_warehouses` (`id`, `code`, `descri`, `country`, `address`, `datereg`, `lastupdate`, `userreg`, `userupdate`, `notes`, `obsolete`) VALUES
	(1, 'MAIN', 'Main Warehouse', 'IT', 'Location', '2019-04-19 18:34:26', '2019-04-19 18:34:26', 1, 1, NULL, 0);
/*!40000 ALTER TABLE `app_warehouses` ENABLE KEYS */;

CREATE TABLE IF NOT EXISTS `app_warehouse_causals` (
  `id` int(11) NOT NULL AUTO_INCREMENT,
  `code` varchar(255) NOT NULL,
  `type` char(1) NOT NULL,
  `descri` varchar(255) NOT NULL,
  `datereg` timestamp NOT NULL DEFAULT CURRENT_TIMESTAMP,
  `lastupdate` timestamp NOT NULL DEFAULT CURRENT_TIMESTAMP,
  `userreg` int(11) NOT NULL,
  `userupdate` int(11) NOT NULL,
  `notes` varchar(255) DEFAULT NULL,
  PRIMARY KEY (`id`),
  KEY `fk_app_warehouse_causals_userreg` (`userreg`),
  KEY `fk_app_warehouse_causals_userupdate` (`userupdate`),
  CONSTRAINT `fk_app_warehouse_causals_userreg` FOREIGN KEY (`userreg`) REFERENCES `app_users` (`id`) ON DELETE NO ACTION ON UPDATE NO ACTION,
  CONSTRAINT `fk_app_warehouse_causals_userupdate` FOREIGN KEY (`userupdate`) REFERENCES `app_users` (`id`) ON DELETE NO ACTION ON UPDATE NO ACTION
) ENGINE=InnoDB AUTO_INCREMENT=9 DEFAULT CHARSET=latin1;

/*!40000 ALTER TABLE `app_warehouse_causals` DISABLE KEYS */;
INSERT IGNORE INTO `app_warehouse_causals` (`id`, `code`, `type`, `descri`, `datereg`, `lastupdate`, `userreg`, `userupdate`, `notes`) VALUES
	(1, 'CARICO_FORNITORE', '+', 'Carico per acquisto merce presso fornitore', '2019-04-19 18:34:26', '2019-04-19 18:34:26', 1, 1, NULL),
	(2, 'SCARICO_NEGOZIO', '-', 'Scarico per vendita al negozio', '2019-04-19 18:34:26', '2019-04-19 18:34:26', 1, 1, NULL),
	(3, 'SCARICO_MATTEW', '-', 'Scarico per vendita su facebook', '2019-04-19 18:34:26', '2019-04-19 18:34:26', 1, 1, NULL),
	(4, 'SCARICO_ECOMMERCE', '-', 'Scarico per vendita su e-commerce', '2019-04-19 18:34:26', '2019-04-19 18:34:26', 1, 1, NULL),
	(5, 'SCARICO_RESO_FORNITORE', '-', 'Scarico da reso fornitore', '2019-04-19 18:34:26', '2019-04-19 18:34:26', 1, 1, NULL),
	(6, 'CARICO_RESO_CLIENTE', '+', 'Carico da reso cliente', '2019-04-19 18:34:26', '2019-04-19 18:34:26', 1, 1, NULL),
	(7, 'CARICO_RETTIFICA_INVENTARIALE', '+', 'Carico rettifica inventario', '2019-04-19 18:34:26', '2019-04-19 18:34:26', 1, 1, NULL),
	(8, 'SCARICO_RETTIFICA_INVENTARIALE', '-', 'Scarico rettifica inventario', '2019-04-19 18:34:26', '2019-04-19 18:34:26', 1, 1, NULL);
/*!40000 ALTER TABLE `app_warehouse_causals` ENABLE KEYS */;

CREATE TABLE IF NOT EXISTS `app_warehouse_items` (
  `id` int(11) NOT NULL AUTO_INCREMENT,
  `code` varchar(255) DEFAULT NULL,
  `descri` varchar(255) DEFAULT NULL,
  `unitprice` double NOT NULL,
  `app_measure_units_id` int(11) NOT NULL DEFAULT '1',
  `datereg` timestamp NOT NULL DEFAULT CURRENT_TIMESTAMP,
  `lastupdate` timestamp NOT NULL DEFAULT CURRENT_TIMESTAMP,
  `userreg` int(11) NOT NULL,
  `userupdate` int(11) NOT NULL,
  `obsolete` tinyint(4) NOT NULL DEFAULT '0',
  `app_suppliers_id` int(11) NOT NULL,
  `app_warehouses_id` int(11) NOT NULL,
  `notes` varchar(255) DEFAULT NULL,
  PRIMARY KEY (`id`),
  KEY `fk_app_warehouse_items_userreg` (`userreg`),
  KEY `fk_app_warehouse_items_userupdate` (`userupdate`),
  KEY `fk_app_warehouse_items_warehouse` (`app_warehouses_id`),
  KEY `fk_app_warehouse_items_supplier` (`app_suppliers_id`),
  CONSTRAINT `fk_app_warehouse_items_supplier` FOREIGN KEY (`app_suppliers_id`) REFERENCES `app_suppliers` (`id`) ON DELETE NO ACTION ON UPDATE NO ACTION,
  CONSTRAINT `fk_app_warehouse_items_userreg` FOREIGN KEY (`userreg`) REFERENCES `app_users` (`id`) ON DELETE NO ACTION ON UPDATE NO ACTION,
  CONSTRAINT `fk_app_warehouse_items_userupdate` FOREIGN KEY (`userupdate`) REFERENCES `app_users` (`id`) ON DELETE NO ACTION ON UPDATE NO ACTION,
  CONSTRAINT `fk_app_warehouse_items_warehouse` FOREIGN KEY (`app_warehouses_id`) REFERENCES `app_warehouses` (`id`) ON DELETE NO ACTION ON UPDATE NO ACTION
) ENGINE=InnoDB AUTO_INCREMENT=625 DEFAULT CHARSET=latin1;

/*!40000 ALTER TABLE `app_warehouse_items` DISABLE KEYS */;
INSERT IGNORE INTO `app_warehouse_items` (`id`, `code`, `descri`, `unitprice`, `app_measure_units_id`, `datereg`, `lastupdate`, `userreg`, `userupdate`, `obsolete`, `app_suppliers_id`, `app_warehouses_id`, `notes`) VALUES
	(1, 'XXX', NULL, 8, 1, '2019-04-19 21:02:54', '2019-04-19 21:02:54', 1, 1, 0, 1, 1, NULL),
	(2, '91353', NULL, 40, 1, '2019-04-19 21:02:54', '2019-04-19 21:02:54', 1, 1, 0, 1, 1, NULL),
	(3, '91353', NULL, 40, 1, '2019-04-19 21:02:54', '2019-04-19 21:02:54', 1, 1, 0, 1, 1, NULL),
	(4, '91353', NULL, 40, 1, '2019-04-19 21:02:54', '2019-04-19 21:02:54', 1, 1, 0, 1, 1, NULL),
	(5, '91353', NULL, 40, 1, '2019-04-19 21:02:54', '2019-04-19 21:02:54', 1, 1, 0, 1, 1, NULL),
	(6, '91353', NULL, 40, 1, '2019-04-19 21:02:54', '2019-04-19 21:02:54', 1, 1, 0, 1, 1, NULL),
	(7, '91353', NULL, 40, 1, '2019-04-19 21:02:54', '2019-04-19 21:02:54', 1, 1, 0, 1, 1, NULL),
	(8, '91353', NULL, 40, 1, '2019-04-19 21:02:54', '2019-04-19 21:02:54', 1, 1, 0, 1, 1, NULL),
	(9, '91353', NULL, 40, 1, '2019-04-19 21:02:54', '2019-04-19 21:02:54', 1, 1, 0, 1, 1, NULL),
	(10, '91353', NULL, 40, 1, '2019-04-19 21:02:54', '2019-04-19 21:02:54', 1, 1, 0, 1, 1, NULL),
	(11, '91353', NULL, 40, 1, '2019-04-19 21:02:54', '2019-04-19 21:02:54', 1, 1, 0, 1, 1, NULL),
	(12, '92010', NULL, 41, 1, '2019-04-19 21:02:54', '2019-04-19 21:02:54', 1, 1, 0, 1, 1, NULL),
	(13, '92010', NULL, 41, 1, '2019-04-19 21:02:54', '2019-04-19 21:02:54', 1, 1, 0, 1, 1, NULL),
	(14, '92010', NULL, 41, 1, '2019-04-19 21:02:54', '2019-04-19 21:02:54', 1, 1, 0, 1, 1, NULL),
	(15, '92010', NULL, 41, 1, '2019-04-19 21:02:54', '2019-04-19 21:02:54', 1, 1, 0, 1, 1, NULL),
	(16, '92010', NULL, 41, 1, '2019-04-19 21:02:54', '2019-04-19 21:02:54', 1, 1, 0, 1, 1, NULL),
	(17, '92010', NULL, 41, 1, '2019-04-19 21:02:54', '2019-04-19 21:02:54', 1, 1, 0, 1, 1, NULL),
	(18, '92010', NULL, 41, 1, '2019-04-19 21:02:54', '2019-04-19 21:02:54', 1, 1, 0, 1, 1, NULL),
	(19, '92010', NULL, 41, 1, '2019-04-19 21:02:54', '2019-04-19 21:02:54', 1, 1, 0, 1, 1, NULL),
	(20, '92010', NULL, 41, 1, '2019-04-19 21:02:54', '2019-04-19 21:02:54', 1, 1, 0, 1, 1, NULL),
	(21, '92010', NULL, 41, 1, '2019-04-19 21:02:54', '2019-04-19 21:02:54', 1, 1, 0, 1, 1, NULL),
	(22, '91352', NULL, 36, 1, '2019-04-19 21:02:54', '2019-04-19 21:02:54', 1, 1, 0, 1, 1, NULL),
	(23, '91352', NULL, 36, 1, '2019-04-19 21:02:54', '2019-04-19 21:02:54', 1, 1, 0, 1, 1, NULL),
	(24, '91352', NULL, 36, 1, '2019-04-19 21:02:54', '2019-04-19 21:02:54', 1, 1, 0, 1, 1, NULL),
	(25, '91352', NULL, 36, 1, '2019-04-19 21:02:54', '2019-04-19 21:02:54', 1, 1, 0, 1, 1, NULL),
	(26, '91352', NULL, 36, 1, '2019-04-19 21:02:55', '2019-04-19 21:02:55', 1, 1, 0, 1, 1, NULL),
	(27, '91352', NULL, 36, 1, '2019-04-19 21:02:55', '2019-04-19 21:02:55', 1, 1, 0, 1, 1, NULL),
	(28, '91352', NULL, 36, 1, '2019-04-19 21:02:55', '2019-04-19 21:02:55', 1, 1, 0, 1, 1, NULL),
	(29, '91352', NULL, 36, 1, '2019-04-19 21:02:55', '2019-04-19 21:02:55', 1, 1, 0, 1, 1, NULL),
	(30, '91352', NULL, 36, 1, '2019-04-19 21:02:55', '2019-04-19 21:02:55', 1, 1, 0, 1, 1, NULL),
	(31, '91352', NULL, 36, 1, '2019-04-19 21:02:55', '2019-04-19 21:02:55', 1, 1, 0, 1, 1, NULL),
	(32, '91776', NULL, 41, 1, '2019-04-19 21:02:55', '2019-04-19 21:02:55', 1, 1, 0, 1, 1, NULL),
	(33, '91776', NULL, 41, 1, '2019-04-19 21:02:55', '2019-04-19 21:02:55', 1, 1, 0, 1, 1, NULL),
	(34, '91776', NULL, 41, 1, '2019-04-19 21:02:55', '2019-04-19 21:02:55', 1, 1, 0, 1, 1, NULL),
	(35, '91776', NULL, 41, 1, '2019-04-19 21:02:55', '2019-04-19 21:02:55', 1, 1, 0, 1, 1, NULL),
	(36, '91776', NULL, 41, 1, '2019-04-19 21:02:55', '2019-04-19 21:02:55', 1, 1, 0, 1, 1, NULL),
	(37, '91713', NULL, 56, 1, '2019-04-19 21:02:55', '2019-04-19 21:02:55', 1, 1, 0, 1, 1, NULL),
	(38, '91713', NULL, 56, 1, '2019-04-19 21:02:55', '2019-04-19 21:02:55', 1, 1, 0, 1, 1, NULL),
	(39, '91713', NULL, 56, 1, '2019-04-19 21:02:55', '2019-04-19 21:02:55', 1, 1, 0, 1, 1, NULL),
	(40, '91713', NULL, 56, 1, '2019-04-19 21:02:55', '2019-04-19 21:02:55', 1, 1, 0, 1, 1, NULL),
	(41, '91713', NULL, 56, 1, '2019-04-19 21:02:55', '2019-04-19 21:02:55', 1, 1, 0, 1, 1, NULL),
	(42, '91217', NULL, 37, 1, '2019-04-19 21:02:55', '2019-04-19 21:02:55', 1, 1, 0, 1, 1, NULL),
	(43, '91217', NULL, 37, 1, '2019-04-19 21:02:55', '2019-04-19 21:02:55', 1, 1, 0, 1, 1, NULL),
	(44, '91217', NULL, 37, 1, '2019-04-19 21:02:55', '2019-04-19 21:02:55', 1, 1, 0, 1, 1, NULL),
	(45, '91217', NULL, 37, 1, '2019-04-19 21:02:55', '2019-04-19 21:02:55', 1, 1, 0, 1, 1, NULL),
	(46, '91217', NULL, 37, 1, '2019-04-19 21:02:55', '2019-04-19 21:02:55', 1, 1, 0, 1, 1, NULL),
	(47, '91217', NULL, 37, 1, '2019-04-19 21:02:55', '2019-04-19 21:02:55', 1, 1, 0, 1, 1, NULL),
	(48, '91217', NULL, 37, 1, '2019-04-19 21:02:55', '2019-04-19 21:02:55', 1, 1, 0, 1, 1, NULL),
	(49, '91217', NULL, 37, 1, '2019-04-19 21:02:55', '2019-04-19 21:02:55', 1, 1, 0, 1, 1, NULL),
	(50, '91217', NULL, 37, 1, '2019-04-19 21:02:55', '2019-04-19 21:02:55', 1, 1, 0, 1, 1, NULL),
	(51, '91217', NULL, 37, 1, '2019-04-19 21:02:55', '2019-04-19 21:02:55', 1, 1, 0, 1, 1, NULL),
	(52, '91217', NULL, 37, 1, '2019-04-19 21:02:55', '2019-04-19 21:02:55', 1, 1, 0, 1, 1, NULL),
	(53, '91217', NULL, 37, 1, '2019-04-19 21:02:55', '2019-04-19 21:02:55', 1, 1, 0, 1, 1, NULL),
	(54, '91217', NULL, 37, 1, '2019-04-19 21:02:55', '2019-04-19 21:02:55', 1, 1, 0, 1, 1, NULL),
	(55, '91217', NULL, 37, 1, '2019-04-19 21:02:55', '2019-04-19 21:02:55', 1, 1, 0, 1, 1, NULL),
	(56, '91217', NULL, 37, 1, '2019-04-19 21:02:55', '2019-04-19 21:02:55', 1, 1, 0, 1, 1, NULL),
	(57, '91217', NULL, 37, 1, '2019-04-19 21:02:55', '2019-04-19 21:02:55', 1, 1, 0, 1, 1, NULL),
	(58, '91217', NULL, 37, 1, '2019-04-19 21:02:55', '2019-04-19 21:02:55', 1, 1, 0, 1, 1, NULL),
	(59, '91217', NULL, 37, 1, '2019-04-19 21:02:55', '2019-04-19 21:02:55', 1, 1, 0, 1, 1, NULL),
	(60, '91814', NULL, 51, 1, '2019-04-19 21:02:55', '2019-04-19 21:02:55', 1, 1, 0, 1, 1, NULL),
	(61, '91814', NULL, 51, 1, '2019-04-19 21:02:55', '2019-04-19 21:02:55', 1, 1, 0, 1, 1, NULL),
	(62, '91814', NULL, 51, 1, '2019-04-19 21:02:55', '2019-04-19 21:02:55', 1, 1, 0, 1, 1, NULL),
	(63, '91814', NULL, 51, 1, '2019-04-19 21:02:55', '2019-04-19 21:02:55', 1, 1, 0, 1, 1, NULL),
	(64, '91814', NULL, 51, 1, '2019-04-19 21:02:55', '2019-04-19 21:02:55', 1, 1, 0, 1, 1, NULL),
	(65, 'XXX', NULL, 42, 1, '2019-04-19 21:02:55', '2019-04-19 21:02:55', 1, 1, 0, 1, 1, NULL),
	(66, 'XXX', NULL, 42, 1, '2019-04-19 21:02:55', '2019-04-19 21:02:55', 1, 1, 0, 1, 1, NULL),
	(67, 'XXX', NULL, 42, 1, '2019-04-19 21:02:55', '2019-04-19 21:02:55', 1, 1, 0, 1, 1, NULL),
	(68, 'XXX', NULL, 42, 1, '2019-04-19 21:02:55', '2019-04-19 21:02:55', 1, 1, 0, 1, 1, NULL),
	(69, 'XXX', NULL, 42, 1, '2019-04-19 21:02:55', '2019-04-19 21:02:55', 1, 1, 0, 1, 1, NULL),
	(70, 'MIK MAK', NULL, 40, 1, '2019-04-19 21:02:55', '2019-04-19 21:02:55', 1, 1, 0, 1, 1, NULL),
	(71, 'MIK MAK', NULL, 40, 1, '2019-04-19 21:02:55', '2019-04-19 21:02:55', 1, 1, 0, 1, 1, NULL),
	(72, 'MIK MAK', NULL, 40, 1, '2019-04-19 21:02:55', '2019-04-19 21:02:55', 1, 1, 0, 1, 1, NULL),
	(73, 'MIK MAK', NULL, 40, 1, '2019-04-19 21:02:55', '2019-04-19 21:02:55', 1, 1, 0, 1, 1, NULL),
	(74, 'XXX', NULL, 35, 1, '2019-04-19 21:02:55', '2019-04-19 21:02:55', 1, 1, 0, 1, 1, NULL),
	(75, 'XXX', NULL, 35, 1, '2019-04-19 21:02:55', '2019-04-19 21:02:55', 1, 1, 0, 1, 1, NULL),
	(76, 'XXX', NULL, 35, 1, '2019-04-19 21:02:55', '2019-04-19 21:02:55', 1, 1, 0, 1, 1, NULL),
	(77, 'XXX', NULL, 35, 1, '2019-04-19 21:02:55', '2019-04-19 21:02:55', 1, 1, 0, 1, 1, NULL),
	(78, 'XXX', NULL, 35, 1, '2019-04-19 21:02:55', '2019-04-19 21:02:55', 1, 1, 0, 1, 1, NULL),
	(79, 'XXX', NULL, 32, 1, '2019-04-19 21:02:55', '2019-04-19 21:02:55', 1, 1, 0, 1, 1, NULL),
	(80, 'XXX', NULL, 32, 1, '2019-04-19 21:02:55', '2019-04-19 21:02:55', 1, 1, 0, 1, 1, NULL),
	(81, 'XXX', NULL, 32, 1, '2019-04-19 21:02:55', '2019-04-19 21:02:55', 1, 1, 0, 1, 1, NULL),
	(82, 'XXX', NULL, 32, 1, '2019-04-19 21:02:55', '2019-04-19 21:02:55', 1, 1, 0, 1, 1, NULL),
	(83, 'XXX', NULL, 32, 1, '2019-04-19 21:02:55', '2019-04-19 21:02:55', 1, 1, 0, 1, 1, NULL),
	(84, '91215', NULL, 37, 1, '2019-04-19 21:02:55', '2019-04-19 21:02:55', 1, 1, 0, 1, 1, NULL),
	(85, '91215', NULL, 37, 1, '2019-04-19 21:02:55', '2019-04-19 21:02:55', 1, 1, 0, 1, 1, NULL),
	(86, '91215', NULL, 37, 1, '2019-04-19 21:02:55', '2019-04-19 21:02:55', 1, 1, 0, 1, 1, NULL),
	(87, '91215', NULL, 37, 1, '2019-04-19 21:02:55', '2019-04-19 21:02:55', 1, 1, 0, 1, 1, NULL),
	(88, '91215', NULL, 37, 1, '2019-04-19 21:02:55', '2019-04-19 21:02:55', 1, 1, 0, 1, 1, NULL),
	(89, '91215', NULL, 37, 1, '2019-04-19 21:02:55', '2019-04-19 21:02:55', 1, 1, 0, 1, 1, NULL),
	(90, '91215', NULL, 37, 1, '2019-04-19 21:02:55', '2019-04-19 21:02:55', 1, 1, 0, 1, 1, NULL),
	(91, '91215', NULL, 37, 1, '2019-04-19 21:02:55', '2019-04-19 21:02:55', 1, 1, 0, 1, 1, NULL),
	(92, '91215', NULL, 37, 1, '2019-04-19 21:02:55', '2019-04-19 21:02:55', 1, 1, 0, 1, 1, NULL),
	(93, '91215', NULL, 37, 1, '2019-04-19 21:02:55', '2019-04-19 21:02:55', 1, 1, 0, 1, 1, NULL),
	(94, '91610', NULL, 35, 1, '2019-04-19 21:02:55', '2019-04-19 21:02:55', 1, 1, 0, 1, 1, NULL),
	(95, '91610', NULL, 35, 1, '2019-04-19 21:02:55', '2019-04-19 21:02:55', 1, 1, 0, 1, 1, NULL),
	(96, '91610', NULL, 35, 1, '2019-04-19 21:02:55', '2019-04-19 21:02:55', 1, 1, 0, 1, 1, NULL),
	(97, '91610', NULL, 35, 1, '2019-04-19 21:02:55', '2019-04-19 21:02:55', 1, 1, 0, 1, 1, NULL),
	(98, 'BACIPIEGA', NULL, 15, 1, '2019-04-19 21:02:55', '2019-04-19 21:02:55', 1, 1, 0, 1, 1, NULL),
	(99, 'BACIPIEGA', NULL, 15, 1, '2019-04-19 21:02:55', '2019-04-19 21:02:55', 1, 1, 0, 1, 1, NULL),
	(100, 'BACIPIEGA', NULL, 15, 1, '2019-04-19 21:02:55', '2019-04-19 21:02:55', 1, 1, 0, 1, 1, NULL),
	(101, 'BACIPIEGA', NULL, 15, 1, '2019-04-19 21:02:55', '2019-04-19 21:02:55', 1, 1, 0, 1, 1, NULL),
	(102, 'XXX', NULL, 37, 1, '2019-04-19 21:02:55', '2019-04-19 21:02:55', 1, 1, 0, 1, 1, NULL),
	(103, 'XXX', NULL, 37, 1, '2019-04-19 21:02:55', '2019-04-19 21:02:55', 1, 1, 0, 1, 1, NULL),
	(104, 'XXX', NULL, 37, 1, '2019-04-19 21:02:55', '2019-04-19 21:02:55', 1, 1, 0, 1, 1, NULL),
	(105, 'XXX', NULL, 37, 1, '2019-04-19 21:02:55', '2019-04-19 21:02:55', 1, 1, 0, 1, 1, NULL),
	(106, 'XXX', NULL, 37, 1, '2019-04-19 21:02:55', '2019-04-19 21:02:55', 1, 1, 0, 1, 1, NULL),
	(107, '98119', NULL, 35, 1, '2019-04-19 21:02:55', '2019-04-19 21:02:55', 1, 1, 0, 1, 1, NULL),
	(108, '98119', NULL, 35, 1, '2019-04-19 21:02:55', '2019-04-19 21:02:55', 1, 1, 0, 1, 1, NULL),
	(109, '98119', NULL, 35, 1, '2019-04-19 21:02:55', '2019-04-19 21:02:55', 1, 1, 0, 1, 1, NULL),
	(110, '98119', NULL, 35, 1, '2019-04-19 21:02:55', '2019-04-19 21:02:55', 1, 1, 0, 1, 1, NULL),
	(111, '98119', NULL, 35, 1, '2019-04-19 21:02:55', '2019-04-19 21:02:55', 1, 1, 0, 1, 1, NULL),
	(112, '98119', NULL, 35, 1, '2019-04-19 21:02:55', '2019-04-19 21:02:55', 1, 1, 0, 1, 1, NULL),
	(113, '98119', NULL, 35, 1, '2019-04-19 21:02:55', '2019-04-19 21:02:55', 1, 1, 0, 1, 1, NULL),
	(114, '98119', NULL, 35, 1, '2019-04-19 21:02:55', '2019-04-19 21:02:55', 1, 1, 0, 1, 1, NULL),
	(115, '98119', NULL, 35, 1, '2019-04-19 21:02:55', '2019-04-19 21:02:55', 1, 1, 0, 1, 1, NULL),
	(116, '98119', NULL, 35, 1, '2019-04-19 21:02:55', '2019-04-19 21:02:55', 1, 1, 0, 1, 1, NULL),
	(117, '98119', NULL, 35, 1, '2019-04-19 21:02:55', '2019-04-19 21:02:55', 1, 1, 0, 1, 1, NULL),
	(118, '98119', NULL, 35, 1, '2019-04-19 21:02:55', '2019-04-19 21:02:55', 1, 1, 0, 1, 1, NULL),
	(119, '92005', NULL, 34, 1, '2019-04-19 21:02:55', '2019-04-19 21:02:55', 1, 1, 0, 1, 1, NULL),
	(120, '92005', NULL, 34, 1, '2019-04-19 21:02:55', '2019-04-19 21:02:55', 1, 1, 0, 1, 1, NULL),
	(121, '92005', NULL, 34, 1, '2019-04-19 21:02:55', '2019-04-19 21:02:55', 1, 1, 0, 1, 1, NULL),
	(122, '92005', NULL, 34, 1, '2019-04-19 21:02:55', '2019-04-19 21:02:55', 1, 1, 0, 1, 1, NULL),
	(123, '92005', NULL, 34, 1, '2019-04-19 21:02:55', '2019-04-19 21:02:55', 1, 1, 0, 1, 1, NULL),
	(124, '92005', NULL, 34, 1, '2019-04-19 21:02:55', '2019-04-19 21:02:55', 1, 1, 0, 1, 1, NULL),
	(125, '92005', NULL, 34, 1, '2019-04-19 21:02:55', '2019-04-19 21:02:55', 1, 1, 0, 1, 1, NULL),
	(126, '92005', NULL, 34, 1, '2019-04-19 21:02:55', '2019-04-19 21:02:55', 1, 1, 0, 1, 1, NULL),
	(127, '92005', NULL, 34, 1, '2019-04-19 21:02:55', '2019-04-19 21:02:55', 1, 1, 0, 1, 1, NULL),
	(128, '92005', NULL, 34, 1, '2019-04-19 21:02:55', '2019-04-19 21:02:55', 1, 1, 0, 1, 1, NULL),
	(129, '91761', NULL, 37, 1, '2019-04-19 21:02:55', '2019-04-19 21:02:55', 1, 1, 0, 1, 1, NULL),
	(130, '91761', NULL, 37, 1, '2019-04-19 21:02:55', '2019-04-19 21:02:55', 1, 1, 0, 1, 1, NULL),
	(131, '91761', NULL, 37, 1, '2019-04-19 21:02:56', '2019-04-19 21:02:56', 1, 1, 0, 1, 1, NULL),
	(132, '91761', NULL, 37, 1, '2019-04-19 21:02:56', '2019-04-19 21:02:56', 1, 1, 0, 1, 1, NULL),
	(133, '91761', NULL, 37, 1, '2019-04-19 21:02:56', '2019-04-19 21:02:56', 1, 1, 0, 1, 1, NULL),
	(134, 'XXX', NULL, 40, 1, '2019-04-19 21:02:56', '2019-04-19 21:02:56', 1, 1, 0, 1, 1, NULL),
	(135, 'XXX', NULL, 40, 1, '2019-04-19 21:02:56', '2019-04-19 21:02:56', 1, 1, 0, 1, 1, NULL),
	(136, 'XXX', NULL, 40, 1, '2019-04-19 21:02:56', '2019-04-19 21:02:56', 1, 1, 0, 1, 1, NULL),
	(137, 'XXX', NULL, 40, 1, '2019-04-19 21:02:56', '2019-04-19 21:02:56', 1, 1, 0, 1, 1, NULL),
	(138, 'XXX', NULL, 30, 1, '2019-04-19 21:02:56', '2019-04-19 21:02:56', 1, 1, 0, 1, 1, NULL),
	(139, 'XXX', NULL, 30, 1, '2019-04-19 21:02:56', '2019-04-19 21:02:56', 1, 1, 0, 1, 1, NULL),
	(140, 'XXX', NULL, 30, 1, '2019-04-19 21:02:56', '2019-04-19 21:02:56', 1, 1, 0, 1, 1, NULL),
	(141, 'XXX', NULL, 30, 1, '2019-04-19 21:02:56', '2019-04-19 21:02:56', 1, 1, 0, 1, 1, NULL),
	(142, 'XXX', NULL, 30, 1, '2019-04-19 21:02:56', '2019-04-19 21:02:56', 1, 1, 0, 1, 1, NULL),
	(143, '91518', NULL, 29, 1, '2019-04-19 21:02:56', '2019-04-19 21:02:56', 1, 1, 0, 1, 1, NULL),
	(144, '91518', NULL, 29, 1, '2019-04-19 21:02:56', '2019-04-19 21:02:56', 1, 1, 0, 1, 1, NULL),
	(145, '91518', NULL, 29, 1, '2019-04-19 21:02:56', '2019-04-19 21:02:56', 1, 1, 0, 1, 1, NULL),
	(146, '91518', NULL, 29, 1, '2019-04-19 21:02:56', '2019-04-19 21:02:56', 1, 1, 0, 1, 1, NULL),
	(147, '91518', NULL, 29, 1, '2019-04-19 21:02:56', '2019-04-19 21:02:56', 1, 1, 0, 1, 1, NULL),
	(148, '91518', NULL, 29, 1, '2019-04-19 21:02:56', '2019-04-19 21:02:56', 1, 1, 0, 1, 1, NULL),
	(149, '91537', NULL, 33, 1, '2019-04-19 21:02:56', '2019-04-19 21:02:56', 1, 1, 0, 1, 1, NULL),
	(150, '91537', NULL, 33, 1, '2019-04-19 21:02:56', '2019-04-19 21:02:56', 1, 1, 0, 1, 1, NULL),
	(151, '91537', NULL, 33, 1, '2019-04-19 21:02:56', '2019-04-19 21:02:56', 1, 1, 0, 1, 1, NULL),
	(152, '91537', NULL, 33, 1, '2019-04-19 21:02:56', '2019-04-19 21:02:56', 1, 1, 0, 1, 1, NULL),
	(153, '91537', NULL, 33, 1, '2019-04-19 21:02:56', '2019-04-19 21:02:56', 1, 1, 0, 1, 1, NULL),
	(154, '91537', NULL, 33, 1, '2019-04-19 21:02:56', '2019-04-19 21:02:56', 1, 1, 0, 1, 1, NULL),
	(155, '91721', NULL, 31, 1, '2019-04-19 21:02:56', '2019-04-19 21:02:56', 1, 1, 0, 1, 1, NULL),
	(156, '91721', NULL, 31, 1, '2019-04-19 21:02:56', '2019-04-19 21:02:56', 1, 1, 0, 1, 1, NULL),
	(157, '91721', NULL, 31, 1, '2019-04-19 21:02:56', '2019-04-19 21:02:56', 1, 1, 0, 1, 1, NULL),
	(158, '91721', NULL, 31, 1, '2019-04-19 21:02:56', '2019-04-19 21:02:56', 1, 1, 0, 1, 1, NULL),
	(159, '91721', NULL, 31, 1, '2019-04-19 21:02:56', '2019-04-19 21:02:56', 1, 1, 0, 1, 1, NULL),
	(160, '91721', NULL, 31, 1, '2019-04-19 21:02:56', '2019-04-19 21:02:56', 1, 1, 0, 1, 1, NULL),
	(161, '91790', NULL, 40, 1, '2019-04-19 21:02:56', '2019-04-19 21:02:56', 1, 1, 0, 1, 1, NULL),
	(162, '91790', NULL, 40, 1, '2019-04-19 21:02:56', '2019-04-19 21:02:56', 1, 1, 0, 1, 1, NULL),
	(163, '91790', NULL, 40, 1, '2019-04-19 21:02:56', '2019-04-19 21:02:56', 1, 1, 0, 1, 1, NULL),
	(164, '91790', NULL, 40, 1, '2019-04-19 21:02:56', '2019-04-19 21:02:56', 1, 1, 0, 1, 1, NULL),
	(165, '91790', NULL, 40, 1, '2019-04-19 21:02:56', '2019-04-19 21:02:56', 1, 1, 0, 1, 1, NULL),
	(166, '91215', NULL, 37, 1, '2019-04-19 21:02:56', '2019-04-19 21:02:56', 1, 1, 0, 1, 1, NULL),
	(167, '91215', NULL, 37, 1, '2019-04-19 21:02:56', '2019-04-19 21:02:56', 1, 1, 0, 1, 1, NULL),
	(168, '91215', NULL, 37, 1, '2019-04-19 21:02:56', '2019-04-19 21:02:56', 1, 1, 0, 1, 1, NULL),
	(169, '91215', NULL, 37, 1, '2019-04-19 21:02:56', '2019-04-19 21:02:56', 1, 1, 0, 1, 1, NULL),
	(170, '91215', NULL, 37, 1, '2019-04-19 21:02:56', '2019-04-19 21:02:56', 1, 1, 0, 1, 1, NULL),
	(171, '91215', NULL, 37, 1, '2019-04-19 21:02:56', '2019-04-19 21:02:56', 1, 1, 0, 1, 1, NULL),
	(172, '91215', NULL, 37, 1, '2019-04-19 21:02:56', '2019-04-19 21:02:56', 1, 1, 0, 1, 1, NULL),
	(173, '91215', NULL, 37, 1, '2019-04-19 21:02:56', '2019-04-19 21:02:56', 1, 1, 0, 1, 1, NULL),
	(174, '91215', NULL, 37, 1, '2019-04-19 21:02:56', '2019-04-19 21:02:56', 1, 1, 0, 1, 1, NULL),
	(175, '91215', NULL, 37, 1, '2019-04-19 21:02:56', '2019-04-19 21:02:56', 1, 1, 0, 1, 1, NULL),
	(176, '91215', NULL, 37, 1, '2019-04-19 21:02:56', '2019-04-19 21:02:56', 1, 1, 0, 1, 1, NULL),
	(177, '91215', NULL, 37, 1, '2019-04-19 21:02:56', '2019-04-19 21:02:56', 1, 1, 0, 1, 1, NULL),
	(178, 'XXX', NULL, 48, 1, '2019-04-19 21:02:56', '2019-04-19 21:02:56', 1, 1, 0, 1, 1, NULL),
	(179, 'XXX', NULL, 48, 1, '2019-04-19 21:02:56', '2019-04-19 21:02:56', 1, 1, 0, 1, 1, NULL),
	(180, 'XXX', NULL, 48, 1, '2019-04-19 21:02:56', '2019-04-19 21:02:56', 1, 1, 0, 1, 1, NULL),
	(181, 'XXX', NULL, 48, 1, '2019-04-19 21:02:56', '2019-04-19 21:02:56', 1, 1, 0, 1, 1, NULL),
	(182, '98987', NULL, 9, 1, '2019-04-19 21:02:56', '2019-04-19 21:02:56', 1, 1, 0, 1, 1, NULL),
	(183, '98987', NULL, 9, 1, '2019-04-19 21:02:56', '2019-04-19 21:02:56', 1, 1, 0, 1, 1, NULL),
	(184, '98987', NULL, 9, 1, '2019-04-19 21:02:56', '2019-04-19 21:02:56', 1, 1, 0, 1, 1, NULL),
	(185, '98987', NULL, 9, 1, '2019-04-19 21:02:56', '2019-04-19 21:02:56', 1, 1, 0, 1, 1, NULL),
	(186, '98987', NULL, 9, 1, '2019-04-19 21:02:56', '2019-04-19 21:02:56', 1, 1, 0, 1, 1, NULL),
	(187, '98987', NULL, 9, 1, '2019-04-19 21:02:56', '2019-04-19 21:02:56', 1, 1, 0, 1, 1, NULL),
	(188, '91623', NULL, 29, 1, '2019-04-19 21:02:56', '2019-04-19 21:02:56', 1, 1, 0, 1, 1, NULL),
	(189, '91623', NULL, 29, 1, '2019-04-19 21:02:56', '2019-04-19 21:02:56', 1, 1, 0, 1, 1, NULL),
	(190, '91623', NULL, 29, 1, '2019-04-19 21:02:56', '2019-04-19 21:02:56', 1, 1, 0, 1, 1, NULL),
	(191, '91623', NULL, 29, 1, '2019-04-19 21:02:56', '2019-04-19 21:02:56', 1, 1, 0, 1, 1, NULL),
	(192, '10013', NULL, 29, 1, '2019-04-19 21:02:56', '2019-04-19 21:02:56', 1, 1, 0, 1, 1, NULL),
	(193, '10013', NULL, 29, 1, '2019-04-19 21:02:56', '2019-04-19 21:02:56', 1, 1, 0, 1, 1, NULL),
	(194, '10013', NULL, 29, 1, '2019-04-19 21:02:56', '2019-04-19 21:02:56', 1, 1, 0, 1, 1, NULL),
	(195, '10013', NULL, 29, 1, '2019-04-19 21:02:56', '2019-04-19 21:02:56', 1, 1, 0, 1, 1, NULL),
	(196, '10013', NULL, 29, 1, '2019-04-19 21:02:56', '2019-04-19 21:02:56', 1, 1, 0, 1, 1, NULL),
	(197, '10013', NULL, 29, 1, '2019-04-19 21:02:56', '2019-04-19 21:02:56', 1, 1, 0, 1, 1, NULL),
	(198, '10013', NULL, 29, 1, '2019-04-19 21:02:56', '2019-04-19 21:02:56', 1, 1, 0, 1, 1, NULL),
	(199, '10013', NULL, 29, 1, '2019-04-19 21:02:56', '2019-04-19 21:02:56', 1, 1, 0, 1, 1, NULL),
	(200, '10013', NULL, 29, 1, '2019-04-19 21:02:56', '2019-04-19 21:02:56', 1, 1, 0, 1, 1, NULL),
	(201, '10013', NULL, 29, 1, '2019-04-19 21:02:56', '2019-04-19 21:02:56', 1, 1, 0, 1, 1, NULL),
	(202, '10013', NULL, 29, 1, '2019-04-19 21:02:56', '2019-04-19 21:02:56', 1, 1, 0, 1, 1, NULL),
	(203, '10013', NULL, 29, 1, '2019-04-19 21:02:56', '2019-04-19 21:02:56', 1, 1, 0, 1, 1, NULL),
	(204, '10013', NULL, 29, 1, '2019-04-19 21:02:56', '2019-04-19 21:02:56', 1, 1, 0, 1, 1, NULL),
	(205, '10013', NULL, 29, 1, '2019-04-19 21:02:56', '2019-04-19 21:02:56', 1, 1, 0, 1, 1, NULL),
	(206, '10013', NULL, 29, 1, '2019-04-19 21:02:56', '2019-04-19 21:02:56', 1, 1, 0, 1, 1, NULL),
	(207, 'XXX', NULL, 28, 1, '2019-04-19 21:02:56', '2019-04-19 21:02:56', 1, 1, 0, 1, 1, NULL),
	(208, 'XXX', NULL, 28, 1, '2019-04-19 21:02:56', '2019-04-19 21:02:56', 1, 1, 0, 1, 1, NULL),
	(209, 'XXX', NULL, 28, 1, '2019-04-19 21:02:56', '2019-04-19 21:02:56', 1, 1, 0, 1, 1, NULL),
	(210, 'XXX', NULL, 22, 1, '2019-04-19 21:02:56', '2019-04-19 21:02:56', 1, 1, 0, 1, 1, NULL),
	(211, 'XXX', NULL, 22, 1, '2019-04-19 21:02:56', '2019-04-19 21:02:56', 1, 1, 0, 1, 1, NULL),
	(212, 'XXX', NULL, 22, 1, '2019-04-19 21:02:56', '2019-04-19 21:02:56', 1, 1, 0, 1, 1, NULL),
	(213, 'XXX', NULL, 22, 1, '2019-04-19 21:02:56', '2019-04-19 21:02:56', 1, 1, 0, 1, 1, NULL),
	(214, '10008', NULL, 25, 1, '2019-04-19 21:02:56', '2019-04-19 21:02:56', 1, 1, 0, 1, 1, NULL),
	(215, '10008', NULL, 25, 1, '2019-04-19 21:02:56', '2019-04-19 21:02:56', 1, 1, 0, 1, 1, NULL),
	(216, '10008', NULL, 25, 1, '2019-04-19 21:02:56', '2019-04-19 21:02:56', 1, 1, 0, 1, 1, NULL),
	(217, '10008', NULL, 25, 1, '2019-04-19 21:02:56', '2019-04-19 21:02:56', 1, 1, 0, 1, 1, NULL),
	(218, '10008', NULL, 25, 1, '2019-04-19 21:02:56', '2019-04-19 21:02:56', 1, 1, 0, 1, 1, NULL),
	(219, '91620', NULL, 31, 1, '2019-04-19 21:02:56', '2019-04-19 21:02:56', 1, 1, 0, 1, 1, NULL),
	(220, '91620', NULL, 31, 1, '2019-04-19 21:02:56', '2019-04-19 21:02:56', 1, 1, 0, 1, 1, NULL),
	(221, '91620', NULL, 31, 1, '2019-04-19 21:02:56', '2019-04-19 21:02:56', 1, 1, 0, 1, 1, NULL),
	(222, '91620', NULL, 31, 1, '2019-04-19 21:02:56', '2019-04-19 21:02:56', 1, 1, 0, 1, 1, NULL),
	(223, '91620', NULL, 31, 1, '2019-04-19 21:02:56', '2019-04-19 21:02:56', 1, 1, 0, 1, 1, NULL),
	(224, '91620', NULL, 31, 1, '2019-04-19 21:02:56', '2019-04-19 21:02:56', 1, 1, 0, 1, 1, NULL),
	(225, '91620', NULL, 31, 1, '2019-04-19 21:02:56', '2019-04-19 21:02:56', 1, 1, 0, 1, 1, NULL),
	(226, '91620', NULL, 31, 1, '2019-04-19 21:02:56', '2019-04-19 21:02:56', 1, 1, 0, 1, 1, NULL),
	(227, '91620', NULL, 31, 1, '2019-04-19 21:02:56', '2019-04-19 21:02:56', 1, 1, 0, 1, 1, NULL),
	(228, '91620', NULL, 31, 1, '2019-04-19 21:02:56', '2019-04-19 21:02:56', 1, 1, 0, 1, 1, NULL),
	(229, '91620', NULL, 31, 1, '2019-04-19 21:02:56', '2019-04-19 21:02:56', 1, 1, 0, 1, 1, NULL),
	(230, '91620', NULL, 31, 1, '2019-04-19 21:02:56', '2019-04-19 21:02:56', 1, 1, 0, 1, 1, NULL),
	(231, '91620', NULL, 31, 1, '2019-04-19 21:02:56', '2019-04-19 21:02:56', 1, 1, 0, 1, 1, NULL),
	(232, '91620', NULL, 31, 1, '2019-04-19 21:02:56', '2019-04-19 21:02:56', 1, 1, 0, 1, 1, NULL),
	(233, '91620', NULL, 31, 1, '2019-04-19 21:02:56', '2019-04-19 21:02:56', 1, 1, 0, 1, 1, NULL),
	(234, '91620', NULL, 31, 1, '2019-04-19 21:02:56', '2019-04-19 21:02:56', 1, 1, 0, 1, 1, NULL),
	(235, '91620', NULL, 31, 1, '2019-04-19 21:02:56', '2019-04-19 21:02:56', 1, 1, 0, 1, 1, NULL),
	(236, '91620', NULL, 31, 1, '2019-04-19 21:02:56', '2019-04-19 21:02:56', 1, 1, 0, 1, 1, NULL),
	(237, '91620', NULL, 31, 1, '2019-04-19 21:02:56', '2019-04-19 21:02:56', 1, 1, 0, 1, 1, NULL),
	(238, '91620', NULL, 31, 1, '2019-04-19 21:02:56', '2019-04-19 21:02:56', 1, 1, 0, 1, 1, NULL),
	(239, '91620', NULL, 31, 1, '2019-04-19 21:02:56', '2019-04-19 21:02:56', 1, 1, 0, 1, 1, NULL),
	(240, '91620', NULL, 31, 1, '2019-04-19 21:02:56', '2019-04-19 21:02:56', 1, 1, 0, 1, 1, NULL),
	(241, '91620', NULL, 31, 1, '2019-04-19 21:02:56', '2019-04-19 21:02:56', 1, 1, 0, 1, 1, NULL),
	(242, '91620', NULL, 31, 1, '2019-04-19 21:02:56', '2019-04-19 21:02:56', 1, 1, 0, 1, 1, NULL),
	(243, '91620', NULL, 31, 1, '2019-04-19 21:02:56', '2019-04-19 21:02:56', 1, 1, 0, 1, 1, NULL),
	(244, '91620', NULL, 31, 1, '2019-04-19 21:02:56', '2019-04-19 21:02:56', 1, 1, 0, 1, 1, NULL),
	(245, '91620', NULL, 31, 1, '2019-04-19 21:02:56', '2019-04-19 21:02:56', 1, 1, 0, 1, 1, NULL),
	(246, '91620', NULL, 31, 1, '2019-04-19 21:02:57', '2019-04-19 21:02:57', 1, 1, 0, 1, 1, NULL),
	(247, '91620', NULL, 31, 1, '2019-04-19 21:02:57', '2019-04-19 21:02:57', 1, 1, 0, 1, 1, NULL),
	(248, '91620', NULL, 31, 1, '2019-04-19 21:02:57', '2019-04-19 21:02:57', 1, 1, 0, 1, 1, NULL),
	(249, '91534', NULL, 37, 1, '2019-04-19 21:02:57', '2019-04-19 21:02:57', 1, 1, 0, 1, 1, NULL),
	(250, '91534', NULL, 37, 1, '2019-04-19 21:02:57', '2019-04-19 21:02:57', 1, 1, 0, 1, 1, NULL),
	(251, '91534', NULL, 37, 1, '2019-04-19 21:02:57', '2019-04-19 21:02:57', 1, 1, 0, 1, 1, NULL),
	(252, '91534', NULL, 37, 1, '2019-04-19 21:02:57', '2019-04-19 21:02:57', 1, 1, 0, 1, 1, NULL),
	(253, '91534', NULL, 37, 1, '2019-04-19 21:02:57', '2019-04-19 21:02:57', 1, 1, 0, 1, 1, NULL),
	(254, '91534', NULL, 37, 1, '2019-04-19 21:02:57', '2019-04-19 21:02:57', 1, 1, 0, 1, 1, NULL),
	(255, '91534', NULL, 37, 1, '2019-04-19 21:02:57', '2019-04-19 21:02:57', 1, 1, 0, 1, 1, NULL),
	(256, '91534', NULL, 37, 1, '2019-04-19 21:02:57', '2019-04-19 21:02:57', 1, 1, 0, 1, 1, NULL),
	(257, '91534', NULL, 37, 1, '2019-04-19 21:02:57', '2019-04-19 21:02:57', 1, 1, 0, 1, 1, NULL),
	(258, '91534', NULL, 37, 1, '2019-04-19 21:02:57', '2019-04-19 21:02:57', 1, 1, 0, 1, 1, NULL),
	(259, '91534', NULL, 37, 1, '2019-04-19 21:02:57', '2019-04-19 21:02:57', 1, 1, 0, 1, 1, NULL),
	(260, '91534', NULL, 37, 1, '2019-04-19 21:02:57', '2019-04-19 21:02:57', 1, 1, 0, 1, 1, NULL),
	(261, '91534', NULL, 37, 1, '2019-04-19 21:02:57', '2019-04-19 21:02:57', 1, 1, 0, 1, 1, NULL),
	(262, '91534', NULL, 37, 1, '2019-04-19 21:02:57', '2019-04-19 21:02:57', 1, 1, 0, 1, 1, NULL),
	(263, '91534', NULL, 37, 1, '2019-04-19 21:02:57', '2019-04-19 21:02:57', 1, 1, 0, 1, 1, NULL),
	(264, '91534', NULL, 37, 1, '2019-04-19 21:02:57', '2019-04-19 21:02:57', 1, 1, 0, 1, 1, NULL),
	(265, '91534', NULL, 37, 1, '2019-04-19 21:02:57', '2019-04-19 21:02:57', 1, 1, 0, 1, 1, NULL),
	(266, '91534', NULL, 37, 1, '2019-04-19 21:02:57', '2019-04-19 21:02:57', 1, 1, 0, 1, 1, NULL),
	(267, 'XXX', NULL, 51, 1, '2019-04-19 21:02:57', '2019-04-19 21:02:57', 1, 1, 0, 1, 1, NULL),
	(268, 'XXX', NULL, 51, 1, '2019-04-19 21:02:57', '2019-04-19 21:02:57', 1, 1, 0, 1, 1, NULL),
	(269, 'XXX', NULL, 51, 1, '2019-04-19 21:02:57', '2019-04-19 21:02:57', 1, 1, 0, 1, 1, NULL),
	(270, 'XXX', NULL, 51, 1, '2019-04-19 21:02:57', '2019-04-19 21:02:57', 1, 1, 0, 1, 1, NULL),
	(271, '91704', NULL, 26, 1, '2019-04-19 21:02:57', '2019-04-19 21:02:57', 1, 1, 0, 1, 1, NULL),
	(272, '91704', NULL, 26, 1, '2019-04-19 21:02:57', '2019-04-19 21:02:57', 1, 1, 0, 1, 1, NULL),
	(273, '91704', NULL, 26, 1, '2019-04-19 21:02:57', '2019-04-19 21:02:57', 1, 1, 0, 1, 1, NULL),
	(274, '91704', NULL, 26, 1, '2019-04-19 21:02:57', '2019-04-19 21:02:57', 1, 1, 0, 1, 1, NULL),
	(275, '91704', NULL, 26, 1, '2019-04-19 21:02:57', '2019-04-19 21:02:57', 1, 1, 0, 1, 1, NULL),
	(276, '91536', NULL, 40, 1, '2019-04-19 21:02:57', '2019-04-19 21:02:57', 1, 1, 0, 1, 1, NULL),
	(277, '91536', NULL, 40, 1, '2019-04-19 21:02:57', '2019-04-19 21:02:57', 1, 1, 0, 1, 1, NULL),
	(278, '91536', NULL, 40, 1, '2019-04-19 21:02:57', '2019-04-19 21:02:57', 1, 1, 0, 1, 1, NULL),
	(279, '91536', NULL, 40, 1, '2019-04-19 21:02:57', '2019-04-19 21:02:57', 1, 1, 0, 1, 1, NULL),
	(280, '91536', NULL, 40, 1, '2019-04-19 21:02:57', '2019-04-19 21:02:57', 1, 1, 0, 1, 1, NULL),
	(281, '91536', NULL, 40, 1, '2019-04-19 21:02:57', '2019-04-19 21:02:57', 1, 1, 0, 1, 1, NULL),
	(282, '91536', NULL, 40, 1, '2019-04-19 21:02:57', '2019-04-19 21:02:57', 1, 1, 0, 1, 1, NULL),
	(283, '91536', NULL, 40, 1, '2019-04-19 21:02:57', '2019-04-19 21:02:57', 1, 1, 0, 1, 1, NULL),
	(284, '91536', NULL, 40, 1, '2019-04-19 21:02:57', '2019-04-19 21:02:57', 1, 1, 0, 1, 1, NULL),
	(285, '91536', NULL, 40, 1, '2019-04-19 21:02:57', '2019-04-19 21:02:57', 1, 1, 0, 1, 1, NULL),
	(286, '91536', NULL, 40, 1, '2019-04-19 21:02:57', '2019-04-19 21:02:57', 1, 1, 0, 1, 1, NULL),
	(287, '91536', NULL, 40, 1, '2019-04-19 21:02:57', '2019-04-19 21:02:57', 1, 1, 0, 1, 1, NULL),
	(288, '91536', NULL, 40, 1, '2019-04-19 21:02:57', '2019-04-19 21:02:57', 1, 1, 0, 1, 1, NULL),
	(289, '91536', NULL, 40, 1, '2019-04-19 21:02:57', '2019-04-19 21:02:57', 1, 1, 0, 1, 1, NULL),
	(290, '91536', NULL, 40, 1, '2019-04-19 21:02:57', '2019-04-19 21:02:57', 1, 1, 0, 1, 1, NULL),
	(291, 'XXX', NULL, 28, 1, '2019-04-19 21:02:57', '2019-04-19 21:02:57', 1, 1, 0, 1, 1, NULL),
	(292, 'XXX', NULL, 28, 1, '2019-04-19 21:02:57', '2019-04-19 21:02:57', 1, 1, 0, 1, 1, NULL),
	(293, 'XXX', NULL, 28, 1, '2019-04-19 21:02:57', '2019-04-19 21:02:57', 1, 1, 0, 1, 1, NULL),
	(294, 'XXX', NULL, 28, 1, '2019-04-19 21:02:57', '2019-04-19 21:02:57', 1, 1, 0, 1, 1, NULL),
	(295, '91130', NULL, 28, 1, '2019-04-19 21:02:57', '2019-04-19 21:02:57', 1, 1, 0, 1, 1, NULL),
	(296, '91130', NULL, 28, 1, '2019-04-19 21:02:57', '2019-04-19 21:02:57', 1, 1, 0, 1, 1, NULL),
	(297, '91130', NULL, 28, 1, '2019-04-19 21:02:57', '2019-04-19 21:02:57', 1, 1, 0, 1, 1, NULL),
	(298, '91130', NULL, 28, 1, '2019-04-19 21:02:57', '2019-04-19 21:02:57', 1, 1, 0, 1, 1, NULL),
	(299, '91130', NULL, 28, 1, '2019-04-19 21:02:57', '2019-04-19 21:02:57', 1, 1, 0, 1, 1, NULL),
	(300, '91130', NULL, 28, 1, '2019-04-19 21:02:57', '2019-04-19 21:02:57', 1, 1, 0, 1, 1, NULL),
	(301, '91130', NULL, 28, 1, '2019-04-19 21:02:57', '2019-04-19 21:02:57', 1, 1, 0, 1, 1, NULL),
	(302, '91130', NULL, 28, 1, '2019-04-19 21:02:57', '2019-04-19 21:02:57', 1, 1, 0, 1, 1, NULL),
	(303, '91130', NULL, 28, 1, '2019-04-19 21:02:57', '2019-04-19 21:02:57', 1, 1, 0, 1, 1, NULL),
	(304, '91130', NULL, 28, 1, '2019-04-19 21:02:57', '2019-04-19 21:02:57', 1, 1, 0, 1, 1, NULL),
	(305, '91130', NULL, 28, 1, '2019-04-19 21:02:57', '2019-04-19 21:02:57', 1, 1, 0, 1, 1, NULL),
	(306, '91130', NULL, 28, 1, '2019-04-19 21:02:57', '2019-04-19 21:02:57', 1, 1, 0, 1, 1, NULL),
	(307, '91130', NULL, 28, 1, '2019-04-19 21:02:57', '2019-04-19 21:02:57', 1, 1, 0, 1, 1, NULL),
	(308, '91130', NULL, 28, 1, '2019-04-19 21:02:57', '2019-04-19 21:02:57', 1, 1, 0, 1, 1, NULL),
	(309, '91130', NULL, 28, 1, '2019-04-19 21:02:57', '2019-04-19 21:02:57', 1, 1, 0, 1, 1, NULL),
	(310, '95376', NULL, 42, 1, '2019-04-19 21:02:57', '2019-04-19 21:02:57', 1, 1, 0, 1, 1, NULL),
	(311, '95376', NULL, 42, 1, '2019-04-19 21:02:57', '2019-04-19 21:02:57', 1, 1, 0, 1, 1, NULL),
	(312, '95376', NULL, 42, 1, '2019-04-19 21:02:57', '2019-04-19 21:02:57', 1, 1, 0, 1, 1, NULL),
	(313, '95376', NULL, 42, 1, '2019-04-19 21:02:57', '2019-04-19 21:02:57', 1, 1, 0, 1, 1, NULL),
	(314, '95376', NULL, 42, 1, '2019-04-19 21:02:57', '2019-04-19 21:02:57', 1, 1, 0, 1, 1, NULL),
	(315, '95102', NULL, 42, 1, '2019-04-19 21:02:57', '2019-04-19 21:02:57', 1, 1, 0, 1, 1, NULL),
	(316, '95102', NULL, 42, 1, '2019-04-19 21:02:57', '2019-04-19 21:02:57', 1, 1, 0, 1, 1, NULL),
	(317, '95102', NULL, 42, 1, '2019-04-19 21:02:57', '2019-04-19 21:02:57', 1, 1, 0, 1, 1, NULL),
	(318, '95102', NULL, 42, 1, '2019-04-19 21:02:57', '2019-04-19 21:02:57', 1, 1, 0, 1, 1, NULL),
	(319, '95102', NULL, 42, 1, '2019-04-19 21:02:57', '2019-04-19 21:02:57', 1, 1, 0, 1, 1, NULL),
	(320, '95102', NULL, 42, 1, '2019-04-19 21:02:57', '2019-04-19 21:02:57', 1, 1, 0, 1, 1, NULL),
	(321, '95102', NULL, 42, 1, '2019-04-19 21:02:57', '2019-04-19 21:02:57', 1, 1, 0, 1, 1, NULL),
	(322, '95102', NULL, 42, 1, '2019-04-19 21:02:57', '2019-04-19 21:02:57', 1, 1, 0, 1, 1, NULL),
	(323, '95102', NULL, 42, 1, '2019-04-19 21:02:57', '2019-04-19 21:02:57', 1, 1, 0, 1, 1, NULL),
	(324, '95102', NULL, 42, 1, '2019-04-19 21:02:57', '2019-04-19 21:02:57', 1, 1, 0, 1, 1, NULL),
	(325, '95193  (Antonino)', NULL, 42, 1, '2019-04-19 21:02:57', '2019-04-19 21:02:57', 1, 1, 0, 1, 1, NULL),
	(326, '95193  (Antonino)', NULL, 42, 1, '2019-04-19 21:02:57', '2019-04-19 21:02:57', 1, 1, 0, 1, 1, NULL),
	(327, '95193  (Antonino)', NULL, 42, 1, '2019-04-19 21:02:57', '2019-04-19 21:02:57', 1, 1, 0, 1, 1, NULL),
	(328, '95193  (Antonino)', NULL, 42, 1, '2019-04-19 21:02:57', '2019-04-19 21:02:57', 1, 1, 0, 1, 1, NULL),
	(329, '95193  (Antonino)', NULL, 42, 1, '2019-04-19 21:02:57', '2019-04-19 21:02:57', 1, 1, 0, 1, 1, NULL),
	(330, '95193  (Antonino)', NULL, 42, 1, '2019-04-19 21:02:57', '2019-04-19 21:02:57', 1, 1, 0, 1, 1, NULL),
	(331, '95193  (Antonino)', NULL, 42, 1, '2019-04-19 21:02:57', '2019-04-19 21:02:57', 1, 1, 0, 1, 1, NULL),
	(332, '95193  (Antonino)', NULL, 42, 1, '2019-04-19 21:02:57', '2019-04-19 21:02:57', 1, 1, 0, 1, 1, NULL),
	(333, '95193  (Antonino)', NULL, 42, 1, '2019-04-19 21:02:57', '2019-04-19 21:02:57', 1, 1, 0, 1, 1, NULL),
	(334, '95193  (Antonino)', NULL, 42, 1, '2019-04-19 21:02:57', '2019-04-19 21:02:57', 1, 1, 0, 1, 1, NULL),
	(335, '95193  (Antonino)', NULL, 42, 1, '2019-04-19 21:02:57', '2019-04-19 21:02:57', 1, 1, 0, 1, 1, NULL),
	(336, '95193  (Antonino)', NULL, 42, 1, '2019-04-19 21:02:57', '2019-04-19 21:02:57', 1, 1, 0, 1, 1, NULL),
	(337, '95193  (Antonino)', NULL, 42, 1, '2019-04-19 21:02:57', '2019-04-19 21:02:57', 1, 1, 0, 1, 1, NULL),
	(338, '95193  (Antonino)', NULL, 42, 1, '2019-04-19 21:02:57', '2019-04-19 21:02:57', 1, 1, 0, 1, 1, NULL),
	(339, '95193  (Antonino)', NULL, 42, 1, '2019-04-19 21:02:57', '2019-04-19 21:02:57', 1, 1, 0, 1, 1, NULL),
	(340, '95317', NULL, 42, 1, '2019-04-19 21:02:57', '2019-04-19 21:02:57', 1, 1, 0, 1, 1, NULL),
	(341, '95317', NULL, 42, 1, '2019-04-19 21:02:57', '2019-04-19 21:02:57', 1, 1, 0, 1, 1, NULL),
	(342, '95317', NULL, 42, 1, '2019-04-19 21:02:57', '2019-04-19 21:02:57', 1, 1, 0, 1, 1, NULL),
	(343, '95317', NULL, 42, 1, '2019-04-19 21:02:57', '2019-04-19 21:02:57', 1, 1, 0, 1, 1, NULL),
	(344, '95317', NULL, 42, 1, '2019-04-19 21:02:57', '2019-04-19 21:02:57', 1, 1, 0, 1, 1, NULL),
	(345, '95317', NULL, 42, 1, '2019-04-19 21:02:57', '2019-04-19 21:02:57', 1, 1, 0, 1, 1, NULL),
	(346, '95317', NULL, 42, 1, '2019-04-19 21:02:57', '2019-04-19 21:02:57', 1, 1, 0, 1, 1, NULL),
	(347, '95317', NULL, 42, 1, '2019-04-19 21:02:57', '2019-04-19 21:02:57', 1, 1, 0, 1, 1, NULL),
	(348, '95317', NULL, 42, 1, '2019-04-19 21:02:57', '2019-04-19 21:02:57', 1, 1, 0, 1, 1, NULL),
	(349, '95317', NULL, 42, 1, '2019-04-19 21:02:57', '2019-04-19 21:02:57', 1, 1, 0, 1, 1, NULL),
	(350, '95317', NULL, 42, 1, '2019-04-19 21:02:57', '2019-04-19 21:02:57', 1, 1, 0, 1, 1, NULL),
	(351, '95317', NULL, 42, 1, '2019-04-19 21:02:57', '2019-04-19 21:02:57', 1, 1, 0, 1, 1, NULL),
	(352, '95317', NULL, 42, 1, '2019-04-19 21:02:57', '2019-04-19 21:02:57', 1, 1, 0, 1, 1, NULL),
	(353, '95317', NULL, 42, 1, '2019-04-19 21:02:57', '2019-04-19 21:02:57', 1, 1, 0, 1, 1, NULL),
	(354, '95317', NULL, 42, 1, '2019-04-19 21:02:58', '2019-04-19 21:02:58', 1, 1, 0, 1, 1, NULL),
	(355, 'XXX', NULL, 140, 1, '2019-04-19 21:02:58', '2019-04-19 21:02:58', 1, 1, 0, 1, 1, NULL),
	(356, 'XXX', NULL, 140, 1, '2019-04-19 21:02:58', '2019-04-19 21:02:58', 1, 1, 0, 1, 1, NULL),
	(357, 'XXX', NULL, 140, 1, '2019-04-19 21:02:58', '2019-04-19 21:02:58', 1, 1, 0, 1, 1, NULL),
	(358, 'XXX', NULL, 140, 1, '2019-04-19 21:02:58', '2019-04-19 21:02:58', 1, 1, 0, 1, 1, NULL),
	(359, 'XXX', NULL, 140, 1, '2019-04-19 21:02:58', '2019-04-19 21:02:58', 1, 1, 0, 1, 1, NULL),
	(360, 'XXX', NULL, 140, 1, '2019-04-19 21:02:58', '2019-04-19 21:02:58', 1, 1, 0, 1, 1, NULL),
	(361, 'XXX', NULL, 140, 1, '2019-04-19 21:02:58', '2019-04-19 21:02:58', 1, 1, 0, 1, 1, NULL),
	(362, 'XXX', NULL, 140, 1, '2019-04-19 21:02:58', '2019-04-19 21:02:58', 1, 1, 0, 1, 1, NULL),
	(363, 'XXX', NULL, 140, 1, '2019-04-19 21:02:58', '2019-04-19 21:02:58', 1, 1, 0, 1, 1, NULL),
	(364, 'XXX', NULL, 140, 1, '2019-04-19 21:02:58', '2019-04-19 21:02:58', 1, 1, 0, 1, 1, NULL),
	(365, 'XXX', NULL, 140, 1, '2019-04-19 21:02:58', '2019-04-19 21:02:58', 1, 1, 0, 1, 1, NULL),
	(366, 'XXX', NULL, 140, 1, '2019-04-19 21:02:58', '2019-04-19 21:02:58', 1, 1, 0, 1, 1, NULL),
	(367, '97411', NULL, 30, 1, '2019-04-19 21:02:58', '2019-04-19 21:02:58', 1, 1, 0, 1, 1, NULL),
	(368, '97411', NULL, 30, 1, '2019-04-19 21:02:58', '2019-04-19 21:02:58', 1, 1, 0, 1, 1, NULL),
	(369, '97411', NULL, 30, 1, '2019-04-19 21:02:58', '2019-04-19 21:02:58', 1, 1, 0, 1, 1, NULL),
	(370, '97411', NULL, 30, 1, '2019-04-19 21:02:58', '2019-04-19 21:02:58', 1, 1, 0, 1, 1, NULL),
	(371, '97411', NULL, 30, 1, '2019-04-19 21:02:58', '2019-04-19 21:02:58', 1, 1, 0, 1, 1, NULL),
	(372, '97411', NULL, 30, 1, '2019-04-19 21:02:58', '2019-04-19 21:02:58', 1, 1, 0, 1, 1, NULL),
	(373, '97411', NULL, 30, 1, '2019-04-19 21:02:58', '2019-04-19 21:02:58', 1, 1, 0, 1, 1, NULL),
	(374, '97411', NULL, 30, 1, '2019-04-19 21:02:58', '2019-04-19 21:02:58', 1, 1, 0, 1, 1, NULL),
	(375, '97411', NULL, 30, 1, '2019-04-19 21:02:58', '2019-04-19 21:02:58', 1, 1, 0, 1, 1, NULL),
	(376, '97411', NULL, 30, 1, '2019-04-19 21:02:58', '2019-04-19 21:02:58', 1, 1, 0, 1, 1, NULL),
	(377, '97411', NULL, 30, 1, '2019-04-19 21:02:58', '2019-04-19 21:02:58', 1, 1, 0, 1, 1, NULL),
	(378, '97411', NULL, 30, 1, '2019-04-19 21:02:58', '2019-04-19 21:02:58', 1, 1, 0, 1, 1, NULL),
	(379, '97411', NULL, 30, 1, '2019-04-19 21:02:58', '2019-04-19 21:02:58', 1, 1, 0, 1, 1, NULL),
	(380, '97411', NULL, 30, 1, '2019-04-19 21:02:58', '2019-04-19 21:02:58', 1, 1, 0, 1, 1, NULL),
	(381, '97411', NULL, 30, 1, '2019-04-19 21:02:58', '2019-04-19 21:02:58', 1, 1, 0, 1, 1, NULL),
	(382, '97410', NULL, 35, 1, '2019-04-19 21:02:58', '2019-04-19 21:02:58', 1, 1, 0, 1, 1, NULL),
	(383, '97410', NULL, 35, 1, '2019-04-19 21:02:58', '2019-04-19 21:02:58', 1, 1, 0, 1, 1, NULL),
	(384, '97410', NULL, 35, 1, '2019-04-19 21:02:58', '2019-04-19 21:02:58', 1, 1, 0, 1, 1, NULL),
	(385, '97410', NULL, 35, 1, '2019-04-19 21:02:58', '2019-04-19 21:02:58', 1, 1, 0, 1, 1, NULL),
	(386, '97410', NULL, 35, 1, '2019-04-19 21:02:58', '2019-04-19 21:02:58', 1, 1, 0, 1, 1, NULL),
	(387, '97410', NULL, 35, 1, '2019-04-19 21:02:58', '2019-04-19 21:02:58', 1, 1, 0, 1, 1, NULL),
	(388, '97410', NULL, 35, 1, '2019-04-19 21:02:58', '2019-04-19 21:02:58', 1, 1, 0, 1, 1, NULL),
	(389, '97410', NULL, 35, 1, '2019-04-19 21:02:58', '2019-04-19 21:02:58', 1, 1, 0, 1, 1, NULL),
	(390, '97410', NULL, 35, 1, '2019-04-19 21:02:58', '2019-04-19 21:02:58', 1, 1, 0, 1, 1, NULL),
	(391, '97410', NULL, 35, 1, '2019-04-19 21:02:58', '2019-04-19 21:02:58', 1, 1, 0, 1, 1, NULL),
	(392, '97410', NULL, 35, 1, '2019-04-19 21:02:58', '2019-04-19 21:02:58', 1, 1, 0, 1, 1, NULL),
	(393, '97410', NULL, 35, 1, '2019-04-19 21:02:58', '2019-04-19 21:02:58', 1, 1, 0, 1, 1, NULL),
	(394, '97410', NULL, 35, 1, '2019-04-19 21:02:58', '2019-04-19 21:02:58', 1, 1, 0, 1, 1, NULL),
	(395, '97410', NULL, 35, 1, '2019-04-19 21:02:58', '2019-04-19 21:02:58', 1, 1, 0, 1, 1, NULL),
	(396, '97410', NULL, 35, 1, '2019-04-19 21:02:58', '2019-04-19 21:02:58', 1, 1, 0, 1, 1, NULL),
	(397, '97410', NULL, 35, 1, '2019-04-19 21:02:58', '2019-04-19 21:02:58', 1, 1, 0, 1, 1, NULL),
	(398, '97410', NULL, 35, 1, '2019-04-19 21:02:58', '2019-04-19 21:02:58', 1, 1, 0, 1, 1, NULL),
	(399, '97410', NULL, 35, 1, '2019-04-19 21:02:58', '2019-04-19 21:02:58', 1, 1, 0, 1, 1, NULL),
	(400, '97410', NULL, 35, 1, '2019-04-19 21:02:58', '2019-04-19 21:02:58', 1, 1, 0, 1, 1, NULL),
	(401, '97410', NULL, 35, 1, '2019-04-19 21:02:58', '2019-04-19 21:02:58', 1, 1, 0, 1, 1, NULL),
	(402, NULL, NULL, 30, 1, '2019-04-19 21:02:58', '2019-04-19 21:02:58', 1, 1, 0, 2, 1, NULL),
	(403, NULL, NULL, 30, 1, '2019-04-19 21:02:58', '2019-04-19 21:02:58', 1, 1, 0, 2, 1, NULL),
	(404, NULL, NULL, 30, 1, '2019-04-19 21:02:58', '2019-04-19 21:02:58', 1, 1, 0, 2, 1, NULL),
	(405, NULL, NULL, 30, 1, '2019-04-19 21:02:58', '2019-04-19 21:02:58', 1, 1, 0, 2, 1, NULL),
	(406, NULL, NULL, 30, 1, '2019-04-19 21:02:58', '2019-04-19 21:02:58', 1, 1, 0, 2, 1, NULL),
	(407, NULL, NULL, 30, 1, '2019-04-19 21:02:58', '2019-04-19 21:02:58', 1, 1, 0, 2, 1, NULL),
	(408, NULL, NULL, 30, 1, '2019-04-19 21:02:58', '2019-04-19 21:02:58', 1, 1, 0, 2, 1, NULL),
	(409, NULL, NULL, 30, 1, '2019-04-19 21:02:58', '2019-04-19 21:02:58', 1, 1, 0, 2, 1, NULL),
	(410, NULL, NULL, 30, 1, '2019-04-19 21:02:58', '2019-04-19 21:02:58', 1, 1, 0, 2, 1, NULL),
	(411, NULL, NULL, 30, 1, '2019-04-19 21:02:58', '2019-04-19 21:02:58', 1, 1, 0, 2, 1, NULL),
	(412, NULL, NULL, 40, 1, '2019-04-19 21:02:58', '2019-04-19 21:02:58', 1, 1, 0, 2, 1, NULL),
	(413, NULL, NULL, 40, 1, '2019-04-19 21:02:58', '2019-04-19 21:02:58', 1, 1, 0, 2, 1, NULL),
	(414, NULL, NULL, 40, 1, '2019-04-19 21:02:58', '2019-04-19 21:02:58', 1, 1, 0, 2, 1, NULL),
	(415, NULL, NULL, 40, 1, '2019-04-19 21:02:58', '2019-04-19 21:02:58', 1, 1, 0, 2, 1, NULL),
	(416, NULL, NULL, 30, 1, '2019-04-19 21:02:58', '2019-04-19 21:02:58', 1, 1, 0, 2, 1, NULL),
	(417, NULL, NULL, 30, 1, '2019-04-19 21:02:58', '2019-04-19 21:02:58', 1, 1, 0, 2, 1, NULL),
	(418, NULL, NULL, 30, 1, '2019-04-19 21:02:58', '2019-04-19 21:02:58', 1, 1, 0, 2, 1, NULL),
	(419, NULL, NULL, 30, 1, '2019-04-19 21:02:58', '2019-04-19 21:02:58', 1, 1, 0, 2, 1, NULL),
	(420, NULL, NULL, 30, 1, '2019-04-19 21:02:58', '2019-04-19 21:02:58', 1, 1, 0, 2, 1, NULL),
	(421, NULL, NULL, 30, 1, '2019-04-19 21:02:58', '2019-04-19 21:02:58', 1, 1, 0, 2, 1, NULL),
	(422, NULL, NULL, 30, 1, '2019-04-19 21:02:58', '2019-04-19 21:02:58', 1, 1, 0, 2, 1, NULL),
	(423, NULL, NULL, 30, 1, '2019-04-19 21:02:58', '2019-04-19 21:02:58', 1, 1, 0, 2, 1, NULL),
	(424, NULL, NULL, 30, 1, '2019-04-19 21:02:58', '2019-04-19 21:02:58', 1, 1, 0, 2, 1, NULL),
	(425, NULL, NULL, 45, 1, '2019-04-19 21:02:58', '2019-04-19 21:02:58', 1, 1, 0, 2, 1, NULL),
	(426, NULL, NULL, 45, 1, '2019-04-19 21:02:58', '2019-04-19 21:02:58', 1, 1, 0, 2, 1, NULL),
	(427, NULL, NULL, 45, 1, '2019-04-19 21:02:58', '2019-04-19 21:02:58', 1, 1, 0, 2, 1, NULL),
	(428, NULL, NULL, 45, 1, '2019-04-19 21:02:58', '2019-04-19 21:02:58', 1, 1, 0, 2, 1, NULL),
	(429, NULL, NULL, 45, 1, '2019-04-19 21:02:58', '2019-04-19 21:02:58', 1, 1, 0, 2, 1, NULL),
	(430, NULL, NULL, 45, 1, '2019-04-19 21:02:58', '2019-04-19 21:02:58', 1, 1, 0, 2, 1, NULL),
	(431, NULL, NULL, 45, 1, '2019-04-19 21:02:58', '2019-04-19 21:02:58', 1, 1, 0, 2, 1, NULL),
	(432, NULL, NULL, 45, 1, '2019-04-19 21:02:58', '2019-04-19 21:02:58', 1, 1, 0, 2, 1, NULL),
	(433, NULL, NULL, 45, 1, '2019-04-19 21:02:58', '2019-04-19 21:02:58', 1, 1, 0, 2, 1, NULL),
	(434, NULL, NULL, 45, 1, '2019-04-19 21:02:58', '2019-04-19 21:02:58', 1, 1, 0, 2, 1, NULL),
	(435, NULL, NULL, 45, 1, '2019-04-19 21:02:58', '2019-04-19 21:02:58', 1, 1, 0, 2, 1, NULL),
	(436, NULL, NULL, 45, 1, '2019-04-19 21:02:58', '2019-04-19 21:02:58', 1, 1, 0, 2, 1, NULL),
	(437, NULL, NULL, 45, 1, '2019-04-19 21:02:58', '2019-04-19 21:02:58', 1, 1, 0, 2, 1, NULL),
	(438, NULL, NULL, 45, 1, '2019-04-19 21:02:58', '2019-04-19 21:02:58', 1, 1, 0, 2, 1, NULL),
	(439, NULL, NULL, 45, 1, '2019-04-19 21:02:58', '2019-04-19 21:02:58', 1, 1, 0, 2, 1, NULL),
	(440, NULL, NULL, 40, 1, '2019-04-19 21:02:58', '2019-04-19 21:02:58', 1, 1, 0, 2, 1, NULL),
	(441, NULL, NULL, 40, 1, '2019-04-19 21:02:58', '2019-04-19 21:02:58', 1, 1, 0, 2, 1, NULL),
	(442, NULL, NULL, 40, 1, '2019-04-19 21:02:58', '2019-04-19 21:02:58', 1, 1, 0, 2, 1, NULL),
	(443, NULL, NULL, 40, 1, '2019-04-19 21:02:58', '2019-04-19 21:02:58', 1, 1, 0, 2, 1, NULL),
	(444, NULL, NULL, 40, 1, '2019-04-19 21:02:58', '2019-04-19 21:02:58', 1, 1, 0, 2, 1, NULL),
	(445, NULL, NULL, 40, 1, '2019-04-19 21:02:58', '2019-04-19 21:02:58', 1, 1, 0, 2, 1, NULL),
	(446, NULL, NULL, 40, 1, '2019-04-19 21:02:58', '2019-04-19 21:02:58', 1, 1, 0, 2, 1, NULL),
	(447, NULL, NULL, 40, 1, '2019-04-19 21:02:58', '2019-04-19 21:02:58', 1, 1, 0, 2, 1, NULL),
	(448, NULL, NULL, 40, 1, '2019-04-19 21:02:58', '2019-04-19 21:02:58', 1, 1, 0, 2, 1, NULL),
	(449, NULL, NULL, 40, 1, '2019-04-19 21:02:58', '2019-04-19 21:02:58', 1, 1, 0, 2, 1, NULL),
	(450, NULL, NULL, 40, 1, '2019-04-19 21:02:58', '2019-04-19 21:02:58', 1, 1, 0, 2, 1, NULL),
	(451, NULL, NULL, 40, 1, '2019-04-19 21:02:58', '2019-04-19 21:02:58', 1, 1, 0, 2, 1, NULL),
	(452, NULL, NULL, 40, 1, '2019-04-19 21:02:58', '2019-04-19 21:02:58', 1, 1, 0, 2, 1, NULL),
	(453, NULL, NULL, 40, 1, '2019-04-19 21:02:58', '2019-04-19 21:02:58', 1, 1, 0, 2, 1, NULL),
	(454, NULL, NULL, 40, 1, '2019-04-19 21:02:58', '2019-04-19 21:02:58', 1, 1, 0, 2, 1, NULL),
	(455, NULL, NULL, 40, 1, '2019-04-19 21:02:58', '2019-04-19 21:02:58', 1, 1, 0, 2, 1, NULL),
	(456, NULL, NULL, 40, 1, '2019-04-19 21:02:58', '2019-04-19 21:02:58', 1, 1, 0, 2, 1, NULL),
	(457, NULL, NULL, 40, 1, '2019-04-19 21:02:58', '2019-04-19 21:02:58', 1, 1, 0, 2, 1, NULL),
	(458, NULL, NULL, 40, 1, '2019-04-19 21:02:58', '2019-04-19 21:02:58', 1, 1, 0, 2, 1, NULL),
	(459, NULL, NULL, 40, 1, '2019-04-19 21:02:58', '2019-04-19 21:02:58', 1, 1, 0, 2, 1, NULL),
	(460, NULL, NULL, 40, 1, '2019-04-19 21:02:58', '2019-04-19 21:02:58', 1, 1, 0, 2, 1, NULL),
	(461, NULL, NULL, 40, 1, '2019-04-19 21:02:59', '2019-04-19 21:02:59', 1, 1, 0, 2, 1, NULL),
	(462, NULL, NULL, 16, 1, '2019-04-19 21:02:59', '2019-04-19 21:02:59', 1, 1, 0, 2, 1, NULL),
	(463, NULL, NULL, 16, 1, '2019-04-19 21:02:59', '2019-04-19 21:02:59', 1, 1, 0, 2, 1, NULL),
	(464, NULL, NULL, 16, 1, '2019-04-19 21:02:59', '2019-04-19 21:02:59', 1, 1, 0, 2, 1, NULL),
	(465, NULL, NULL, 16, 1, '2019-04-19 21:02:59', '2019-04-19 21:02:59', 1, 1, 0, 2, 1, NULL),
	(466, NULL, NULL, 16, 1, '2019-04-19 21:02:59', '2019-04-19 21:02:59', 1, 1, 0, 2, 1, NULL),
	(467, NULL, NULL, 16, 1, '2019-04-19 21:02:59', '2019-04-19 21:02:59', 1, 1, 0, 2, 1, NULL),
	(468, NULL, NULL, 16, 1, '2019-04-19 21:02:59', '2019-04-19 21:02:59', 1, 1, 0, 2, 1, NULL),
	(469, NULL, NULL, 16, 1, '2019-04-19 21:02:59', '2019-04-19 21:02:59', 1, 1, 0, 2, 1, NULL),
	(470, NULL, NULL, 16, 1, '2019-04-19 21:02:59', '2019-04-19 21:02:59', 1, 1, 0, 2, 1, NULL),
	(471, NULL, NULL, 16, 1, '2019-04-19 21:02:59', '2019-04-19 21:02:59', 1, 1, 0, 2, 1, NULL),
	(472, NULL, NULL, 20, 1, '2019-04-19 21:02:59', '2019-04-19 21:02:59', 1, 1, 0, 2, 1, NULL),
	(473, NULL, NULL, 20, 1, '2019-04-19 21:02:59', '2019-04-19 21:02:59', 1, 1, 0, 2, 1, NULL),
	(474, NULL, NULL, 20, 1, '2019-04-19 21:02:59', '2019-04-19 21:02:59', 1, 1, 0, 2, 1, NULL),
	(475, NULL, NULL, 20, 1, '2019-04-19 21:02:59', '2019-04-19 21:02:59', 1, 1, 0, 2, 1, NULL),
	(476, NULL, NULL, 16, 1, '2019-04-19 21:02:59', '2019-04-19 21:02:59', 1, 1, 0, 2, 1, NULL),
	(477, NULL, NULL, 16, 1, '2019-04-19 21:02:59', '2019-04-19 21:02:59', 1, 1, 0, 2, 1, NULL),
	(478, NULL, NULL, 16, 1, '2019-04-19 21:02:59', '2019-04-19 21:02:59', 1, 1, 0, 2, 1, NULL),
	(479, NULL, NULL, 16, 1, '2019-04-19 21:02:59', '2019-04-19 21:02:59', 1, 1, 0, 2, 1, NULL),
	(480, NULL, NULL, 16, 1, '2019-04-19 21:02:59', '2019-04-19 21:02:59', 1, 1, 0, 2, 1, NULL),
	(481, NULL, NULL, 16, 1, '2019-04-19 21:02:59', '2019-04-19 21:02:59', 1, 1, 0, 2, 1, NULL),
	(482, NULL, NULL, 16, 1, '2019-04-19 21:02:59', '2019-04-19 21:02:59', 1, 1, 0, 2, 1, NULL),
	(483, NULL, NULL, 16, 1, '2019-04-19 21:02:59', '2019-04-19 21:02:59', 1, 1, 0, 2, 1, NULL),
	(484, NULL, NULL, 16, 1, '2019-04-19 21:02:59', '2019-04-19 21:02:59', 1, 1, 0, 2, 1, NULL),
	(485, NULL, NULL, 16, 1, '2019-04-19 21:02:59', '2019-04-19 21:02:59', 1, 1, 0, 2, 1, NULL),
	(486, NULL, NULL, 16, 1, '2019-04-19 21:02:59', '2019-04-19 21:02:59', 1, 1, 0, 2, 1, NULL),
	(487, NULL, NULL, 16, 1, '2019-04-19 21:02:59', '2019-04-19 21:02:59', 1, 1, 0, 2, 1, NULL),
	(488, NULL, NULL, 16, 1, '2019-04-19 21:02:59', '2019-04-19 21:02:59', 1, 1, 0, 2, 1, NULL),
	(489, NULL, NULL, 16, 1, '2019-04-19 21:02:59', '2019-04-19 21:02:59', 1, 1, 0, 2, 1, NULL),
	(490, NULL, NULL, 16, 1, '2019-04-19 21:02:59', '2019-04-19 21:02:59', 1, 1, 0, 2, 1, NULL),
	(491, NULL, NULL, 16, 1, '2019-04-19 21:02:59', '2019-04-19 21:02:59', 1, 1, 0, 2, 1, NULL),
	(492, NULL, NULL, 16, 1, '2019-04-19 21:02:59', '2019-04-19 21:02:59', 1, 1, 0, 2, 1, NULL),
	(493, NULL, NULL, 16, 1, '2019-04-19 21:02:59', '2019-04-19 21:02:59', 1, 1, 0, 2, 1, NULL),
	(494, NULL, NULL, 16, 1, '2019-04-19 21:02:59', '2019-04-19 21:02:59', 1, 1, 0, 2, 1, NULL),
	(495, NULL, NULL, 16, 1, '2019-04-19 21:02:59', '2019-04-19 21:02:59', 1, 1, 0, 2, 1, NULL),
	(496, NULL, NULL, 16, 1, '2019-04-19 21:02:59', '2019-04-19 21:02:59', 1, 1, 0, 2, 1, NULL),
	(497, NULL, NULL, 16, 1, '2019-04-19 21:02:59', '2019-04-19 21:02:59', 1, 1, 0, 2, 1, NULL),
	(498, NULL, NULL, 16, 1, '2019-04-19 21:02:59', '2019-04-19 21:02:59', 1, 1, 0, 2, 1, NULL),
	(499, NULL, NULL, 16, 1, '2019-04-19 21:02:59', '2019-04-19 21:02:59', 1, 1, 0, 2, 1, NULL),
	(500, NULL, NULL, 16, 1, '2019-04-19 21:02:59', '2019-04-19 21:02:59', 1, 1, 0, 2, 1, NULL),
	(501, NULL, NULL, 16, 1, '2019-04-19 21:02:59', '2019-04-19 21:02:59', 1, 1, 0, 2, 1, NULL),
	(502, NULL, NULL, 12, 1, '2019-04-19 21:02:59', '2019-04-19 21:02:59', 1, 1, 0, 2, 1, NULL),
	(503, NULL, NULL, 12, 1, '2019-04-19 21:02:59', '2019-04-19 21:02:59', 1, 1, 0, 2, 1, NULL),
	(504, NULL, NULL, 12, 1, '2019-04-19 21:02:59', '2019-04-19 21:02:59', 1, 1, 0, 2, 1, NULL),
	(505, NULL, NULL, 12, 1, '2019-04-19 21:02:59', '2019-04-19 21:02:59', 1, 1, 0, 2, 1, NULL),
	(506, NULL, NULL, 12, 1, '2019-04-19 21:02:59', '2019-04-19 21:02:59', 1, 1, 0, 2, 1, NULL),
	(507, NULL, NULL, 12, 1, '2019-04-19 21:02:59', '2019-04-19 21:02:59', 1, 1, 0, 2, 1, NULL),
	(508, NULL, NULL, 12, 1, '2019-04-19 21:02:59', '2019-04-19 21:02:59', 1, 1, 0, 2, 1, NULL),
	(509, NULL, NULL, 12, 1, '2019-04-19 21:02:59', '2019-04-19 21:02:59', 1, 1, 0, 2, 1, NULL),
	(510, NULL, NULL, 12, 1, '2019-04-19 21:02:59', '2019-04-19 21:02:59', 1, 1, 0, 2, 1, NULL),
	(511, NULL, NULL, 12, 1, '2019-04-19 21:02:59', '2019-04-19 21:02:59', 1, 1, 0, 2, 1, NULL),
	(512, NULL, NULL, 12, 1, '2019-04-19 21:02:59', '2019-04-19 21:02:59', 1, 1, 0, 2, 1, NULL),
	(513, NULL, NULL, 12, 1, '2019-04-19 21:02:59', '2019-04-19 21:02:59', 1, 1, 0, 2, 1, NULL),
	(514, NULL, NULL, 12, 1, '2019-04-19 21:02:59', '2019-04-19 21:02:59', 1, 1, 0, 2, 1, NULL),
	(515, NULL, NULL, 45, 1, '2019-04-19 21:02:59', '2019-04-19 21:02:59', 1, 1, 0, 2, 1, NULL),
	(516, NULL, NULL, 45, 1, '2019-04-19 21:02:59', '2019-04-19 21:02:59', 1, 1, 0, 2, 1, NULL),
	(517, NULL, NULL, 45, 1, '2019-04-19 21:02:59', '2019-04-19 21:02:59', 1, 1, 0, 2, 1, NULL),
	(518, NULL, NULL, 45, 1, '2019-04-19 21:02:59', '2019-04-19 21:02:59', 1, 1, 0, 2, 1, NULL),
	(519, NULL, NULL, 45, 1, '2019-04-19 21:02:59', '2019-04-19 21:02:59', 1, 1, 0, 2, 1, NULL),
	(520, NULL, NULL, 60, 1, '2019-04-19 21:02:59', '2019-04-19 21:02:59', 1, 1, 0, 2, 1, NULL),
	(521, NULL, NULL, 60, 1, '2019-04-19 21:02:59', '2019-04-19 21:02:59', 1, 1, 0, 2, 1, NULL),
	(522, NULL, NULL, 60, 1, '2019-04-19 21:02:59', '2019-04-19 21:02:59', 1, 1, 0, 2, 1, NULL),
	(523, NULL, NULL, 60, 1, '2019-04-19 21:02:59', '2019-04-19 21:02:59', 1, 1, 0, 2, 1, NULL),
	(524, NULL, NULL, 60, 1, '2019-04-19 21:02:59', '2019-04-19 21:02:59', 1, 1, 0, 2, 1, NULL),
	(525, NULL, NULL, 55, 1, '2019-04-19 21:02:59', '2019-04-19 21:02:59', 1, 1, 0, 2, 1, NULL),
	(526, NULL, NULL, 70, 1, '2019-04-19 21:02:59', '2019-04-19 21:02:59', 1, 1, 0, 3, 1, NULL),
	(527, NULL, NULL, 70, 1, '2019-04-19 21:02:59', '2019-04-19 21:02:59', 1, 1, 0, 3, 1, NULL),
	(528, NULL, NULL, 70, 1, '2019-04-19 21:02:59', '2019-04-19 21:02:59', 1, 1, 0, 3, 1, NULL),
	(529, NULL, NULL, 65, 1, '2019-04-19 21:02:59', '2019-04-19 21:02:59', 1, 1, 0, 3, 1, NULL),
	(530, NULL, NULL, 65, 1, '2019-04-19 21:02:59', '2019-04-19 21:02:59', 1, 1, 0, 3, 1, NULL),
	(531, NULL, NULL, 80, 1, '2019-04-19 21:02:59', '2019-04-19 21:02:59', 1, 1, 0, 3, 1, NULL),
	(532, NULL, NULL, 45, 1, '2019-04-19 21:02:59', '2019-04-19 21:02:59', 1, 1, 0, 3, 1, NULL),
	(533, NULL, NULL, 60, 1, '2019-04-19 21:02:59', '2019-04-19 21:02:59', 1, 1, 0, 3, 1, NULL),
	(534, NULL, NULL, 60, 1, '2019-04-19 21:02:59', '2019-04-19 21:02:59', 1, 1, 0, 3, 1, NULL),
	(535, NULL, NULL, 60, 1, '2019-04-19 21:02:59', '2019-04-19 21:02:59', 1, 1, 0, 3, 1, NULL),
	(536, NULL, NULL, 60, 1, '2019-04-19 21:02:59', '2019-04-19 21:02:59', 1, 1, 0, 3, 1, NULL),
	(537, NULL, NULL, 60, 1, '2019-04-19 21:02:59', '2019-04-19 21:02:59', 1, 1, 0, 3, 1, NULL),
	(538, NULL, NULL, 60, 1, '2019-04-19 21:02:59', '2019-04-19 21:02:59', 1, 1, 0, 3, 1, NULL),
	(539, NULL, NULL, 60, 1, '2019-04-19 21:02:59', '2019-04-19 21:02:59', 1, 1, 0, 3, 1, NULL),
	(540, NULL, NULL, 60, 1, '2019-04-19 21:02:59', '2019-04-19 21:02:59', 1, 1, 0, 3, 1, NULL),
	(541, NULL, NULL, 58, 1, '2019-04-19 21:02:59', '2019-04-19 21:02:59', 1, 1, 0, 3, 1, NULL),
	(542, NULL, NULL, 55, 1, '2019-04-19 21:02:59', '2019-04-19 21:02:59', 1, 1, 0, 3, 1, NULL),
	(543, NULL, NULL, 55, 1, '2019-04-19 21:02:59', '2019-04-19 21:02:59', 1, 1, 0, 3, 1, NULL),
	(544, NULL, NULL, 58, 1, '2019-04-19 21:02:59', '2019-04-19 21:02:59', 1, 1, 0, 3, 1, NULL),
	(545, NULL, NULL, 55, 1, '2019-04-19 21:02:59', '2019-04-19 21:02:59', 1, 1, 0, 3, 1, NULL),
	(546, NULL, NULL, 58, 1, '2019-04-19 21:02:59', '2019-04-19 21:02:59', 1, 1, 0, 3, 1, NULL),
	(547, NULL, NULL, 70, 1, '2019-04-19 21:02:59', '2019-04-19 21:02:59', 1, 1, 0, 3, 1, NULL),
	(548, NULL, NULL, 68, 1, '2019-04-19 21:02:59', '2019-04-19 21:02:59', 1, 1, 0, 3, 1, NULL),
	(549, NULL, NULL, 68, 1, '2019-04-19 21:02:59', '2019-04-19 21:02:59', 1, 1, 0, 3, 1, NULL),
	(550, NULL, NULL, 68, 1, '2019-04-19 21:02:59', '2019-04-19 21:02:59', 1, 1, 0, 3, 1, NULL),
	(551, NULL, NULL, 68, 1, '2019-04-19 21:02:59', '2019-04-19 21:02:59', 1, 1, 0, 3, 1, NULL),
	(552, NULL, NULL, 70, 1, '2019-04-19 21:02:59', '2019-04-19 21:02:59', 1, 1, 0, 3, 1, NULL),
	(553, NULL, NULL, 80, 1, '2019-04-19 21:02:59', '2019-04-19 21:02:59', 1, 1, 0, 3, 1, NULL),
	(554, NULL, NULL, 80, 1, '2019-04-19 21:02:59', '2019-04-19 21:02:59', 1, 1, 0, 3, 1, NULL),
	(555, NULL, NULL, 85, 1, '2019-04-19 21:02:59', '2019-04-19 21:02:59', 1, 1, 0, 3, 1, NULL),
	(556, NULL, NULL, 85, 1, '2019-04-19 21:02:59', '2019-04-19 21:02:59', 1, 1, 0, 3, 1, NULL),
	(557, NULL, NULL, 60, 1, '2019-04-19 21:02:59', '2019-04-19 21:02:59', 1, 1, 0, 3, 1, NULL),
	(558, NULL, NULL, 60, 1, '2019-04-19 21:02:59', '2019-04-19 21:02:59', 1, 1, 0, 3, 1, NULL),
	(559, NULL, NULL, 60, 1, '2019-04-19 21:02:59', '2019-04-19 21:02:59', 1, 1, 0, 3, 1, NULL),
	(560, NULL, NULL, 58, 1, '2019-04-19 21:02:59', '2019-04-19 21:02:59', 1, 1, 0, 3, 1, NULL),
	(561, NULL, NULL, 58, 1, '2019-04-19 21:02:59', '2019-04-19 21:02:59', 1, 1, 0, 3, 1, NULL),
	(562, NULL, NULL, 58, 1, '2019-04-19 21:02:59', '2019-04-19 21:02:59', 1, 1, 0, 3, 1, NULL),
	(563, NULL, NULL, 60, 1, '2019-04-19 21:02:59', '2019-04-19 21:02:59', 1, 1, 0, 3, 1, NULL),
	(564, NULL, NULL, 60, 1, '2019-04-19 21:02:59', '2019-04-19 21:02:59', 1, 1, 0, 3, 1, NULL),
	(565, NULL, NULL, 60, 1, '2019-04-19 21:02:59', '2019-04-19 21:02:59', 1, 1, 0, 3, 1, NULL),
	(566, NULL, NULL, 58, 1, '2019-04-19 21:02:59', '2019-04-19 21:02:59', 1, 1, 0, 3, 1, NULL),
	(567, NULL, NULL, 58, 1, '2019-04-19 21:02:59', '2019-04-19 21:02:59', 1, 1, 0, 3, 1, NULL),
	(568, NULL, NULL, 60, 1, '2019-04-19 21:03:00', '2019-04-19 21:03:00', 1, 1, 0, 3, 1, NULL),
	(569, NULL, NULL, 60, 1, '2019-04-19 21:03:00', '2019-04-19 21:03:00', 1, 1, 0, 3, 1, NULL),
	(570, NULL, NULL, 60, 1, '2019-04-19 21:03:00', '2019-04-19 21:03:00', 1, 1, 0, 3, 1, NULL),
	(571, NULL, NULL, 58, 1, '2019-04-19 21:03:00', '2019-04-19 21:03:00', 1, 1, 0, 3, 1, NULL),
	(572, NULL, NULL, 60, 1, '2019-04-19 21:03:00', '2019-04-19 21:03:00', 1, 1, 0, 3, 1, NULL),
	(573, NULL, NULL, 60, 1, '2019-04-19 21:03:00', '2019-04-19 21:03:00', 1, 1, 0, 3, 1, NULL),
	(574, NULL, NULL, 60, 1, '2019-04-19 21:03:00', '2019-04-19 21:03:00', 1, 1, 0, 3, 1, NULL),
	(575, NULL, NULL, 60, 1, '2019-04-19 21:03:00', '2019-04-19 21:03:00', 1, 1, 0, 3, 1, NULL),
	(576, NULL, NULL, 60, 1, '2019-04-19 21:03:00', '2019-04-19 21:03:00', 1, 1, 0, 3, 1, NULL),
	(577, NULL, NULL, 58, 1, '2019-04-19 21:03:00', '2019-04-19 21:03:00', 1, 1, 0, 3, 1, NULL),
	(578, NULL, NULL, 60, 1, '2019-04-19 21:03:00', '2019-04-19 21:03:00', 1, 1, 0, 3, 1, NULL),
	(579, NULL, NULL, 58, 1, '2019-04-19 21:03:00', '2019-04-19 21:03:00', 1, 1, 0, 3, 1, NULL),
	(580, NULL, NULL, 58, 1, '2019-04-19 21:03:00', '2019-04-19 21:03:00', 1, 1, 0, 3, 1, NULL),
	(581, NULL, NULL, 60, 1, '2019-04-19 21:03:00', '2019-04-19 21:03:00', 1, 1, 0, 3, 1, NULL),
	(582, NULL, NULL, 60, 1, '2019-04-19 21:03:00', '2019-04-19 21:03:00', 1, 1, 0, 3, 1, NULL),
	(583, NULL, NULL, 60, 1, '2019-04-19 21:03:00', '2019-04-19 21:03:00', 1, 1, 0, 3, 1, NULL),
	(584, NULL, NULL, 65, 1, '2019-04-19 21:03:00', '2019-04-19 21:03:00', 1, 1, 0, 3, 1, NULL),
	(585, NULL, NULL, 65, 1, '2019-04-19 21:03:00', '2019-04-19 21:03:00', 1, 1, 0, 3, 1, NULL),
	(586, NULL, NULL, 60, 1, '2019-04-19 21:03:00', '2019-04-19 21:03:00', 1, 1, 0, 3, 1, NULL),
	(587, NULL, NULL, 60, 1, '2019-04-19 21:03:00', '2019-04-19 21:03:00', 1, 1, 0, 3, 1, NULL),
	(588, NULL, NULL, 60, 1, '2019-04-19 21:03:00', '2019-04-19 21:03:00', 1, 1, 0, 3, 1, NULL),
	(589, NULL, NULL, 0, 1, '2019-04-19 21:03:00', '2019-04-19 21:03:00', 1, 1, 0, 4, 1, NULL),
	(590, NULL, NULL, 0, 1, '2019-04-19 21:03:00', '2019-04-19 21:03:00', 1, 1, 0, 4, 1, NULL),
	(591, NULL, NULL, 0, 1, '2019-04-19 21:03:00', '2019-04-19 21:03:00', 1, 1, 0, 4, 1, NULL),
	(592, NULL, NULL, 0, 1, '2019-04-19 21:03:00', '2019-04-19 21:03:00', 1, 1, 0, 4, 1, NULL),
	(593, NULL, NULL, 0, 1, '2019-04-19 21:03:00', '2019-04-19 21:03:00', 1, 1, 0, 4, 1, NULL),
	(594, NULL, NULL, 0, 1, '2019-04-19 21:03:00', '2019-04-19 21:03:00', 1, 1, 0, 4, 1, NULL),
	(595, NULL, NULL, 0, 1, '2019-04-19 21:03:00', '2019-04-19 21:03:00', 1, 1, 0, 4, 1, NULL),
	(596, NULL, NULL, 0, 1, '2019-04-19 21:03:00', '2019-04-19 21:03:00', 1, 1, 0, 4, 1, NULL),
	(597, NULL, NULL, 0, 1, '2019-04-19 21:03:00', '2019-04-19 21:03:00', 1, 1, 0, 4, 1, NULL),
	(598, NULL, NULL, 0, 1, '2019-04-19 21:03:00', '2019-04-19 21:03:00', 1, 1, 0, 4, 1, NULL),
	(599, NULL, NULL, 0, 1, '2019-04-19 21:03:00', '2019-04-19 21:03:00', 1, 1, 0, 4, 1, NULL),
	(600, NULL, NULL, 0, 1, '2019-04-19 21:03:00', '2019-04-19 21:03:00', 1, 1, 0, 4, 1, NULL),
	(601, NULL, NULL, 0, 1, '2019-04-19 21:03:00', '2019-04-19 21:03:00', 1, 1, 0, 4, 1, NULL),
	(602, NULL, NULL, 0, 1, '2019-04-19 21:03:00', '2019-04-19 21:03:00', 1, 1, 0, 4, 1, NULL),
	(603, NULL, NULL, 0, 1, '2019-04-19 21:03:00', '2019-04-19 21:03:00', 1, 1, 0, 4, 1, NULL),
	(604, NULL, NULL, 0, 1, '2019-04-19 21:03:00', '2019-04-19 21:03:00', 1, 1, 0, 5, 1, NULL),
	(605, NULL, NULL, 0, 1, '2019-04-19 21:03:00', '2019-04-19 21:03:00', 1, 1, 0, 5, 1, NULL),
	(606, NULL, NULL, 0, 1, '2019-04-19 21:03:00', '2019-04-19 21:03:00', 1, 1, 0, 6, 1, NULL),
	(607, NULL, NULL, 0, 1, '2019-04-19 21:03:00', '2019-04-19 21:03:00', 1, 1, 0, 6, 1, NULL),
	(608, NULL, NULL, 0, 1, '2019-04-19 21:03:00', '2019-04-19 21:03:00', 1, 1, 0, 6, 1, NULL),
	(609, NULL, NULL, 0, 1, '2019-04-19 21:03:00', '2019-04-19 21:03:00', 1, 1, 0, 6, 1, NULL),
	(610, NULL, NULL, 0, 1, '2019-04-19 21:03:00', '2019-04-19 21:03:00', 1, 1, 0, 7, 1, NULL),
	(611, NULL, NULL, 0, 1, '2019-04-19 21:03:00', '2019-04-19 21:03:00', 1, 1, 0, 7, 1, NULL),
	(612, NULL, NULL, 0, 1, '2019-04-19 21:03:00', '2019-04-19 21:03:00', 1, 1, 0, 7, 1, NULL),
	(613, NULL, NULL, 0, 1, '2019-04-19 21:03:00', '2019-04-19 21:03:00', 1, 1, 0, 7, 1, NULL),
	(614, NULL, NULL, 0, 1, '2019-04-19 21:03:00', '2019-04-19 21:03:00', 1, 1, 0, 7, 1, NULL),
	(615, NULL, NULL, 0, 1, '2019-04-19 21:03:00', '2019-04-19 21:03:00', 1, 1, 0, 7, 1, NULL),
	(616, NULL, NULL, 0, 1, '2019-04-19 21:03:00', '2019-04-19 21:03:00', 1, 1, 0, 7, 1, NULL),
	(617, NULL, NULL, 0, 1, '2019-04-19 21:03:00', '2019-04-19 21:03:00', 1, 1, 0, 7, 1, NULL),
	(618, NULL, NULL, 0, 1, '2019-04-19 21:03:00', '2019-04-19 21:03:00', 1, 1, 0, 7, 1, NULL),
	(619, NULL, NULL, 0, 1, '2019-04-19 21:03:00', '2019-04-19 21:03:00', 1, 1, 0, 7, 1, NULL),
	(620, NULL, NULL, 0, 1, '2019-04-19 21:03:00', '2019-04-19 21:03:00', 1, 1, 0, 7, 1, NULL),
	(621, NULL, NULL, 0, 1, '2019-04-19 21:03:00', '2019-04-19 21:03:00', 1, 1, 0, 8, 1, NULL),
	(622, NULL, NULL, 0, 1, '2019-04-19 21:03:00', '2019-04-19 21:03:00', 1, 1, 0, 8, 1, NULL),
	(623, NULL, NULL, 0, 1, '2019-04-19 21:03:00', '2019-04-19 21:03:00', 1, 1, 0, 8, 1, NULL),
	(624, NULL, NULL, 0, 1, '2019-04-19 21:03:00', '2019-04-19 21:03:00', 1, 1, 0, 8, 1, NULL);
/*!40000 ALTER TABLE `app_warehouse_items` ENABLE KEYS */;

CREATE TABLE IF NOT EXISTS `app_warehouse_movements` (
  `id` int(11) NOT NULL AUTO_INCREMENT,
  `app_warehouse_items_id` int(11) NOT NULL,
  `descri` varchar(255) DEFAULT NULL,
  `quantity` int(11) NOT NULL,
  `datereg` timestamp NOT NULL DEFAULT CURRENT_TIMESTAMP,
  `lastupdate` timestamp NOT NULL DEFAULT CURRENT_TIMESTAMP,
  `userreg` int(11) NOT NULL,
  `userupdate` int(11) NOT NULL,
  `app_warehouse_causals_id` int(11) NOT NULL,
  `app_warehouses_id` int(11) NOT NULL,
  `notes` varchar(255) DEFAULT NULL,
  PRIMARY KEY (`id`),
  KEY `fk_app_warehouse_movements_warehouse_causal` (`app_warehouse_causals_id`),
  KEY `fk_app_warehouse_movements_userreg` (`userreg`),
  KEY `fk_app_warehouse_movements_userupdate` (`userupdate`),
  KEY `fk_app_warehouse_movements_warehouse` (`app_warehouses_id`),
  KEY `fk_app_warehouse_movements_item` (`app_warehouse_items_id`),
  CONSTRAINT `fk_app_warehouse_movements_item` FOREIGN KEY (`app_warehouse_items_id`) REFERENCES `app_warehouse_items` (`id`) ON DELETE NO ACTION ON UPDATE NO ACTION,
  CONSTRAINT `fk_app_warehouse_movements_userreg` FOREIGN KEY (`userreg`) REFERENCES `app_users` (`id`) ON DELETE NO ACTION ON UPDATE NO ACTION,
  CONSTRAINT `fk_app_warehouse_movements_userupdate` FOREIGN KEY (`userupdate`) REFERENCES `app_users` (`id`) ON DELETE NO ACTION ON UPDATE NO ACTION,
  CONSTRAINT `fk_app_warehouse_movements_warehouse` FOREIGN KEY (`app_warehouses_id`) REFERENCES `app_warehouses` (`id`) ON DELETE NO ACTION ON UPDATE NO ACTION,
  CONSTRAINT `fk_app_warehouse_movements_warehouse_causal` FOREIGN KEY (`app_warehouse_causals_id`) REFERENCES `app_warehouse_causals` (`id`) ON DELETE NO ACTION ON UPDATE NO ACTION
) ENGINE=InnoDB AUTO_INCREMENT=642 DEFAULT CHARSET=latin1;

/*!40000 ALTER TABLE `app_warehouse_movements` DISABLE KEYS */;
INSERT IGNORE INTO `app_warehouse_movements` (`id`, `app_warehouse_items_id`, `descri`, `quantity`, `datereg`, `lastupdate`, `userreg`, `userupdate`, `app_warehouse_causals_id`, `app_warehouses_id`, `notes`) VALUES
	(2, 1, NULL, 210, '2019-04-19 21:31:50', '2019-04-19 21:31:50', 1, 1, 7, 1, NULL),
	(3, 2, NULL, 3, '2019-04-19 21:31:50', '2019-04-19 21:31:50', 1, 1, 7, 1, NULL),
	(4, 3, NULL, 3, '2019-04-19 21:31:50', '2019-04-19 21:31:50', 1, 1, 7, 1, NULL),
	(5, 4, NULL, 7, '2019-04-19 21:31:50', '2019-04-19 21:31:50', 1, 1, 7, 1, NULL),
	(6, 5, NULL, 3, '2019-04-19 21:31:50', '2019-04-19 21:31:50', 1, 1, 7, 1, NULL),
	(7, 6, NULL, 2, '2019-04-19 21:31:50', '2019-04-19 21:31:50', 1, 1, 7, 1, NULL),
	(8, 7, NULL, 3, '2019-04-19 21:31:50', '2019-04-19 21:31:50', 1, 1, 7, 1, NULL),
	(9, 8, NULL, 3, '2019-04-19 21:31:50', '2019-04-19 21:31:50', 1, 1, 7, 1, NULL),
	(10, 9, NULL, 5, '2019-04-19 21:31:50', '2019-04-19 21:31:50', 1, 1, 7, 1, NULL),
	(11, 10, NULL, 5, '2019-04-19 21:31:50', '2019-04-19 21:31:50', 1, 1, 7, 1, NULL),
	(12, 11, NULL, 2, '2019-04-19 21:31:50', '2019-04-19 21:31:50', 1, 1, 7, 1, NULL),
	(13, 12, NULL, 2, '2019-04-19 21:31:50', '2019-04-19 21:31:50', 1, 1, 7, 1, NULL),
	(14, 13, NULL, 3, '2019-04-19 21:31:50', '2019-04-19 21:31:50', 1, 1, 7, 1, NULL),
	(15, 14, NULL, 3, '2019-04-19 21:31:50', '2019-04-19 21:31:50', 1, 1, 7, 1, NULL),
	(16, 15, NULL, 4, '2019-04-19 21:31:51', '2019-04-19 21:31:51', 1, 1, 7, 1, NULL),
	(17, 16, NULL, 1, '2019-04-19 21:31:51', '2019-04-19 21:31:51', 1, 1, 7, 1, NULL),
	(18, 17, NULL, 2, '2019-04-19 21:31:51', '2019-04-19 21:31:51', 1, 1, 7, 1, NULL),
	(19, 18, NULL, 0, '2019-04-19 21:31:51', '2019-04-19 21:31:51', 1, 1, 7, 1, NULL),
	(20, 19, NULL, 0, '2019-04-19 21:31:51', '2019-04-19 21:31:51', 1, 1, 7, 1, NULL),
	(21, 20, NULL, 0, '2019-04-19 21:31:51', '2019-04-19 21:31:51', 1, 1, 7, 1, NULL),
	(22, 21, NULL, 1, '2019-04-19 21:31:51', '2019-04-19 21:31:51', 1, 1, 7, 1, NULL),
	(23, 22, NULL, 0, '2019-04-19 21:31:51', '2019-04-19 21:31:51', 1, 1, 7, 1, NULL),
	(24, 23, NULL, 3, '2019-04-19 21:31:51', '2019-04-19 21:31:51', 1, 1, 7, 1, NULL),
	(25, 24, NULL, 8, '2019-04-19 21:31:51', '2019-04-19 21:31:51', 1, 1, 7, 1, NULL),
	(26, 25, NULL, 5, '2019-04-19 21:31:51', '2019-04-19 21:31:51', 1, 1, 7, 1, NULL),
	(27, 26, NULL, 4, '2019-04-19 21:31:51', '2019-04-19 21:31:51', 1, 1, 7, 1, NULL),
	(28, 27, NULL, 0, '2019-04-19 21:31:51', '2019-04-19 21:31:51', 1, 1, 7, 1, NULL),
	(29, 28, NULL, 2, '2019-04-19 21:31:51', '2019-04-19 21:31:51', 1, 1, 7, 1, NULL),
	(30, 29, NULL, 2, '2019-04-19 21:31:51', '2019-04-19 21:31:51', 1, 1, 7, 1, NULL),
	(31, 30, NULL, 4, '2019-04-19 21:31:51', '2019-04-19 21:31:51', 1, 1, 7, 1, NULL),
	(32, 31, NULL, 1, '2019-04-19 21:31:51', '2019-04-19 21:31:51', 1, 1, 7, 1, NULL),
	(33, 32, NULL, 3, '2019-04-19 21:31:51', '2019-04-19 21:31:51', 1, 1, 7, 1, NULL),
	(34, 33, NULL, 2, '2019-04-19 21:31:51', '2019-04-19 21:31:51', 1, 1, 7, 1, NULL),
	(35, 34, NULL, 3, '2019-04-19 21:31:51', '2019-04-19 21:31:51', 1, 1, 7, 1, NULL),
	(36, 35, NULL, 2, '2019-04-19 21:31:51', '2019-04-19 21:31:51', 1, 1, 7, 1, NULL),
	(37, 36, NULL, 2, '2019-04-19 21:31:51', '2019-04-19 21:31:51', 1, 1, 7, 1, NULL),
	(38, 37, NULL, 0, '2019-04-19 21:31:51', '2019-04-19 21:31:51', 1, 1, 7, 1, NULL),
	(39, 38, NULL, 3, '2019-04-19 21:31:51', '2019-04-19 21:31:51', 1, 1, 7, 1, NULL),
	(40, 39, NULL, 0, '2019-04-19 21:31:51', '2019-04-19 21:31:51', 1, 1, 7, 1, NULL),
	(41, 40, NULL, 0, '2019-04-19 21:31:51', '2019-04-19 21:31:51', 1, 1, 7, 1, NULL),
	(42, 41, NULL, 0, '2019-04-19 21:31:51', '2019-04-19 21:31:51', 1, 1, 7, 1, NULL),
	(43, 42, NULL, 0, '2019-04-19 21:31:51', '2019-04-19 21:31:51', 1, 1, 7, 1, NULL),
	(44, 43, NULL, 0, '2019-04-19 21:31:51', '2019-04-19 21:31:51', 1, 1, 7, 1, NULL),
	(45, 44, NULL, 4, '2019-04-19 21:31:51', '2019-04-19 21:31:51', 1, 1, 7, 1, NULL),
	(46, 45, NULL, 6, '2019-04-19 21:31:51', '2019-04-19 21:31:51', 1, 1, 7, 1, NULL),
	(47, 46, NULL, 1, '2019-04-19 21:31:51', '2019-04-19 21:31:51', 1, 1, 7, 1, NULL),
	(48, 47, NULL, 1, '2019-04-19 21:31:51', '2019-04-19 21:31:51', 1, 1, 7, 1, NULL),
	(49, 48, NULL, 1, '2019-04-19 21:31:51', '2019-04-19 21:31:51', 1, 1, 7, 1, NULL),
	(50, 49, NULL, 1, '2019-04-19 21:31:51', '2019-04-19 21:31:51', 1, 1, 7, 1, NULL),
	(51, 50, NULL, 2, '2019-04-19 21:31:51', '2019-04-19 21:31:51', 1, 1, 7, 1, NULL),
	(52, 51, NULL, 1, '2019-04-19 21:31:51', '2019-04-19 21:31:51', 1, 1, 7, 1, NULL),
	(53, 52, NULL, 3, '2019-04-19 21:31:51', '2019-04-19 21:31:51', 1, 1, 7, 1, NULL),
	(54, 53, NULL, 0, '2019-04-19 21:31:51', '2019-04-19 21:31:51', 1, 1, 7, 1, NULL),
	(55, 54, NULL, 0, '2019-04-19 21:31:51', '2019-04-19 21:31:51', 1, 1, 7, 1, NULL),
	(56, 55, NULL, 4, '2019-04-19 21:31:51', '2019-04-19 21:31:51', 1, 1, 7, 1, NULL),
	(57, 56, NULL, 3, '2019-04-19 21:31:51', '2019-04-19 21:31:51', 1, 1, 7, 1, NULL),
	(58, 57, NULL, 2, '2019-04-19 21:31:51', '2019-04-19 21:31:51', 1, 1, 7, 1, NULL),
	(59, 58, NULL, 0, '2019-04-19 21:31:51', '2019-04-19 21:31:51', 1, 1, 7, 1, NULL),
	(60, 59, NULL, 0, '2019-04-19 21:31:51', '2019-04-19 21:31:51', 1, 1, 7, 1, NULL),
	(61, 60, NULL, 1, '2019-04-19 21:31:51', '2019-04-19 21:31:51', 1, 1, 7, 1, NULL),
	(62, 61, NULL, 2, '2019-04-19 21:31:51', '2019-04-19 21:31:51', 1, 1, 7, 1, NULL),
	(63, 62, NULL, 1, '2019-04-19 21:31:51', '2019-04-19 21:31:51', 1, 1, 7, 1, NULL),
	(64, 63, NULL, 1, '2019-04-19 21:31:51', '2019-04-19 21:31:51', 1, 1, 7, 1, NULL),
	(65, 64, NULL, 0, '2019-04-19 21:31:51', '2019-04-19 21:31:51', 1, 1, 7, 1, NULL),
	(66, 65, NULL, 0, '2019-04-19 21:31:51', '2019-04-19 21:31:51', 1, 1, 7, 1, NULL),
	(67, 66, NULL, 2, '2019-04-19 21:31:51', '2019-04-19 21:31:51', 1, 1, 7, 1, NULL),
	(68, 67, NULL, 0, '2019-04-19 21:31:51', '2019-04-19 21:31:51', 1, 1, 7, 1, NULL),
	(69, 68, NULL, 0, '2019-04-19 21:31:51', '2019-04-19 21:31:51', 1, 1, 7, 1, NULL),
	(70, 69, NULL, 0, '2019-04-19 21:31:51', '2019-04-19 21:31:51', 1, 1, 7, 1, NULL),
	(71, 70, NULL, 0, '2019-04-19 21:31:51', '2019-04-19 21:31:51', 1, 1, 7, 1, NULL),
	(72, 71, NULL, 1, '2019-04-19 21:31:51', '2019-04-19 21:31:51', 1, 1, 7, 1, NULL),
	(73, 72, NULL, 0, '2019-04-19 21:31:51', '2019-04-19 21:31:51', 1, 1, 7, 1, NULL),
	(74, 73, NULL, 0, '2019-04-19 21:31:51', '2019-04-19 21:31:51', 1, 1, 7, 1, NULL),
	(75, 74, NULL, 1, '2019-04-19 21:31:51', '2019-04-19 21:31:51', 1, 1, 7, 1, NULL),
	(76, 75, NULL, 5, '2019-04-19 21:31:51', '2019-04-19 21:31:51', 1, 1, 7, 1, NULL),
	(77, 76, NULL, 5, '2019-04-19 21:31:51', '2019-04-19 21:31:51', 1, 1, 7, 1, NULL),
	(78, 77, NULL, 6, '2019-04-19 21:31:51', '2019-04-19 21:31:51', 1, 1, 7, 1, NULL),
	(79, 78, NULL, 0, '2019-04-19 21:31:51', '2019-04-19 21:31:51', 1, 1, 7, 1, NULL),
	(80, 79, NULL, 0, '2019-04-19 21:31:51', '2019-04-19 21:31:51', 1, 1, 7, 1, NULL),
	(81, 80, NULL, 1, '2019-04-19 21:31:51', '2019-04-19 21:31:51', 1, 1, 7, 1, NULL),
	(82, 81, NULL, 5, '2019-04-19 21:31:51', '2019-04-19 21:31:51', 1, 1, 7, 1, NULL),
	(83, 82, NULL, 2, '2019-04-19 21:31:51', '2019-04-19 21:31:51', 1, 1, 7, 1, NULL),
	(84, 83, NULL, 0, '2019-04-19 21:31:51', '2019-04-19 21:31:51', 1, 1, 7, 1, NULL),
	(85, 84, NULL, 1, '2019-04-19 21:31:51', '2019-04-19 21:31:51', 1, 1, 7, 1, NULL),
	(86, 85, NULL, 3, '2019-04-19 21:31:51', '2019-04-19 21:31:51', 1, 1, 7, 1, NULL),
	(87, 86, NULL, 2, '2019-04-19 21:31:51', '2019-04-19 21:31:51', 1, 1, 7, 1, NULL),
	(88, 87, NULL, 2, '2019-04-19 21:31:51', '2019-04-19 21:31:51', 1, 1, 7, 1, NULL),
	(89, 88, NULL, 0, '2019-04-19 21:31:51', '2019-04-19 21:31:51', 1, 1, 7, 1, NULL),
	(90, 89, NULL, 0, '2019-04-19 21:31:51', '2019-04-19 21:31:51', 1, 1, 7, 1, NULL),
	(91, 90, NULL, 2, '2019-04-19 21:31:51', '2019-04-19 21:31:51', 1, 1, 7, 1, NULL),
	(92, 91, NULL, 1, '2019-04-19 21:31:51', '2019-04-19 21:31:51', 1, 1, 7, 1, NULL),
	(93, 92, NULL, 0, '2019-04-19 21:31:51', '2019-04-19 21:31:51', 1, 1, 7, 1, NULL),
	(94, 93, NULL, 0, '2019-04-19 21:31:51', '2019-04-19 21:31:51', 1, 1, 7, 1, NULL),
	(95, 94, NULL, 2, '2019-04-19 21:31:51', '2019-04-19 21:31:51', 1, 1, 7, 1, NULL),
	(96, 95, NULL, 3, '2019-04-19 21:31:51', '2019-04-19 21:31:51', 1, 1, 7, 1, NULL),
	(97, 96, NULL, 2, '2019-04-19 21:31:51', '2019-04-19 21:31:51', 1, 1, 7, 1, NULL),
	(98, 97, NULL, 1, '2019-04-19 21:31:51', '2019-04-19 21:31:51', 1, 1, 7, 1, NULL),
	(99, 98, NULL, 0, '2019-04-19 21:31:51', '2019-04-19 21:31:51', 1, 1, 7, 1, NULL),
	(100, 99, NULL, 0, '2019-04-19 21:31:51', '2019-04-19 21:31:51', 1, 1, 7, 1, NULL),
	(101, 100, NULL, 1, '2019-04-19 21:31:51', '2019-04-19 21:31:51', 1, 1, 7, 1, NULL),
	(102, 101, NULL, 0, '2019-04-19 21:31:51', '2019-04-19 21:31:51', 1, 1, 7, 1, NULL),
	(103, 102, NULL, 0, '2019-04-19 21:31:51', '2019-04-19 21:31:51', 1, 1, 7, 1, NULL),
	(104, 103, NULL, 1, '2019-04-19 21:31:51', '2019-04-19 21:31:51', 1, 1, 7, 1, NULL),
	(105, 104, NULL, 3, '2019-04-19 21:31:51', '2019-04-19 21:31:51', 1, 1, 7, 1, NULL),
	(106, 105, NULL, 2, '2019-04-19 21:31:51', '2019-04-19 21:31:51', 1, 1, 7, 1, NULL),
	(107, 106, NULL, 4, '2019-04-19 21:31:51', '2019-04-19 21:31:51', 1, 1, 7, 1, NULL),
	(108, 107, NULL, 6, '2019-04-19 21:31:51', '2019-04-19 21:31:51', 1, 1, 7, 1, NULL),
	(109, 108, NULL, 0, '2019-04-19 21:31:51', '2019-04-19 21:31:51', 1, 1, 7, 1, NULL),
	(110, 109, NULL, 1, '2019-04-19 21:31:51', '2019-04-19 21:31:51', 1, 1, 7, 1, NULL),
	(111, 110, NULL, 1, '2019-04-19 21:31:51', '2019-04-19 21:31:51', 1, 1, 7, 1, NULL),
	(112, 111, NULL, 0, '2019-04-19 21:31:51', '2019-04-19 21:31:51', 1, 1, 7, 1, NULL),
	(113, 112, NULL, 0, '2019-04-19 21:31:51', '2019-04-19 21:31:51', 1, 1, 7, 1, NULL),
	(114, 113, NULL, 3, '2019-04-19 21:31:51', '2019-04-19 21:31:51', 1, 1, 7, 1, NULL),
	(115, 114, NULL, 5, '2019-04-19 21:31:51', '2019-04-19 21:31:51', 1, 1, 7, 1, NULL),
	(116, 115, NULL, 8, '2019-04-19 21:31:51', '2019-04-19 21:31:51', 1, 1, 7, 1, NULL),
	(117, 116, NULL, 5, '2019-04-19 21:31:51', '2019-04-19 21:31:51', 1, 1, 7, 1, NULL),
	(118, 117, NULL, 3, '2019-04-19 21:31:51', '2019-04-19 21:31:51', 1, 1, 7, 1, NULL),
	(119, 118, NULL, 2, '2019-04-19 21:31:51', '2019-04-19 21:31:51', 1, 1, 7, 1, NULL),
	(120, 119, NULL, 2, '2019-04-19 21:31:51', '2019-04-19 21:31:51', 1, 1, 7, 1, NULL),
	(121, 120, NULL, 1, '2019-04-19 21:31:51', '2019-04-19 21:31:51', 1, 1, 7, 1, NULL),
	(122, 121, NULL, 1, '2019-04-19 21:31:51', '2019-04-19 21:31:51', 1, 1, 7, 1, NULL),
	(123, 122, NULL, 2, '2019-04-19 21:31:51', '2019-04-19 21:31:51', 1, 1, 7, 1, NULL),
	(124, 123, NULL, 2, '2019-04-19 21:31:51', '2019-04-19 21:31:51', 1, 1, 7, 1, NULL),
	(125, 124, NULL, 1, '2019-04-19 21:31:51', '2019-04-19 21:31:51', 1, 1, 7, 1, NULL),
	(126, 125, NULL, 7, '2019-04-19 21:31:52', '2019-04-19 21:31:52', 1, 1, 7, 1, NULL),
	(127, 126, NULL, 0, '2019-04-19 21:31:52', '2019-04-19 21:31:52', 1, 1, 7, 1, NULL),
	(128, 127, NULL, 2, '2019-04-19 21:31:52', '2019-04-19 21:31:52', 1, 1, 7, 1, NULL),
	(129, 128, NULL, 0, '2019-04-19 21:31:52', '2019-04-19 21:31:52', 1, 1, 7, 1, NULL),
	(130, 129, NULL, 0, '2019-04-19 21:31:52', '2019-04-19 21:31:52', 1, 1, 7, 1, NULL),
	(131, 130, NULL, 1, '2019-04-19 21:31:52', '2019-04-19 21:31:52', 1, 1, 7, 1, NULL),
	(132, 131, NULL, 1, '2019-04-19 21:31:52', '2019-04-19 21:31:52', 1, 1, 7, 1, NULL),
	(133, 132, NULL, 3, '2019-04-19 21:31:52', '2019-04-19 21:31:52', 1, 1, 7, 1, NULL),
	(134, 133, NULL, 2, '2019-04-19 21:31:52', '2019-04-19 21:31:52', 1, 1, 7, 1, NULL),
	(135, 134, NULL, 0, '2019-04-19 21:31:52', '2019-04-19 21:31:52', 1, 1, 7, 1, NULL),
	(136, 135, NULL, 1, '2019-04-19 21:31:52', '2019-04-19 21:31:52', 1, 1, 7, 1, NULL),
	(137, 136, NULL, 1, '2019-04-19 21:31:52', '2019-04-19 21:31:52', 1, 1, 7, 1, NULL),
	(138, 137, NULL, 1, '2019-04-19 21:31:52', '2019-04-19 21:31:52', 1, 1, 7, 1, NULL),
	(139, 138, NULL, 0, '2019-04-19 21:31:52', '2019-04-19 21:31:52', 1, 1, 7, 1, NULL),
	(140, 139, NULL, 0, '2019-04-19 21:31:52', '2019-04-19 21:31:52', 1, 1, 7, 1, NULL),
	(141, 140, NULL, 0, '2019-04-19 21:31:52', '2019-04-19 21:31:52', 1, 1, 7, 1, NULL),
	(142, 141, NULL, 2, '2019-04-19 21:31:52', '2019-04-19 21:31:52', 1, 1, 7, 1, NULL),
	(143, 142, NULL, 1, '2019-04-19 21:31:52', '2019-04-19 21:31:52', 1, 1, 7, 1, NULL),
	(144, 143, NULL, 1, '2019-04-19 21:31:52', '2019-04-19 21:31:52', 1, 1, 7, 1, NULL),
	(145, 144, NULL, 1, '2019-04-19 21:31:52', '2019-04-19 21:31:52', 1, 1, 7, 1, NULL),
	(146, 145, NULL, 0, '2019-04-19 21:31:52', '2019-04-19 21:31:52', 1, 1, 7, 1, NULL),
	(147, 146, NULL, 1, '2019-04-19 21:31:52', '2019-04-19 21:31:52', 1, 1, 7, 1, NULL),
	(148, 147, NULL, 1, '2019-04-19 21:31:52', '2019-04-19 21:31:52', 1, 1, 7, 1, NULL),
	(149, 148, NULL, 0, '2019-04-19 21:31:52', '2019-04-19 21:31:52', 1, 1, 7, 1, NULL),
	(150, 149, NULL, 0, '2019-04-19 21:31:52', '2019-04-19 21:31:52', 1, 1, 7, 1, NULL),
	(151, 150, NULL, 1, '2019-04-19 21:31:52', '2019-04-19 21:31:52', 1, 1, 7, 1, NULL),
	(152, 151, NULL, 1, '2019-04-19 21:31:52', '2019-04-19 21:31:52', 1, 1, 7, 1, NULL),
	(153, 152, NULL, 3, '2019-04-19 21:31:52', '2019-04-19 21:31:52', 1, 1, 7, 1, NULL),
	(154, 153, NULL, 2, '2019-04-19 21:31:52', '2019-04-19 21:31:52', 1, 1, 7, 1, NULL),
	(155, 154, NULL, 0, '2019-04-19 21:31:52', '2019-04-19 21:31:52', 1, 1, 7, 1, NULL),
	(156, 155, NULL, 4, '2019-04-19 21:31:52', '2019-04-19 21:31:52', 1, 1, 7, 1, NULL),
	(157, 156, NULL, 6, '2019-04-19 21:31:52', '2019-04-19 21:31:52', 1, 1, 7, 1, NULL),
	(158, 157, NULL, 1, '2019-04-19 21:31:52', '2019-04-19 21:31:52', 1, 1, 7, 1, NULL),
	(159, 158, NULL, 0, '2019-04-19 21:31:52', '2019-04-19 21:31:52', 1, 1, 7, 1, NULL),
	(160, 159, NULL, 1, '2019-04-19 21:31:52', '2019-04-19 21:31:52', 1, 1, 7, 1, NULL),
	(161, 160, NULL, 0, '2019-04-19 21:31:52', '2019-04-19 21:31:52', 1, 1, 7, 1, NULL),
	(162, 161, NULL, 1, '2019-04-19 21:31:52', '2019-04-19 21:31:52', 1, 1, 7, 1, NULL),
	(163, 162, NULL, 0, '2019-04-19 21:31:52', '2019-04-19 21:31:52', 1, 1, 7, 1, NULL),
	(164, 163, NULL, 3, '2019-04-19 21:31:52', '2019-04-19 21:31:52', 1, 1, 7, 1, NULL),
	(165, 164, NULL, 3, '2019-04-19 21:31:52', '2019-04-19 21:31:52', 1, 1, 7, 1, NULL),
	(166, 165, NULL, 0, '2019-04-19 21:31:52', '2019-04-19 21:31:52', 1, 1, 7, 1, NULL),
	(167, 166, NULL, 2, '2019-04-19 21:31:52', '2019-04-19 21:31:52', 1, 1, 7, 1, NULL),
	(168, 167, NULL, 4, '2019-04-19 21:31:52', '2019-04-19 21:31:52', 1, 1, 7, 1, NULL),
	(169, 168, NULL, 3, '2019-04-19 21:31:52', '2019-04-19 21:31:52', 1, 1, 7, 1, NULL),
	(170, 169, NULL, 1, '2019-04-19 21:31:52', '2019-04-19 21:31:52', 1, 1, 7, 1, NULL),
	(171, 170, NULL, 0, '2019-04-19 21:31:52', '2019-04-19 21:31:52', 1, 1, 7, 1, NULL),
	(172, 171, NULL, 1, '2019-04-19 21:31:52', '2019-04-19 21:31:52', 1, 1, 7, 1, NULL),
	(173, 172, NULL, 1, '2019-04-19 21:31:52', '2019-04-19 21:31:52', 1, 1, 7, 1, NULL),
	(174, 173, NULL, 0, '2019-04-19 21:31:52', '2019-04-19 21:31:52', 1, 1, 7, 1, NULL),
	(175, 174, NULL, 3, '2019-04-19 21:31:52', '2019-04-19 21:31:52', 1, 1, 7, 1, NULL),
	(176, 175, NULL, 0, '2019-04-19 21:31:52', '2019-04-19 21:31:52', 1, 1, 7, 1, NULL),
	(177, 176, NULL, 1, '2019-04-19 21:31:52', '2019-04-19 21:31:52', 1, 1, 7, 1, NULL),
	(178, 177, NULL, 0, '2019-04-19 21:31:52', '2019-04-19 21:31:52', 1, 1, 7, 1, NULL),
	(179, 178, NULL, 0, '2019-04-19 21:31:52', '2019-04-19 21:31:52', 1, 1, 7, 1, NULL),
	(180, 179, NULL, 3, '2019-04-19 21:31:52', '2019-04-19 21:31:52', 1, 1, 7, 1, NULL),
	(181, 180, NULL, 4, '2019-04-19 21:31:52', '2019-04-19 21:31:52', 1, 1, 7, 1, NULL),
	(182, 181, NULL, 0, '2019-04-19 21:31:52', '2019-04-19 21:31:52', 1, 1, 7, 1, NULL),
	(183, 182, NULL, 4, '2019-04-19 21:31:52', '2019-04-19 21:31:52', 1, 1, 7, 1, NULL),
	(184, 183, NULL, 1, '2019-04-19 21:31:52', '2019-04-19 21:31:52', 1, 1, 7, 1, NULL),
	(185, 184, NULL, 1, '2019-04-19 21:31:52', '2019-04-19 21:31:52', 1, 1, 7, 1, NULL),
	(186, 185, NULL, 1, '2019-04-19 21:31:52', '2019-04-19 21:31:52', 1, 1, 7, 1, NULL),
	(187, 186, NULL, 1, '2019-04-19 21:31:52', '2019-04-19 21:31:52', 1, 1, 7, 1, NULL),
	(188, 187, NULL, 1, '2019-04-19 21:31:52', '2019-04-19 21:31:52', 1, 1, 7, 1, NULL),
	(189, 188, NULL, 0, '2019-04-19 21:31:52', '2019-04-19 21:31:52', 1, 1, 7, 1, NULL),
	(190, 189, NULL, 2, '2019-04-19 21:31:52', '2019-04-19 21:31:52', 1, 1, 7, 1, NULL),
	(191, 190, NULL, 3, '2019-04-19 21:31:52', '2019-04-19 21:31:52', 1, 1, 7, 1, NULL),
	(192, 191, NULL, 0, '2019-04-19 21:31:52', '2019-04-19 21:31:52', 1, 1, 7, 1, NULL),
	(193, 192, NULL, 7, '2019-04-19 21:31:52', '2019-04-19 21:31:52', 1, 1, 7, 1, NULL),
	(194, 193, NULL, 7, '2019-04-19 21:31:52', '2019-04-19 21:31:52', 1, 1, 7, 1, NULL),
	(195, 194, NULL, 5, '2019-04-19 21:31:52', '2019-04-19 21:31:52', 1, 1, 7, 1, NULL),
	(196, 195, NULL, 0, '2019-04-19 21:31:52', '2019-04-19 21:31:52', 1, 1, 7, 1, NULL),
	(197, 196, NULL, 3, '2019-04-19 21:31:52', '2019-04-19 21:31:52', 1, 1, 7, 1, NULL),
	(198, 197, NULL, 1, '2019-04-19 21:31:52', '2019-04-19 21:31:52', 1, 1, 7, 1, NULL),
	(199, 198, NULL, 4, '2019-04-19 21:31:52', '2019-04-19 21:31:52', 1, 1, 7, 1, NULL),
	(200, 199, NULL, 5, '2019-04-19 21:31:52', '2019-04-19 21:31:52', 1, 1, 7, 1, NULL),
	(201, 200, NULL, 3, '2019-04-19 21:31:52', '2019-04-19 21:31:52', 1, 1, 7, 1, NULL),
	(202, 201, NULL, 0, '2019-04-19 21:31:52', '2019-04-19 21:31:52', 1, 1, 7, 1, NULL),
	(203, 202, NULL, 0, '2019-04-19 21:31:52', '2019-04-19 21:31:52', 1, 1, 7, 1, NULL),
	(204, 203, NULL, 1, '2019-04-19 21:31:52', '2019-04-19 21:31:52', 1, 1, 7, 1, NULL),
	(205, 204, NULL, 2, '2019-04-19 21:31:52', '2019-04-19 21:31:52', 1, 1, 7, 1, NULL),
	(206, 205, NULL, 4, '2019-04-19 21:31:52', '2019-04-19 21:31:52', 1, 1, 7, 1, NULL),
	(207, 206, NULL, 2, '2019-04-19 21:31:52', '2019-04-19 21:31:52', 1, 1, 7, 1, NULL),
	(208, 207, NULL, 3, '2019-04-19 21:31:52', '2019-04-19 21:31:52', 1, 1, 7, 1, NULL),
	(209, 208, NULL, 1, '2019-04-19 21:31:52', '2019-04-19 21:31:52', 1, 1, 7, 1, NULL),
	(210, 209, NULL, 0, '2019-04-19 21:31:52', '2019-04-19 21:31:52', 1, 1, 7, 1, NULL),
	(211, 210, NULL, 1, '2019-04-19 21:31:52', '2019-04-19 21:31:52', 1, 1, 7, 1, NULL),
	(212, 211, NULL, 2, '2019-04-19 21:31:52', '2019-04-19 21:31:52', 1, 1, 7, 1, NULL),
	(213, 212, NULL, 2, '2019-04-19 21:31:52', '2019-04-19 21:31:52', 1, 1, 7, 1, NULL),
	(214, 213, NULL, 0, '2019-04-19 21:31:52', '2019-04-19 21:31:52', 1, 1, 7, 1, NULL),
	(215, 214, NULL, 1, '2019-04-19 21:31:52', '2019-04-19 21:31:52', 1, 1, 7, 1, NULL),
	(216, 215, NULL, 1, '2019-04-19 21:31:52', '2019-04-19 21:31:52', 1, 1, 7, 1, NULL),
	(217, 216, NULL, 1, '2019-04-19 21:31:52', '2019-04-19 21:31:52', 1, 1, 7, 1, NULL),
	(218, 217, NULL, 3, '2019-04-19 21:31:52', '2019-04-19 21:31:52', 1, 1, 7, 1, NULL),
	(219, 218, NULL, 1, '2019-04-19 21:31:52', '2019-04-19 21:31:52', 1, 1, 7, 1, NULL),
	(220, 219, NULL, 7, '2019-04-19 21:31:52', '2019-04-19 21:31:52', 1, 1, 7, 1, NULL),
	(221, 220, NULL, 9, '2019-04-19 21:31:52', '2019-04-19 21:31:52', 1, 1, 7, 1, NULL),
	(222, 221, NULL, 9, '2019-04-19 21:31:52', '2019-04-19 21:31:52', 1, 1, 7, 1, NULL),
	(223, 222, NULL, 7, '2019-04-19 21:31:52', '2019-04-19 21:31:52', 1, 1, 7, 1, NULL),
	(224, 223, NULL, 6, '2019-04-19 21:31:52', '2019-04-19 21:31:52', 1, 1, 7, 1, NULL),
	(225, 224, NULL, 2, '2019-04-19 21:31:52', '2019-04-19 21:31:52', 1, 1, 7, 1, NULL),
	(226, 225, NULL, 0, '2019-04-19 21:31:52', '2019-04-19 21:31:52', 1, 1, 7, 1, NULL),
	(227, 226, NULL, 6, '2019-04-19 21:31:52', '2019-04-19 21:31:52', 1, 1, 7, 1, NULL),
	(228, 227, NULL, 3, '2019-04-19 21:31:52', '2019-04-19 21:31:52', 1, 1, 7, 1, NULL),
	(229, 228, NULL, 4, '2019-04-19 21:31:52', '2019-04-19 21:31:52', 1, 1, 7, 1, NULL),
	(230, 229, NULL, 2, '2019-04-19 21:31:52', '2019-04-19 21:31:52', 1, 1, 7, 1, NULL),
	(231, 230, NULL, 0, '2019-04-19 21:31:52', '2019-04-19 21:31:52', 1, 1, 7, 1, NULL),
	(232, 231, NULL, 5, '2019-04-19 21:31:52', '2019-04-19 21:31:52', 1, 1, 7, 1, NULL),
	(233, 232, NULL, 8, '2019-04-19 21:31:52', '2019-04-19 21:31:52', 1, 1, 7, 1, NULL),
	(234, 233, NULL, 5, '2019-04-19 21:31:53', '2019-04-19 21:31:53', 1, 1, 7, 1, NULL),
	(235, 234, NULL, 5, '2019-04-19 21:31:53', '2019-04-19 21:31:53', 1, 1, 7, 1, NULL),
	(236, 235, NULL, 5, '2019-04-19 21:31:53', '2019-04-19 21:31:53', 1, 1, 7, 1, NULL),
	(237, 236, NULL, 2, '2019-04-19 21:31:53', '2019-04-19 21:31:53', 1, 1, 7, 1, NULL),
	(238, 237, NULL, 5, '2019-04-19 21:31:53', '2019-04-19 21:31:53', 1, 1, 7, 1, NULL),
	(239, 238, NULL, 7, '2019-04-19 21:31:53', '2019-04-19 21:31:53', 1, 1, 7, 1, NULL),
	(240, 239, NULL, 8, '2019-04-19 21:31:53', '2019-04-19 21:31:53', 1, 1, 7, 1, NULL),
	(241, 240, NULL, 5, '2019-04-19 21:31:53', '2019-04-19 21:31:53', 1, 1, 7, 1, NULL),
	(242, 241, NULL, 4, '2019-04-19 21:31:53', '2019-04-19 21:31:53', 1, 1, 7, 1, NULL),
	(243, 242, NULL, 1, '2019-04-19 21:31:53', '2019-04-19 21:31:53', 1, 1, 7, 1, NULL),
	(244, 243, NULL, 3, '2019-04-19 21:31:53', '2019-04-19 21:31:53', 1, 1, 7, 1, NULL),
	(245, 244, NULL, 4, '2019-04-19 21:31:53', '2019-04-19 21:31:53', 1, 1, 7, 1, NULL),
	(246, 245, NULL, 0, '2019-04-19 21:31:53', '2019-04-19 21:31:53', 1, 1, 7, 1, NULL),
	(247, 246, NULL, 4, '2019-04-19 21:31:53', '2019-04-19 21:31:53', 1, 1, 7, 1, NULL),
	(248, 247, NULL, 1, '2019-04-19 21:31:53', '2019-04-19 21:31:53', 1, 1, 7, 1, NULL),
	(249, 248, NULL, 0, '2019-04-19 21:31:53', '2019-04-19 21:31:53', 1, 1, 7, 1, NULL),
	(250, 249, NULL, 3, '2019-04-19 21:31:53', '2019-04-19 21:31:53', 1, 1, 7, 1, NULL),
	(251, 250, NULL, 8, '2019-04-19 21:31:53', '2019-04-19 21:31:53', 1, 1, 7, 1, NULL),
	(252, 251, NULL, 6, '2019-04-19 21:31:53', '2019-04-19 21:31:53', 1, 1, 7, 1, NULL),
	(253, 252, NULL, 3, '2019-04-19 21:31:53', '2019-04-19 21:31:53', 1, 1, 7, 1, NULL),
	(254, 253, NULL, 5, '2019-04-19 21:31:53', '2019-04-19 21:31:53', 1, 1, 7, 1, NULL),
	(255, 254, NULL, 2, '2019-04-19 21:31:53', '2019-04-19 21:31:53', 1, 1, 7, 1, NULL),
	(256, 255, NULL, 3, '2019-04-19 21:31:53', '2019-04-19 21:31:53', 1, 1, 7, 1, NULL),
	(257, 256, NULL, 1, '2019-04-19 21:31:53', '2019-04-19 21:31:53', 1, 1, 7, 1, NULL),
	(258, 257, NULL, 4, '2019-04-19 21:31:53', '2019-04-19 21:31:53', 1, 1, 7, 1, NULL),
	(259, 258, NULL, 1, '2019-04-19 21:31:53', '2019-04-19 21:31:53', 1, 1, 7, 1, NULL),
	(260, 259, NULL, 5, '2019-04-19 21:31:53', '2019-04-19 21:31:53', 1, 1, 7, 1, NULL),
	(261, 260, NULL, 0, '2019-04-19 21:31:53', '2019-04-19 21:31:53', 1, 1, 7, 1, NULL),
	(262, 261, NULL, 1, '2019-04-19 21:31:53', '2019-04-19 21:31:53', 1, 1, 7, 1, NULL),
	(263, 262, NULL, 1, '2019-04-19 21:31:53', '2019-04-19 21:31:53', 1, 1, 7, 1, NULL),
	(264, 263, NULL, 0, '2019-04-19 21:31:53', '2019-04-19 21:31:53', 1, 1, 7, 1, NULL),
	(265, 264, NULL, 0, '2019-04-19 21:31:53', '2019-04-19 21:31:53', 1, 1, 7, 1, NULL),
	(266, 265, NULL, 0, '2019-04-19 21:31:53', '2019-04-19 21:31:53', 1, 1, 7, 1, NULL),
	(267, 266, NULL, 0, '2019-04-19 21:31:53', '2019-04-19 21:31:53', 1, 1, 7, 1, NULL),
	(268, 267, NULL, 1, '2019-04-19 21:31:53', '2019-04-19 21:31:53', 1, 1, 7, 1, NULL),
	(269, 268, NULL, 2, '2019-04-19 21:31:53', '2019-04-19 21:31:53', 1, 1, 7, 1, NULL),
	(270, 269, NULL, 2, '2019-04-19 21:31:53', '2019-04-19 21:31:53', 1, 1, 7, 1, NULL),
	(271, 270, NULL, 0, '2019-04-19 21:31:53', '2019-04-19 21:31:53', 1, 1, 7, 1, NULL),
	(272, 271, NULL, 1, '2019-04-19 21:31:53', '2019-04-19 21:31:53', 1, 1, 7, 1, NULL),
	(273, 272, NULL, 3, '2019-04-19 21:31:53', '2019-04-19 21:31:53', 1, 1, 7, 1, NULL),
	(274, 273, NULL, 4, '2019-04-19 21:31:53', '2019-04-19 21:31:53', 1, 1, 7, 1, NULL),
	(275, 274, NULL, 5, '2019-04-19 21:31:53', '2019-04-19 21:31:53', 1, 1, 7, 1, NULL),
	(276, 275, NULL, 4, '2019-04-19 21:31:53', '2019-04-19 21:31:53', 1, 1, 7, 1, NULL),
	(277, 276, NULL, 2, '2019-04-19 21:31:53', '2019-04-19 21:31:53', 1, 1, 7, 1, NULL),
	(278, 277, NULL, 3, '2019-04-19 21:31:53', '2019-04-19 21:31:53', 1, 1, 7, 1, NULL),
	(279, 278, NULL, 2, '2019-04-19 21:31:53', '2019-04-19 21:31:53', 1, 1, 7, 1, NULL),
	(280, 279, NULL, 5, '2019-04-19 21:31:53', '2019-04-19 21:31:53', 1, 1, 7, 1, NULL),
	(281, 280, NULL, 6, '2019-04-19 21:31:53', '2019-04-19 21:31:53', 1, 1, 7, 1, NULL),
	(282, 281, NULL, 0, '2019-04-19 21:31:53', '2019-04-19 21:31:53', 1, 1, 7, 1, NULL),
	(283, 282, NULL, 4, '2019-04-19 21:31:53', '2019-04-19 21:31:53', 1, 1, 7, 1, NULL),
	(284, 283, NULL, 3, '2019-04-19 21:31:53', '2019-04-19 21:31:53', 1, 1, 7, 1, NULL),
	(285, 284, NULL, 3, '2019-04-19 21:31:53', '2019-04-19 21:31:53', 1, 1, 7, 1, NULL),
	(286, 285, NULL, 5, '2019-04-19 21:31:53', '2019-04-19 21:31:53', 1, 1, 7, 1, NULL),
	(287, 286, NULL, 1, '2019-04-19 21:31:53', '2019-04-19 21:31:53', 1, 1, 7, 1, NULL),
	(288, 287, NULL, 2, '2019-04-19 21:31:53', '2019-04-19 21:31:53', 1, 1, 7, 1, NULL),
	(289, 288, NULL, 3, '2019-04-19 21:31:53', '2019-04-19 21:31:53', 1, 1, 7, 1, NULL),
	(290, 289, NULL, 3, '2019-04-19 21:31:53', '2019-04-19 21:31:53', 1, 1, 7, 1, NULL),
	(291, 290, NULL, 1, '2019-04-19 21:31:53', '2019-04-19 21:31:53', 1, 1, 7, 1, NULL),
	(292, 291, NULL, 1, '2019-04-19 21:31:53', '2019-04-19 21:31:53', 1, 1, 7, 1, NULL),
	(293, 292, NULL, 0, '2019-04-19 21:31:53', '2019-04-19 21:31:53', 1, 1, 7, 1, NULL),
	(294, 293, NULL, 0, '2019-04-19 21:31:53', '2019-04-19 21:31:53', 1, 1, 7, 1, NULL),
	(295, 294, NULL, 4, '2019-04-19 21:31:53', '2019-04-19 21:31:53', 1, 1, 7, 1, NULL),
	(296, 295, NULL, 2, '2019-04-19 21:31:53', '2019-04-19 21:31:53', 1, 1, 7, 1, NULL),
	(297, 296, NULL, 6, '2019-04-19 21:31:53', '2019-04-19 21:31:53', 1, 1, 7, 1, NULL),
	(298, 297, NULL, 4, '2019-04-19 21:31:53', '2019-04-19 21:31:53', 1, 1, 7, 1, NULL),
	(299, 298, NULL, 7, '2019-04-19 21:31:53', '2019-04-19 21:31:53', 1, 1, 7, 1, NULL),
	(300, 299, NULL, 4, '2019-04-19 21:31:53', '2019-04-19 21:31:53', 1, 1, 7, 1, NULL),
	(301, 300, NULL, 5, '2019-04-19 21:31:53', '2019-04-19 21:31:53', 1, 1, 7, 1, NULL),
	(302, 301, NULL, 7, '2019-04-19 21:31:53', '2019-04-19 21:31:53', 1, 1, 7, 1, NULL),
	(303, 302, NULL, 7, '2019-04-19 21:31:53', '2019-04-19 21:31:53', 1, 1, 7, 1, NULL),
	(304, 303, NULL, 9, '2019-04-19 21:31:53', '2019-04-19 21:31:53', 1, 1, 7, 1, NULL),
	(305, 304, NULL, 5, '2019-04-19 21:31:53', '2019-04-19 21:31:53', 1, 1, 7, 1, NULL),
	(306, 305, NULL, 3, '2019-04-19 21:31:53', '2019-04-19 21:31:53', 1, 1, 7, 1, NULL),
	(307, 306, NULL, 4, '2019-04-19 21:31:53', '2019-04-19 21:31:53', 1, 1, 7, 1, NULL),
	(308, 307, NULL, 3, '2019-04-19 21:31:53', '2019-04-19 21:31:53', 1, 1, 7, 1, NULL),
	(309, 308, NULL, 4, '2019-04-19 21:31:53', '2019-04-19 21:31:53', 1, 1, 7, 1, NULL),
	(310, 309, NULL, 4, '2019-04-19 21:31:53', '2019-04-19 21:31:53', 1, 1, 7, 1, NULL),
	(311, 310, NULL, 2, '2019-04-19 21:31:53', '2019-04-19 21:31:53', 1, 1, 7, 1, NULL),
	(312, 311, NULL, 4, '2019-04-19 21:31:53', '2019-04-19 21:31:53', 1, 1, 7, 1, NULL),
	(313, 312, NULL, 6, '2019-04-19 21:31:53', '2019-04-19 21:31:53', 1, 1, 7, 1, NULL),
	(314, 313, NULL, 1, '2019-04-19 21:31:53', '2019-04-19 21:31:53', 1, 1, 7, 1, NULL),
	(315, 314, NULL, 2, '2019-04-19 21:31:53', '2019-04-19 21:31:53', 1, 1, 7, 1, NULL),
	(316, 315, NULL, 2, '2019-04-19 21:31:53', '2019-04-19 21:31:53', 1, 1, 7, 1, NULL),
	(317, 316, NULL, 3, '2019-04-19 21:31:53', '2019-04-19 21:31:53', 1, 1, 7, 1, NULL),
	(318, 317, NULL, 3, '2019-04-19 21:31:53', '2019-04-19 21:31:53', 1, 1, 7, 1, NULL),
	(319, 318, NULL, 3, '2019-04-19 21:31:53', '2019-04-19 21:31:53', 1, 1, 7, 1, NULL),
	(320, 319, NULL, 0, '2019-04-19 21:31:53', '2019-04-19 21:31:53', 1, 1, 7, 1, NULL),
	(321, 320, NULL, 1, '2019-04-19 21:31:53', '2019-04-19 21:31:53', 1, 1, 7, 1, NULL),
	(322, 321, NULL, 2, '2019-04-19 21:31:53', '2019-04-19 21:31:53', 1, 1, 7, 1, NULL),
	(323, 322, NULL, 3, '2019-04-19 21:31:53', '2019-04-19 21:31:53', 1, 1, 7, 1, NULL),
	(324, 323, NULL, 1, '2019-04-19 21:31:53', '2019-04-19 21:31:53', 1, 1, 7, 1, NULL),
	(325, 324, NULL, 0, '2019-04-19 21:31:53', '2019-04-19 21:31:53', 1, 1, 7, 1, NULL),
	(326, 325, NULL, 1, '2019-04-19 21:31:53', '2019-04-19 21:31:53', 1, 1, 7, 1, NULL),
	(327, 326, NULL, 5, '2019-04-19 21:31:53', '2019-04-19 21:31:53', 1, 1, 7, 1, NULL),
	(328, 327, NULL, 4, '2019-04-19 21:31:53', '2019-04-19 21:31:53', 1, 1, 7, 1, NULL),
	(329, 328, NULL, 6, '2019-04-19 21:31:53', '2019-04-19 21:31:53', 1, 1, 7, 1, NULL),
	(330, 329, NULL, 6, '2019-04-19 21:31:53', '2019-04-19 21:31:53', 1, 1, 7, 1, NULL),
	(331, 330, NULL, 2, '2019-04-19 21:31:53', '2019-04-19 21:31:53', 1, 1, 7, 1, NULL),
	(332, 331, NULL, 5, '2019-04-19 21:31:53', '2019-04-19 21:31:53', 1, 1, 7, 1, NULL),
	(333, 332, NULL, 3, '2019-04-19 21:31:53', '2019-04-19 21:31:53', 1, 1, 7, 1, NULL),
	(334, 333, NULL, 4, '2019-04-19 21:31:53', '2019-04-19 21:31:53', 1, 1, 7, 1, NULL),
	(335, 334, NULL, 2, '2019-04-19 21:31:53', '2019-04-19 21:31:53', 1, 1, 7, 1, NULL),
	(336, 335, NULL, 0, '2019-04-19 21:31:53', '2019-04-19 21:31:53', 1, 1, 7, 1, NULL),
	(337, 336, NULL, 1, '2019-04-19 21:31:53', '2019-04-19 21:31:53', 1, 1, 7, 1, NULL),
	(338, 337, NULL, 1, '2019-04-19 21:31:53', '2019-04-19 21:31:53', 1, 1, 7, 1, NULL),
	(339, 338, NULL, 3, '2019-04-19 21:31:53', '2019-04-19 21:31:53', 1, 1, 7, 1, NULL),
	(340, 339, NULL, 0, '2019-04-19 21:31:53', '2019-04-19 21:31:53', 1, 1, 7, 1, NULL),
	(341, 340, NULL, 2, '2019-04-19 21:31:53', '2019-04-19 21:31:53', 1, 1, 7, 1, NULL),
	(342, 341, NULL, 4, '2019-04-19 21:31:53', '2019-04-19 21:31:53', 1, 1, 7, 1, NULL),
	(343, 342, NULL, 4, '2019-04-19 21:31:53', '2019-04-19 21:31:53', 1, 1, 7, 1, NULL),
	(344, 343, NULL, 3, '2019-04-19 21:31:53', '2019-04-19 21:31:53', 1, 1, 7, 1, NULL),
	(345, 344, NULL, 1, '2019-04-19 21:31:53', '2019-04-19 21:31:53', 1, 1, 7, 1, NULL),
	(346, 345, NULL, 3, '2019-04-19 21:31:53', '2019-04-19 21:31:53', 1, 1, 7, 1, NULL),
	(347, 346, NULL, 4, '2019-04-19 21:31:53', '2019-04-19 21:31:53', 1, 1, 7, 1, NULL),
	(348, 347, NULL, 5, '2019-04-19 21:31:53', '2019-04-19 21:31:53', 1, 1, 7, 1, NULL),
	(349, 348, NULL, 3, '2019-04-19 21:31:53', '2019-04-19 21:31:53', 1, 1, 7, 1, NULL),
	(350, 349, NULL, 1, '2019-04-19 21:31:54', '2019-04-19 21:31:54', 1, 1, 7, 1, NULL),
	(351, 350, NULL, 2, '2019-04-19 21:31:54', '2019-04-19 21:31:54', 1, 1, 7, 1, NULL),
	(352, 351, NULL, 4, '2019-04-19 21:31:54', '2019-04-19 21:31:54', 1, 1, 7, 1, NULL),
	(353, 352, NULL, 4, '2019-04-19 21:31:54', '2019-04-19 21:31:54', 1, 1, 7, 1, NULL),
	(354, 353, NULL, 3, '2019-04-19 21:31:54', '2019-04-19 21:31:54', 1, 1, 7, 1, NULL),
	(355, 354, NULL, 1, '2019-04-19 21:31:54', '2019-04-19 21:31:54', 1, 1, 7, 1, NULL),
	(356, 355, NULL, 0, '2019-04-19 21:31:54', '2019-04-19 21:31:54', 1, 1, 7, 1, NULL),
	(357, 356, NULL, 1, '2019-04-19 21:31:54', '2019-04-19 21:31:54', 1, 1, 7, 1, NULL),
	(358, 357, NULL, 1, '2019-04-19 21:31:54', '2019-04-19 21:31:54', 1, 1, 7, 1, NULL),
	(359, 358, NULL, 1, '2019-04-19 21:31:54', '2019-04-19 21:31:54', 1, 1, 7, 1, NULL),
	(360, 359, NULL, 1, '2019-04-19 21:31:54', '2019-04-19 21:31:54', 1, 1, 7, 1, NULL),
	(361, 360, NULL, 1, '2019-04-19 21:31:54', '2019-04-19 21:31:54', 1, 1, 7, 1, NULL),
	(362, 361, NULL, 0, '2019-04-19 21:31:54', '2019-04-19 21:31:54', 1, 1, 7, 1, NULL),
	(363, 362, NULL, 1, '2019-04-19 21:31:54', '2019-04-19 21:31:54', 1, 1, 7, 1, NULL),
	(364, 363, NULL, 0, '2019-04-19 21:31:54', '2019-04-19 21:31:54', 1, 1, 7, 1, NULL),
	(365, 364, NULL, 1, '2019-04-19 21:31:54', '2019-04-19 21:31:54', 1, 1, 7, 1, NULL),
	(366, 365, NULL, 1, '2019-04-19 21:31:54', '2019-04-19 21:31:54', 1, 1, 7, 1, NULL),
	(367, 366, NULL, 0, '2019-04-19 21:31:54', '2019-04-19 21:31:54', 1, 1, 7, 1, NULL),
	(368, 367, NULL, 0, '2019-04-19 21:31:54', '2019-04-19 21:31:54', 1, 1, 7, 1, NULL),
	(369, 368, NULL, 2, '2019-04-19 21:31:54', '2019-04-19 21:31:54', 1, 1, 7, 1, NULL),
	(370, 369, NULL, 0, '2019-04-19 21:31:54', '2019-04-19 21:31:54', 1, 1, 7, 1, NULL),
	(371, 370, NULL, 1, '2019-04-19 21:31:54', '2019-04-19 21:31:54', 1, 1, 7, 1, NULL),
	(372, 371, NULL, 0, '2019-04-19 21:31:54', '2019-04-19 21:31:54', 1, 1, 7, 1, NULL),
	(373, 372, NULL, 0, '2019-04-19 21:31:54', '2019-04-19 21:31:54', 1, 1, 7, 1, NULL),
	(374, 373, NULL, 2, '2019-04-19 21:31:54', '2019-04-19 21:31:54', 1, 1, 7, 1, NULL),
	(375, 374, NULL, 4, '2019-04-19 21:31:54', '2019-04-19 21:31:54', 1, 1, 7, 1, NULL),
	(376, 375, NULL, 4, '2019-04-19 21:31:54', '2019-04-19 21:31:54', 1, 1, 7, 1, NULL),
	(377, 376, NULL, 2, '2019-04-19 21:31:54', '2019-04-19 21:31:54', 1, 1, 7, 1, NULL),
	(378, 377, NULL, 2, '2019-04-19 21:31:54', '2019-04-19 21:31:54', 1, 1, 7, 1, NULL),
	(379, 378, NULL, 4, '2019-04-19 21:31:54', '2019-04-19 21:31:54', 1, 1, 7, 1, NULL),
	(380, 379, NULL, 3, '2019-04-19 21:31:54', '2019-04-19 21:31:54', 1, 1, 7, 1, NULL),
	(381, 380, NULL, 3, '2019-04-19 21:31:54', '2019-04-19 21:31:54', 1, 1, 7, 1, NULL),
	(382, 381, NULL, 4, '2019-04-19 21:31:54', '2019-04-19 21:31:54', 1, 1, 7, 1, NULL),
	(383, 382, NULL, 0, '2019-04-19 21:31:54', '2019-04-19 21:31:54', 1, 1, 7, 1, NULL),
	(384, 383, NULL, 2, '2019-04-19 21:31:54', '2019-04-19 21:31:54', 1, 1, 7, 1, NULL),
	(385, 384, NULL, 2, '2019-04-19 21:31:54', '2019-04-19 21:31:54', 1, 1, 7, 1, NULL),
	(386, 385, NULL, 3, '2019-04-19 21:31:54', '2019-04-19 21:31:54', 1, 1, 7, 1, NULL),
	(387, 386, NULL, 4, '2019-04-19 21:31:54', '2019-04-19 21:31:54', 1, 1, 7, 1, NULL),
	(388, 387, NULL, 1, '2019-04-19 21:31:54', '2019-04-19 21:31:54', 1, 1, 7, 1, NULL),
	(389, 388, NULL, 6, '2019-04-19 21:31:54', '2019-04-19 21:31:54', 1, 1, 7, 1, NULL),
	(390, 389, NULL, 6, '2019-04-19 21:31:54', '2019-04-19 21:31:54', 1, 1, 7, 1, NULL),
	(391, 390, NULL, 7, '2019-04-19 21:31:54', '2019-04-19 21:31:54', 1, 1, 7, 1, NULL),
	(392, 391, NULL, 3, '2019-04-19 21:31:54', '2019-04-19 21:31:54', 1, 1, 7, 1, NULL),
	(393, 392, NULL, 1, '2019-04-19 21:31:54', '2019-04-19 21:31:54', 1, 1, 7, 1, NULL),
	(394, 393, NULL, 5, '2019-04-19 21:31:54', '2019-04-19 21:31:54', 1, 1, 7, 1, NULL),
	(395, 394, NULL, 4, '2019-04-19 21:31:54', '2019-04-19 21:31:54', 1, 1, 7, 1, NULL),
	(396, 395, NULL, 4, '2019-04-19 21:31:54', '2019-04-19 21:31:54', 1, 1, 7, 1, NULL),
	(397, 396, NULL, 5, '2019-04-19 21:31:54', '2019-04-19 21:31:54', 1, 1, 7, 1, NULL),
	(398, 397, NULL, 1, '2019-04-19 21:31:54', '2019-04-19 21:31:54', 1, 1, 7, 1, NULL),
	(399, 398, NULL, 0, '2019-04-19 21:31:54', '2019-04-19 21:31:54', 1, 1, 7, 1, NULL),
	(400, 399, NULL, 4, '2019-04-19 21:31:54', '2019-04-19 21:31:54', 1, 1, 7, 1, NULL),
	(401, 400, NULL, 1, '2019-04-19 21:31:54', '2019-04-19 21:31:54', 1, 1, 7, 1, NULL),
	(402, 401, NULL, 0, '2019-04-19 21:31:54', '2019-04-19 21:31:54', 1, 1, 7, 1, NULL),
	(403, 402, NULL, 9, '2019-04-19 21:31:54', '2019-04-19 21:31:54', 1, 1, 7, 1, NULL),
	(404, 403, NULL, 5, '2019-04-19 21:31:54', '2019-04-19 21:31:54', 1, 1, 7, 1, NULL),
	(405, 404, NULL, 6, '2019-04-19 21:31:54', '2019-04-19 21:31:54', 1, 1, 7, 1, NULL),
	(406, 405, NULL, 2, '2019-04-19 21:31:54', '2019-04-19 21:31:54', 1, 1, 7, 1, NULL),
	(407, 406, NULL, 4, '2019-04-19 21:31:54', '2019-04-19 21:31:54', 1, 1, 7, 1, NULL),
	(408, 407, NULL, 7, '2019-04-19 21:31:54', '2019-04-19 21:31:54', 1, 1, 7, 1, NULL),
	(409, 408, NULL, 0, '2019-04-19 21:31:54', '2019-04-19 21:31:54', 1, 1, 7, 1, NULL),
	(410, 409, NULL, 2, '2019-04-19 21:31:54', '2019-04-19 21:31:54', 1, 1, 7, 1, NULL),
	(411, 410, NULL, 2, '2019-04-19 21:31:54', '2019-04-19 21:31:54', 1, 1, 7, 1, NULL),
	(412, 411, NULL, 0, '2019-04-19 21:31:54', '2019-04-19 21:31:54', 1, 1, 7, 1, NULL),
	(413, 412, NULL, 2, '2019-04-19 21:31:54', '2019-04-19 21:31:54', 1, 1, 7, 1, NULL),
	(414, 413, NULL, 2, '2019-04-19 21:31:54', '2019-04-19 21:31:54', 1, 1, 7, 1, NULL),
	(415, 414, NULL, 1, '2019-04-19 21:31:54', '2019-04-19 21:31:54', 1, 1, 7, 1, NULL),
	(416, 415, NULL, 0, '2019-04-19 21:31:54', '2019-04-19 21:31:54', 1, 1, 7, 1, NULL),
	(417, 416, NULL, 1, '2019-04-19 21:31:54', '2019-04-19 21:31:54', 1, 1, 7, 1, NULL),
	(418, 417, NULL, 5, '2019-04-19 21:31:54', '2019-04-19 21:31:54', 1, 1, 7, 1, NULL),
	(419, 418, NULL, 2, '2019-04-19 21:31:54', '2019-04-19 21:31:54', 1, 1, 7, 1, NULL),
	(420, 419, NULL, 0, '2019-04-19 21:31:54', '2019-04-19 21:31:54', 1, 1, 7, 1, NULL),
	(421, 420, NULL, 0, '2019-04-19 21:31:54', '2019-04-19 21:31:54', 1, 1, 7, 1, NULL),
	(422, 421, NULL, 1, '2019-04-19 21:31:54', '2019-04-19 21:31:54', 1, 1, 7, 1, NULL),
	(423, 422, NULL, 0, '2019-04-19 21:31:54', '2019-04-19 21:31:54', 1, 1, 7, 1, NULL),
	(424, 423, NULL, 0, '2019-04-19 21:31:54', '2019-04-19 21:31:54', 1, 1, 7, 1, NULL),
	(425, 424, NULL, 0, '2019-04-19 21:31:54', '2019-04-19 21:31:54', 1, 1, 7, 1, NULL),
	(426, 425, NULL, 4, '2019-04-19 21:31:54', '2019-04-19 21:31:54', 1, 1, 7, 1, NULL),
	(427, 426, NULL, 2, '2019-04-19 21:31:54', '2019-04-19 21:31:54', 1, 1, 7, 1, NULL),
	(428, 427, NULL, 3, '2019-04-19 21:31:54', '2019-04-19 21:31:54', 1, 1, 7, 1, NULL),
	(429, 428, NULL, 5, '2019-04-19 21:31:54', '2019-04-19 21:31:54', 1, 1, 7, 1, NULL),
	(430, 429, NULL, 3, '2019-04-19 21:31:54', '2019-04-19 21:31:54', 1, 1, 7, 1, NULL),
	(431, 430, NULL, 1, '2019-04-19 21:31:54', '2019-04-19 21:31:54', 1, 1, 7, 1, NULL),
	(432, 431, NULL, 6, '2019-04-19 21:31:54', '2019-04-19 21:31:54', 1, 1, 7, 1, NULL),
	(433, 432, NULL, 1, '2019-04-19 21:31:54', '2019-04-19 21:31:54', 1, 1, 7, 1, NULL),
	(434, 433, NULL, 0, '2019-04-19 21:31:54', '2019-04-19 21:31:54', 1, 1, 7, 1, NULL),
	(435, 434, NULL, 3, '2019-04-19 21:31:54', '2019-04-19 21:31:54', 1, 1, 7, 1, NULL),
	(436, 435, NULL, 1, '2019-04-19 21:31:54', '2019-04-19 21:31:54', 1, 1, 7, 1, NULL),
	(437, 436, NULL, 0, '2019-04-19 21:31:54', '2019-04-19 21:31:54', 1, 1, 7, 1, NULL),
	(438, 437, NULL, 0, '2019-04-19 21:31:54', '2019-04-19 21:31:54', 1, 1, 7, 1, NULL),
	(439, 438, NULL, 1, '2019-04-19 21:31:54', '2019-04-19 21:31:54', 1, 1, 7, 1, NULL),
	(440, 439, NULL, 0, '2019-04-19 21:31:54', '2019-04-19 21:31:54', 1, 1, 7, 1, NULL),
	(441, 440, NULL, 0, '2019-04-19 21:31:54', '2019-04-19 21:31:54', 1, 1, 7, 1, NULL),
	(442, 441, NULL, 2, '2019-04-19 21:31:54', '2019-04-19 21:31:54', 1, 1, 7, 1, NULL),
	(443, 442, NULL, 1, '2019-04-19 21:31:54', '2019-04-19 21:31:54', 1, 1, 7, 1, NULL),
	(444, 443, NULL, 0, '2019-04-19 21:31:54', '2019-04-19 21:31:54', 1, 1, 7, 1, NULL),
	(445, 444, NULL, 1, '2019-04-19 21:31:54', '2019-04-19 21:31:54', 1, 1, 7, 1, NULL),
	(446, 445, NULL, 0, '2019-04-19 21:31:54', '2019-04-19 21:31:54', 1, 1, 7, 1, NULL),
	(447, 446, NULL, 1, '2019-04-19 21:31:54', '2019-04-19 21:31:54', 1, 1, 7, 1, NULL),
	(448, 447, NULL, 0, '2019-04-19 21:31:54', '2019-04-19 21:31:54', 1, 1, 7, 1, NULL),
	(449, 448, NULL, 0, '2019-04-19 21:31:54', '2019-04-19 21:31:54', 1, 1, 7, 1, NULL),
	(450, 449, NULL, 0, '2019-04-19 21:31:54', '2019-04-19 21:31:54', 1, 1, 7, 1, NULL),
	(451, 450, NULL, 0, '2019-04-19 21:31:54', '2019-04-19 21:31:54', 1, 1, 7, 1, NULL),
	(452, 451, NULL, 0, '2019-04-19 21:31:54', '2019-04-19 21:31:54', 1, 1, 7, 1, NULL),
	(453, 452, NULL, 0, '2019-04-19 21:31:54', '2019-04-19 21:31:54', 1, 1, 7, 1, NULL),
	(454, 453, NULL, 0, '2019-04-19 21:31:54', '2019-04-19 21:31:54', 1, 1, 7, 1, NULL),
	(455, 454, NULL, 0, '2019-04-19 21:31:54', '2019-04-19 21:31:54', 1, 1, 7, 1, NULL),
	(456, 455, NULL, 0, '2019-04-19 21:31:54', '2019-04-19 21:31:54', 1, 1, 7, 1, NULL),
	(457, 456, NULL, 0, '2019-04-19 21:31:54', '2019-04-19 21:31:54', 1, 1, 7, 1, NULL),
	(458, 457, NULL, 0, '2019-04-19 21:31:54', '2019-04-19 21:31:54', 1, 1, 7, 1, NULL),
	(459, 458, NULL, 0, '2019-04-19 21:31:54', '2019-04-19 21:31:54', 1, 1, 7, 1, NULL),
	(460, 459, NULL, 0, '2019-04-19 21:31:54', '2019-04-19 21:31:54', 1, 1, 7, 1, NULL),
	(461, 460, NULL, 0, '2019-04-19 21:31:54', '2019-04-19 21:31:54', 1, 1, 7, 1, NULL),
	(462, 461, NULL, 0, '2019-04-19 21:31:54', '2019-04-19 21:31:54', 1, 1, 7, 1, NULL),
	(463, 462, NULL, 2, '2019-04-19 21:31:55', '2019-04-19 21:31:55', 1, 1, 7, 1, NULL),
	(464, 463, NULL, 0, '2019-04-19 21:31:55', '2019-04-19 21:31:55', 1, 1, 7, 1, NULL),
	(465, 464, NULL, 1, '2019-04-19 21:31:55', '2019-04-19 21:31:55', 1, 1, 7, 1, NULL),
	(466, 465, NULL, 0, '2019-04-19 21:31:55', '2019-04-19 21:31:55', 1, 1, 7, 1, NULL),
	(467, 466, NULL, 1, '2019-04-19 21:31:55', '2019-04-19 21:31:55', 1, 1, 7, 1, NULL),
	(468, 467, NULL, 0, '2019-04-19 21:31:55', '2019-04-19 21:31:55', 1, 1, 7, 1, NULL),
	(469, 468, NULL, 1, '2019-04-19 21:31:55', '2019-04-19 21:31:55', 1, 1, 7, 1, NULL),
	(470, 469, NULL, 1, '2019-04-19 21:31:55', '2019-04-19 21:31:55', 1, 1, 7, 1, NULL),
	(471, 470, NULL, 3, '2019-04-19 21:31:55', '2019-04-19 21:31:55', 1, 1, 7, 1, NULL),
	(472, 471, NULL, 0, '2019-04-19 21:31:55', '2019-04-19 21:31:55', 1, 1, 7, 1, NULL),
	(473, 472, NULL, 2, '2019-04-19 21:31:55', '2019-04-19 21:31:55', 1, 1, 7, 1, NULL),
	(474, 473, NULL, 1, '2019-04-19 21:31:55', '2019-04-19 21:31:55', 1, 1, 7, 1, NULL),
	(475, 474, NULL, 1, '2019-04-19 21:31:55', '2019-04-19 21:31:55', 1, 1, 7, 1, NULL),
	(476, 475, NULL, 0, '2019-04-19 21:31:55', '2019-04-19 21:31:55', 1, 1, 7, 1, NULL),
	(477, 476, NULL, 5, '2019-04-19 21:31:55', '2019-04-19 21:31:55', 1, 1, 7, 1, NULL),
	(478, 477, NULL, 0, '2019-04-19 21:31:55', '2019-04-19 21:31:55', 1, 1, 7, 1, NULL),
	(479, 478, NULL, 1, '2019-04-19 21:31:55', '2019-04-19 21:31:55', 1, 1, 7, 1, NULL),
	(480, 479, NULL, 0, '2019-04-19 21:31:55', '2019-04-19 21:31:55', 1, 1, 7, 1, NULL),
	(481, 480, NULL, 0, '2019-04-19 21:31:55', '2019-04-19 21:31:55', 1, 1, 7, 1, NULL),
	(482, 481, NULL, 2, '2019-04-19 21:31:55', '2019-04-19 21:31:55', 1, 1, 7, 1, NULL),
	(483, 482, NULL, 0, '2019-04-19 21:31:55', '2019-04-19 21:31:55', 1, 1, 7, 1, NULL),
	(484, 483, NULL, 0, '2019-04-19 21:31:55', '2019-04-19 21:31:55', 1, 1, 7, 1, NULL),
	(485, 484, NULL, 1, '2019-04-19 21:31:55', '2019-04-19 21:31:55', 1, 1, 7, 1, NULL),
	(486, 485, NULL, 1, '2019-04-19 21:31:55', '2019-04-19 21:31:55', 1, 1, 7, 1, NULL),
	(487, 486, NULL, 1, '2019-04-19 21:31:55', '2019-04-19 21:31:55', 1, 1, 7, 1, NULL),
	(488, 487, NULL, 1, '2019-04-19 21:31:55', '2019-04-19 21:31:55', 1, 1, 7, 1, NULL),
	(489, 488, NULL, 0, '2019-04-19 21:31:55', '2019-04-19 21:31:55', 1, 1, 7, 1, NULL),
	(490, 489, NULL, 0, '2019-04-19 21:31:55', '2019-04-19 21:31:55', 1, 1, 7, 1, NULL),
	(491, 490, NULL, 0, '2019-04-19 21:31:55', '2019-04-19 21:31:55', 1, 1, 7, 1, NULL),
	(492, 491, NULL, 0, '2019-04-19 21:31:55', '2019-04-19 21:31:55', 1, 1, 7, 1, NULL),
	(493, 492, NULL, 0, '2019-04-19 21:31:55', '2019-04-19 21:31:55', 1, 1, 7, 1, NULL),
	(494, 493, NULL, 0, '2019-04-19 21:31:55', '2019-04-19 21:31:55', 1, 1, 7, 1, NULL),
	(495, 494, NULL, 0, '2019-04-19 21:31:55', '2019-04-19 21:31:55', 1, 1, 7, 1, NULL),
	(496, 495, NULL, 0, '2019-04-19 21:31:55', '2019-04-19 21:31:55', 1, 1, 7, 1, NULL),
	(497, 496, NULL, 0, '2019-04-19 21:31:55', '2019-04-19 21:31:55', 1, 1, 7, 1, NULL),
	(498, 497, NULL, 0, '2019-04-19 21:31:55', '2019-04-19 21:31:55', 1, 1, 7, 1, NULL),
	(499, 498, NULL, 0, '2019-04-19 21:31:55', '2019-04-19 21:31:55', 1, 1, 7, 1, NULL),
	(500, 499, NULL, 0, '2019-04-19 21:31:55', '2019-04-19 21:31:55', 1, 1, 7, 1, NULL),
	(501, 500, NULL, 0, '2019-04-19 21:31:55', '2019-04-19 21:31:55', 1, 1, 7, 1, NULL),
	(502, 501, NULL, 0, '2019-04-19 21:31:55', '2019-04-19 21:31:55', 1, 1, 7, 1, NULL),
	(503, 502, NULL, 0, '2019-04-19 21:31:55', '2019-04-19 21:31:55', 1, 1, 7, 1, NULL),
	(504, 503, NULL, 0, '2019-04-19 21:31:55', '2019-04-19 21:31:55', 1, 1, 7, 1, NULL),
	(505, 504, NULL, 0, '2019-04-19 21:31:55', '2019-04-19 21:31:55', 1, 1, 7, 1, NULL),
	(506, 505, NULL, 0, '2019-04-19 21:31:55', '2019-04-19 21:31:55', 1, 1, 7, 1, NULL),
	(507, 506, NULL, 0, '2019-04-19 21:31:55', '2019-04-19 21:31:55', 1, 1, 7, 1, NULL),
	(508, 507, NULL, 0, '2019-04-19 21:31:55', '2019-04-19 21:31:55', 1, 1, 7, 1, NULL),
	(509, 508, NULL, 0, '2019-04-19 21:31:55', '2019-04-19 21:31:55', 1, 1, 7, 1, NULL),
	(510, 509, NULL, 0, '2019-04-19 21:31:55', '2019-04-19 21:31:55', 1, 1, 7, 1, NULL),
	(511, 510, NULL, 0, '2019-04-19 21:31:55', '2019-04-19 21:31:55', 1, 1, 7, 1, NULL),
	(512, 511, NULL, 0, '2019-04-19 21:31:55', '2019-04-19 21:31:55', 1, 1, 7, 1, NULL),
	(513, 512, NULL, 0, '2019-04-19 21:31:55', '2019-04-19 21:31:55', 1, 1, 7, 1, NULL),
	(514, 513, NULL, 1, '2019-04-19 21:31:55', '2019-04-19 21:31:55', 1, 1, 7, 1, NULL),
	(515, 514, NULL, 0, '2019-04-19 21:31:55', '2019-04-19 21:31:55', 1, 1, 7, 1, NULL),
	(516, 515, NULL, 0, '2019-04-19 21:31:55', '2019-04-19 21:31:55', 1, 1, 7, 1, NULL),
	(517, 516, NULL, 1, '2019-04-19 21:31:55', '2019-04-19 21:31:55', 1, 1, 7, 1, NULL),
	(518, 517, NULL, 2, '2019-04-19 21:31:55', '2019-04-19 21:31:55', 1, 1, 7, 1, NULL),
	(519, 518, NULL, 0, '2019-04-19 21:31:55', '2019-04-19 21:31:55', 1, 1, 7, 1, NULL),
	(520, 519, NULL, 1, '2019-04-19 21:31:55', '2019-04-19 21:31:55', 1, 1, 7, 1, NULL),
	(521, 520, NULL, 1, '2019-04-19 21:31:55', '2019-04-19 21:31:55', 1, 1, 7, 1, NULL),
	(522, 521, NULL, 0, '2019-04-19 21:31:55', '2019-04-19 21:31:55', 1, 1, 7, 1, NULL),
	(523, 522, NULL, 0, '2019-04-19 21:31:55', '2019-04-19 21:31:55', 1, 1, 7, 1, NULL),
	(524, 523, NULL, 0, '2019-04-19 21:31:55', '2019-04-19 21:31:55', 1, 1, 7, 1, NULL),
	(525, 524, NULL, 0, '2019-04-19 21:31:55', '2019-04-19 21:31:55', 1, 1, 7, 1, NULL),
	(526, 525, NULL, 1, '2019-04-19 21:31:55', '2019-04-19 21:31:55', 1, 1, 7, 1, NULL),
	(527, 526, NULL, 1, '2019-04-19 21:31:55', '2019-04-19 21:31:55', 1, 1, 7, 1, NULL),
	(528, 527, NULL, 1, '2019-04-19 21:31:55', '2019-04-19 21:31:55', 1, 1, 7, 1, NULL),
	(529, 528, NULL, 1, '2019-04-19 21:31:55', '2019-04-19 21:31:55', 1, 1, 7, 1, NULL),
	(530, 529, NULL, 1, '2019-04-19 21:31:55', '2019-04-19 21:31:55', 1, 1, 7, 1, NULL),
	(531, 530, NULL, 1, '2019-04-19 21:31:55', '2019-04-19 21:31:55', 1, 1, 7, 1, NULL),
	(532, 531, NULL, 1, '2019-04-19 21:31:55', '2019-04-19 21:31:55', 1, 1, 7, 1, NULL),
	(533, 532, NULL, 1, '2019-04-19 21:31:55', '2019-04-19 21:31:55', 1, 1, 7, 1, NULL),
	(534, 533, NULL, 1, '2019-04-19 21:31:55', '2019-04-19 21:31:55', 1, 1, 7, 1, NULL),
	(535, 534, NULL, 1, '2019-04-19 21:31:55', '2019-04-19 21:31:55', 1, 1, 7, 1, NULL),
	(536, 535, NULL, 1, '2019-04-19 21:31:55', '2019-04-19 21:31:55', 1, 1, 7, 1, NULL),
	(537, 536, NULL, 1, '2019-04-19 21:31:55', '2019-04-19 21:31:55', 1, 1, 7, 1, NULL),
	(538, 537, NULL, 1, '2019-04-19 21:31:55', '2019-04-19 21:31:55', 1, 1, 7, 1, NULL),
	(539, 538, NULL, 1, '2019-04-19 21:31:55', '2019-04-19 21:31:55', 1, 1, 7, 1, NULL),
	(540, 539, NULL, 1, '2019-04-19 21:31:55', '2019-04-19 21:31:55', 1, 1, 7, 1, NULL),
	(541, 540, NULL, 1, '2019-04-19 21:31:55', '2019-04-19 21:31:55', 1, 1, 7, 1, NULL),
	(542, 541, NULL, 1, '2019-04-19 21:31:55', '2019-04-19 21:31:55', 1, 1, 7, 1, NULL),
	(543, 542, NULL, 1, '2019-04-19 21:31:55', '2019-04-19 21:31:55', 1, 1, 7, 1, NULL),
	(544, 543, NULL, 1, '2019-04-19 21:31:55', '2019-04-19 21:31:55', 1, 1, 7, 1, NULL),
	(545, 544, NULL, 1, '2019-04-19 21:31:55', '2019-04-19 21:31:55', 1, 1, 7, 1, NULL),
	(546, 545, NULL, 1, '2019-04-19 21:31:55', '2019-04-19 21:31:55', 1, 1, 7, 1, NULL),
	(547, 546, NULL, 1, '2019-04-19 21:31:55', '2019-04-19 21:31:55', 1, 1, 7, 1, NULL),
	(548, 547, NULL, 3, '2019-04-19 21:31:55', '2019-04-19 21:31:55', 1, 1, 7, 1, NULL),
	(549, 548, NULL, 1, '2019-04-19 21:31:55', '2019-04-19 21:31:55', 1, 1, 7, 1, NULL),
	(550, 549, NULL, 1, '2019-04-19 21:31:55', '2019-04-19 21:31:55', 1, 1, 7, 1, NULL),
	(551, 550, NULL, 1, '2019-04-19 21:31:55', '2019-04-19 21:31:55', 1, 1, 7, 1, NULL),
	(552, 551, NULL, 1, '2019-04-19 21:31:55', '2019-04-19 21:31:55', 1, 1, 7, 1, NULL),
	(553, 552, NULL, 1, '2019-04-19 21:31:55', '2019-04-19 21:31:55', 1, 1, 7, 1, NULL),
	(554, 553, NULL, 1, '2019-04-19 21:31:55', '2019-04-19 21:31:55', 1, 1, 7, 1, NULL),
	(555, 554, NULL, 1, '2019-04-19 21:31:55', '2019-04-19 21:31:55', 1, 1, 7, 1, NULL),
	(556, 555, NULL, 1, '2019-04-19 21:31:55', '2019-04-19 21:31:55', 1, 1, 7, 1, NULL),
	(557, 556, NULL, 1, '2019-04-19 21:31:55', '2019-04-19 21:31:55', 1, 1, 7, 1, NULL),
	(558, 557, NULL, 1, '2019-04-19 21:31:55', '2019-04-19 21:31:55', 1, 1, 7, 1, NULL),
	(559, 558, NULL, 1, '2019-04-19 21:31:55', '2019-04-19 21:31:55', 1, 1, 7, 1, NULL),
	(560, 559, NULL, 1, '2019-04-19 21:31:55', '2019-04-19 21:31:55', 1, 1, 7, 1, NULL),
	(561, 560, NULL, 1, '2019-04-19 21:31:55', '2019-04-19 21:31:55', 1, 1, 7, 1, NULL),
	(562, 561, NULL, 1, '2019-04-19 21:31:55', '2019-04-19 21:31:55', 1, 1, 7, 1, NULL),
	(563, 562, NULL, 1, '2019-04-19 21:31:55', '2019-04-19 21:31:55', 1, 1, 7, 1, NULL),
	(564, 563, NULL, 1, '2019-04-19 21:31:55', '2019-04-19 21:31:55', 1, 1, 7, 1, NULL),
	(565, 564, NULL, 1, '2019-04-19 21:31:55', '2019-04-19 21:31:55', 1, 1, 7, 1, NULL),
	(566, 565, NULL, 1, '2019-04-19 21:31:55', '2019-04-19 21:31:55', 1, 1, 7, 1, NULL),
	(567, 566, NULL, 1, '2019-04-19 21:31:55', '2019-04-19 21:31:55', 1, 1, 7, 1, NULL),
	(568, 567, NULL, 1, '2019-04-19 21:31:55', '2019-04-19 21:31:55', 1, 1, 7, 1, NULL),
	(569, 568, NULL, 1, '2019-04-19 21:31:55', '2019-04-19 21:31:55', 1, 1, 7, 1, NULL),
	(570, 569, NULL, 1, '2019-04-19 21:31:55', '2019-04-19 21:31:55', 1, 1, 7, 1, NULL),
	(571, 570, NULL, 1, '2019-04-19 21:31:55', '2019-04-19 21:31:55', 1, 1, 7, 1, NULL),
	(572, 571, NULL, 1, '2019-04-19 21:31:56', '2019-04-19 21:31:56', 1, 1, 7, 1, NULL),
	(573, 572, NULL, 1, '2019-04-19 21:31:56', '2019-04-19 21:31:56', 1, 1, 7, 1, NULL),
	(574, 573, NULL, 1, '2019-04-19 21:31:56', '2019-04-19 21:31:56', 1, 1, 7, 1, NULL),
	(575, 574, NULL, 1, '2019-04-19 21:31:56', '2019-04-19 21:31:56', 1, 1, 7, 1, NULL),
	(576, 575, NULL, 1, '2019-04-19 21:31:56', '2019-04-19 21:31:56', 1, 1, 7, 1, NULL),
	(577, 576, NULL, 1, '2019-04-19 21:31:56', '2019-04-19 21:31:56', 1, 1, 7, 1, NULL),
	(578, 577, NULL, 1, '2019-04-19 21:31:56', '2019-04-19 21:31:56', 1, 1, 7, 1, NULL),
	(579, 578, NULL, 1, '2019-04-19 21:31:56', '2019-04-19 21:31:56', 1, 1, 7, 1, NULL),
	(580, 579, NULL, 1, '2019-04-19 21:31:56', '2019-04-19 21:31:56', 1, 1, 7, 1, NULL),
	(581, 580, NULL, 1, '2019-04-19 21:31:56', '2019-04-19 21:31:56', 1, 1, 7, 1, NULL),
	(582, 581, NULL, 1, '2019-04-19 21:31:56', '2019-04-19 21:31:56', 1, 1, 7, 1, NULL),
	(583, 582, NULL, 1, '2019-04-19 21:31:56', '2019-04-19 21:31:56', 1, 1, 7, 1, NULL),
	(584, 583, NULL, 1, '2019-04-19 21:31:56', '2019-04-19 21:31:56', 1, 1, 7, 1, NULL),
	(585, 584, NULL, 1, '2019-04-19 21:31:56', '2019-04-19 21:31:56', 1, 1, 7, 1, NULL),
	(586, 585, NULL, 1, '2019-04-19 21:31:56', '2019-04-19 21:31:56', 1, 1, 7, 1, NULL),
	(587, 586, NULL, 1, '2019-04-19 21:31:56', '2019-04-19 21:31:56', 1, 1, 7, 1, NULL),
	(588, 587, NULL, 1, '2019-04-19 21:31:56', '2019-04-19 21:31:56', 1, 1, 7, 1, NULL),
	(589, 588, NULL, 1, '2019-04-19 21:31:56', '2019-04-19 21:31:56', 1, 1, 7, 1, NULL),
	(590, 589, NULL, 54, '2019-04-19 21:31:56', '2019-04-19 21:31:56', 1, 1, 7, 1, NULL),
	(591, 590, NULL, 2, '2019-04-19 21:31:56', '2019-04-19 21:31:56', 1, 1, 7, 1, NULL),
	(592, 591, NULL, 7, '2019-04-19 21:31:56', '2019-04-19 21:31:56', 1, 1, 7, 1, NULL),
	(593, 592, NULL, 5, '2019-04-19 21:31:56', '2019-04-19 21:31:56', 1, 1, 7, 1, NULL),
	(594, 593, NULL, 17, '2019-04-19 21:31:56', '2019-04-19 21:31:56', 1, 1, 7, 1, NULL),
	(595, 594, NULL, 6, '2019-04-19 21:31:56', '2019-04-19 21:31:56', 1, 1, 7, 1, NULL),
	(596, 595, NULL, 11, '2019-04-19 21:31:56', '2019-04-19 21:31:56', 1, 1, 7, 1, NULL),
	(597, 596, NULL, 11, '2019-04-19 21:31:56', '2019-04-19 21:31:56', 1, 1, 7, 1, NULL),
	(598, 597, NULL, 12, '2019-04-19 21:31:56', '2019-04-19 21:31:56', 1, 1, 7, 1, NULL),
	(599, 598, NULL, 17, '2019-04-19 21:31:56', '2019-04-19 21:31:56', 1, 1, 7, 1, NULL),
	(600, 599, NULL, 6, '2019-04-19 21:31:56', '2019-04-19 21:31:56', 1, 1, 7, 1, NULL),
	(601, 600, NULL, 1, '2019-04-19 21:31:56', '2019-04-19 21:31:56', 1, 1, 7, 1, NULL),
	(602, 601, NULL, 1, '2019-04-19 21:31:56', '2019-04-19 21:31:56', 1, 1, 7, 1, NULL),
	(603, 602, NULL, 1, '2019-04-19 21:31:56', '2019-04-19 21:31:56', 1, 1, 7, 1, NULL),
	(604, 603, NULL, 0, '2019-04-19 21:31:56', '2019-04-19 21:31:56', 1, 1, 7, 1, NULL),
	(605, 604, NULL, 21, '2019-04-19 21:31:56', '2019-04-19 21:31:56', 1, 1, 7, 1, NULL),
	(606, 605, NULL, 69, '2019-04-19 21:31:56', '2019-04-19 21:31:56', 1, 1, 7, 1, NULL),
	(607, 606, NULL, 282, '2019-04-19 21:31:56', '2019-04-19 21:31:56', 1, 1, 7, 1, NULL),
	(608, 607, NULL, 6, '2019-04-19 21:31:56', '2019-04-19 21:31:56', 1, 1, 7, 1, NULL),
	(609, 608, NULL, 106, '2019-04-19 21:31:56', '2019-04-19 21:31:56', 1, 1, 7, 1, NULL),
	(610, 609, NULL, 48, '2019-04-19 21:31:56', '2019-04-19 21:31:56', 1, 1, 7, 1, NULL),
	(611, 610, NULL, 18, '2019-04-19 21:31:56', '2019-04-19 21:31:56', 1, 1, 7, 1, NULL),
	(612, 611, NULL, 65, '2019-04-19 21:31:56', '2019-04-19 21:31:56', 1, 1, 7, 1, NULL),
	(613, 612, NULL, 35, '2019-04-19 21:31:56', '2019-04-19 21:31:56', 1, 1, 7, 1, NULL),
	(614, 613, NULL, 28, '2019-04-19 21:31:56', '2019-04-19 21:31:56', 1, 1, 7, 1, NULL),
	(615, 614, NULL, 15, '2019-04-19 21:31:56', '2019-04-19 21:31:56', 1, 1, 7, 1, NULL),
	(616, 615, NULL, 14, '2019-04-19 21:31:56', '2019-04-19 21:31:56', 1, 1, 7, 1, NULL),
	(617, 616, NULL, 4, '2019-04-19 21:31:56', '2019-04-19 21:31:56', 1, 1, 7, 1, NULL),
	(618, 617, NULL, 10, '2019-04-19 21:31:56', '2019-04-19 21:31:56', 1, 1, 7, 1, NULL),
	(619, 618, NULL, 2, '2019-04-19 21:31:56', '2019-04-19 21:31:56', 1, 1, 7, 1, NULL),
	(620, 619, NULL, 4, '2019-04-19 21:31:56', '2019-04-19 21:31:56', 1, 1, 7, 1, NULL),
	(621, 620, NULL, 0, '2019-04-19 21:31:56', '2019-04-19 21:31:56', 1, 1, 7, 1, NULL),
	(622, 621, NULL, 48, '2019-04-19 21:31:56', '2019-04-19 21:31:56', 1, 1, 7, 1, NULL),
	(623, 622, NULL, 45, '2019-04-19 21:31:56', '2019-04-19 21:31:56', 1, 1, 7, 1, NULL),
	(624, 623, NULL, 1, '2019-04-19 21:31:56', '2019-04-19 21:31:56', 1, 1, 7, 1, NULL),
	(625, 624, NULL, 2, '2019-04-19 21:31:56', '2019-04-19 21:31:56', 1, 1, 7, 1, NULL),
	(626, 100, NULL, -1, '2019-04-19 21:41:11', '2019-04-19 21:41:11', 1, 1, 2, 1, NULL),
	(627, 100, NULL, 1, '2019-04-19 21:41:23', '2019-04-19 21:41:23', 1, 1, 1, 1, NULL),
	(628, 100, NULL, -1, '2019-04-19 21:42:03', '2019-04-19 21:42:03', 1, 1, 2, 1, NULL),
	(629, 100, NULL, 1, '2019-04-19 21:42:13', '2019-04-19 21:42:13', 1, 1, 1, 1, NULL),
	(630, 1, NULL, -1, '2019-04-19 21:47:48', '2019-04-19 21:47:48', 1, 1, 2, 1, NULL),
	(631, 1, NULL, 1, '2019-04-19 21:48:38', '2019-04-19 21:48:38', 1, 1, 1, 1, NULL),
	(632, 122, NULL, -1, '2019-04-20 15:44:55', '2019-04-20 15:44:55', 1, 1, 2, 1, NULL),
	(633, 122, NULL, -1, '2019-04-20 15:44:55', '2019-04-20 15:44:55', 1, 1, 2, 1, NULL),
	(634, 122, NULL, -1, '2019-04-20 15:44:55', '2019-04-20 15:44:55', 1, 1, 2, 1, NULL),
	(635, 122, NULL, -1, '2019-04-20 15:44:55', '2019-04-20 15:44:55', 1, 1, 2, 1, NULL),
	(636, 122, NULL, -1, '2019-04-20 15:44:55', '2019-04-20 15:44:55', 1, 1, 2, 1, NULL),
	(637, 122, NULL, -1, '2019-04-20 15:44:55', '2019-04-20 15:44:55', 1, 1, 2, 1, NULL),
	(638, 1, NULL, -1, '2019-04-21 10:25:10', '2019-04-21 10:25:10', 1, 1, 2, 1, NULL),
	(639, 1, NULL, -2, '2019-04-21 10:25:14', '2019-04-21 10:25:14', 1, 1, 2, 1, NULL),
	(640, 1, NULL, -1, '2019-04-21 10:25:21', '2019-04-21 10:25:21', 1, 1, 2, 1, NULL),
	(641, 1, NULL, 4, '2019-04-21 11:02:58', '2019-04-21 11:02:58', 1, 1, 1, 1, NULL);
/*!40000 ALTER TABLE `app_warehouse_movements` ENABLE KEYS */;

/*!40101 SET SQL_MODE=IFNULL(@OLD_SQL_MODE, '') */;
/*!40014 SET FOREIGN_KEY_CHECKS=IF(@OLD_FOREIGN_KEY_CHECKS IS NULL, 1, @OLD_FOREIGN_KEY_CHECKS) */;
/*!40101 SET CHARACTER_SET_CLIENT=@OLD_CHARACTER_SET_CLIENT */;
