-- Import Fornitori
INSERT INTO APP_SUPPLIERS (ID,BUNAME,USERREG,USERUPDATE) VALUES
    (1,'SALERNO',1,1),
    (2,'TESSITURA',1,1),
    (3,'LINOMANIA',1,1),
    (4,'BLIZ',1,1),
    (5,'SUGHERO',1,1),
    (6,'SCIARPA',1,1),
    (7,'CAPPELLI',1,1),
    (8,'SARTORIA',1,1),
    (9,'CHIACCHIERINO',1,1);

-- Import Articoli Main
INSERT INTO APP_WAREHOUSE_ITEMS (ID, CODE, UNITPRICE, USERREG, USERUPDATE, OBSOLETE, APP_SUPPLIERS_ID, APP_WAREHOUSES_ID) VALUES
    (1,'XXX',8,1,1,1,1,1),
    (2,'91353',40,1,1,0,1,1),
    (3,'91353',40,1,1,0,1,1),
    (4,'91353',40,1,1,0,1,1),
    (5,'91353',40,1,1,0,1,1),
    (6,'91353',40,1,1,0,1,1),
    (7,'91353',40,1,1,0,1,1),
    (8,'91353',40,1,1,0,1,1),
    (9,'91353',40,1,1,0,1,1),
    (10,'91353',40,1,1,0,1,1),
    (11,'91353',40,1,1,0,1,1),
    (12,'92010',41,1,1,0,1,1),
    (13,'92010',41,1,1,0,1,1),
    (14,'92010',41,1,1,0,1,1),
    (15,'92010',41,1,1,0,1,1),
    (16,'92010',41,1,1,0,1,1),
    (17,'92010',41,1,1,0,1,1),
    (18,'92010',41,1,1,0,1,1),
    (19,'92010',41,1,1,0,1,1),
    (20,'92010',41,1,1,0,1,1),
    (21,'92010',41,1,1,0,1,1),
    (22,'91352',36,1,1,0,1,1),
    (23,'91352',36,1,1,0,1,1),
    (24,'91352',36,1,1,0,1,1),
    (25,'91352',36,1,1,0,1,1),
    (26,'91352',36,1,1,0,1,1),
    (27,'91352',36,1,1,0,1,1),
    (28,'91352',36,1,1,0,1,1),
    (29,'91352',36,1,1,0,1,1),
    (30,'91352',36,1,1,0,1,1),
    (31,'91352',36,1,1,0,1,1),
    (32,'91776',41,1,1,0,1,1),
    (33,'91776',41,1,1,0,1,1),
    (34,'91776',41,1,1,0,1,1),
    (35,'91776',41,1,1,0,1,1),
    (36,'91776',41,1,1,0,1,1),
    (37,'91713',56,1,1,1,1,1),
    (38,'91713',56,1,1,1,1,1),
    (39,'91713',56,1,1,1,1,1),
    (40,'91713',56,1,1,1,1,1),
    (41,'91713',56,1,1,1,1,1),
    (42,'91820',39,1,1,1,1,1),
    (43,'91820',39,1,1,1,1,1),
    (44,'91820',39,1,1,1,1,1),
    (45,'91820',39,1,1,1,1,1),
    (46,'91820',39,1,1,1,1,1),
    (47,'91217',37,1,1,0,1,1),
    (48,'91217',37,1,1,0,1,1),
    (49,'91217',37,1,1,0,1,1),
    (50,'91217',37,1,1,0,1,1),
    (51,'91217',37,1,1,0,1,1),
    (52,'91217',37,1,1,0,1,1),
    (53,'91217',37,1,1,1,1,1),
    (54,'91217',37,1,1,1,1,1),
    (55,'91217',37,1,1,1,1,1),
    (56,'91217',37,1,1,1,1,1),
    (57,'91217',37,1,1,1,1,1),
    (58,'91217',37,1,1,1,1,1),
    (59,'91217',37,1,1,1,1,1),
    (60,'91217',37,1,1,1,1,1),
    (61,'91217',37,1,1,1,1,1),
    (62,'91217',37,1,1,1,1,1),
    (63,'91217',37,1,1,1,1,1),
    (64,'91217',37,1,1,1,1,1),
    (65,'91022',41,1,1,1,1,1),
    (66,'91022',41,1,1,1,1,1),
    (67,'91022',41,1,1,1,1,1),
    (68,'91022',41,1,1,1,1,1),
    (69,'91022',41,1,1,1,1,1),
    (70,'91922',33,1,1,1,1,1),
    (71,'91922',33,1,1,1,1,1),
    (72,'91922',33,1,1,1,1,1),
    (73,'91922',33,1,1,1,1,1),
    (74,'91922',33,1,1,1,1,1),
    (75,'91925',40,1,1,1,1,1),
    (76,'91814',51,1,1,1,1,1),
    (77,'91814',51,1,1,1,1,1),
    (78,'91814',51,1,1,1,1,1),
    (79,'91814',51,1,1,1,1,1),
    (80,'91814',51,1,1,1,1,1),
    (81,'XXX',42,1,1,0,1,1),
    (82,'XXX',42,1,1,0,1,1),
    (83,'XXX',42,1,1,0,1,1),
    (84,'XXX',42,1,1,0,1,1),
    (85,'XXX',42,1,1,0,1,1),
    (86,'91916',43,1,1,0,1,1),
    (87,'91916',43,1,1,0,1,1),
    (88,'91916',43,1,1,0,1,1),
    (89,'91916',43,1,1,0,1,1),
    (90,'XXX',35,1,1,0,1,1),
    (91,'XXX',35,1,1,0,1,1),
    (92,'XXX',35,1,1,0,1,1),
    (93,'XXX',35,1,1,0,1,1),
    (94,'XXX',35,1,1,0,1,1),
    (95,'XXX',32,1,1,0,1,1),
    (96,'XXX',32,1,1,0,1,1),
    (97,'XXX',32,1,1,0,1,1),
    (98,'XXX',32,1,1,0,1,1),
    (99,'XXX',32,1,1,0,1,1),
    (100,'91215',37,1,1,0,1,1),
    (101,'91215',37,1,1,0,1,1),
    (102,'91215',37,1,1,0,1,1),
    (103,'91215',37,1,1,0,1,1),
    (104,'91215',37,1,1,0,1,1),
    (105,'91215',37,1,1,0,1,1),
    (106,'91215',37,1,1,0,1,1),
    (107,'91215',37,1,1,0,1,1),
    (108,'91215',37,1,1,0,1,1),
    (109,'91215',37,1,1,0,1,1),
    (110,'91610',35,1,1,0,1,1),
    (111,'91610',35,1,1,0,1,1),
    (112,'91610',35,1,1,0,1,1),
    (113,'91610',35,1,1,0,1,1),
    (114,'BACIPIEGA',15,1,1,0,1,1),
    (115,'BACIPIEGA',15,1,1,0,1,1),
    (116,'BACIPIEGA',15,1,1,0,1,1),
    (117,'BACIPIEGA',15,1,1,0,1,1),
    (118,'XXX',37,1,1,0,1,1),
    (119,'XXX',37,1,1,0,1,1),
    (120,'XXX',37,1,1,0,1,1),
    (121,'XXX',37,1,1,0,1,1),
    (122,'XXX',37,1,1,0,1,1),
    (123,'98119',35,1,1,1,1,1),
    (124,'98119',35,1,1,1,1,1),
    (125,'98119',35,1,1,1,1,1),
    (126,'98119',35,1,1,1,1,1),
    (127,'98119',35,1,1,1,1,1),
    (128,'98119',35,1,1,1,1,1),
    (129,'98119',35,1,1,1,1,1),
    (130,'98119',35,1,1,1,1,1),
    (131,'98119',35,1,1,1,1,1),
    (132,'98119',35,1,1,1,1,1),
    (133,'98119',35,1,1,1,1,1),
    (134,'98119',35,1,1,1,1,1),
    (135,'98119',35,1,1,1,1,1),
    (136,'98119',35,1,1,1,1,1),
    (137,'98119',35,1,1,1,1,1),
    (138,'98119',35,1,1,1,1,1),
    (139,'98119',35,1,1,1,1,1),
    (140,'98119',35,1,1,1,1,1),
    (141,'92005',34,1,1,0,1,1),
    (142,'92005',34,1,1,0,1,1),
    (143,'92005',34,1,1,0,1,1),
    (144,'92005',34,1,1,0,1,1),
    (145,'92005',34,1,1,0,1,1),
    (146,'92005',34,1,1,0,1,1),
    (147,'92005',34,1,1,0,1,1),
    (148,'92005',34,1,1,0,1,1),
    (149,'92005',34,1,1,0,1,1),
    (150,'92005',34,1,1,0,1,1),
    (151,'91761',37,1,1,0,1,1),
    (152,'91761',37,1,1,0,1,1),
    (153,'91761',37,1,1,0,1,1),
    (154,'91761',37,1,1,0,1,1),
    (155,'91761',37,1,1,0,1,1),
    (156,'XXX',40,1,1,0,1,1),
    (157,'XXX',40,1,1,0,1,1),
    (158,'XXX',40,1,1,0,1,1),
    (159,'XXX',40,1,1,0,1,1),
    (160,'XXX',30,1,1,0,1,1),
    (161,'XXX',30,1,1,0,1,1),
    (162,'XXX',30,1,1,0,1,1),
    (163,'XXX',30,1,1,0,1,1),
    (164,'XXX',30,1,1,0,1,1),
    (165,'91518',29,1,1,0,1,1),
    (166,'91518',29,1,1,0,1,1),
    (167,'91518',29,1,1,0,1,1),
    (168,'91518',29,1,1,0,1,1),
    (169,'91518',29,1,1,0,1,1),
    (170,'91518',29,1,1,0,1,1),
    (171,'91537',33,1,1,0,1,1),
    (172,'91537',33,1,1,0,1,1),
    (173,'91537',33,1,1,0,1,1),
    (174,'91537',33,1,1,0,1,1),
    (175,'91537',33,1,1,0,1,1),
    (176,'91537',33,1,1,0,1,1),
    (177,'91721',31,1,1,1,1,1),
    (178,'91721',31,1,1,1,1,1),
    (179,'91721',31,1,1,1,1,1),
    (180,'91721',31,1,1,1,1,1),
    (181,'91721',31,1,1,1,1,1),
    (182,'91721',31,1,1,1,1,1),
    (183,'91790',40,1,1,1,1,1),
    (184,'91790',40,1,1,1,1,1),
    (185,'91790',40,1,1,1,1,1),
    (186,'91790',40,1,1,1,1,1),
    (187,'91790',40,1,1,1,1,1),
    (188,'91950',35,1,1,1,1,1),
    (189,'91950',35,1,1,1,1,1),
    (190,'91950',35,1,1,1,1,1),
    (191,'91950',35,1,1,1,1,1),
    (192,'91950',35,1,1,1,1,1),
    (193,'91215',37,1,1,0,1,1),
    (194,'91215',37,1,1,0,1,1),
    (195,'91215',37,1,1,0,1,1),
    (196,'91215',37,1,1,0,1,1),
    (197,'91215',37,1,1,0,1,1),
    (198,'91215',37,1,1,0,1,1),
    (199,'91215',37,1,1,0,1,1),
    (200,'91215',37,1,1,0,1,1),
    (201,'91215',37,1,1,0,1,1),
    (202,'91215',37,1,1,0,1,1),
    (203,'91215',37,1,1,0,1,1),
    (204,'91215',37,1,1,0,1,1),
    (205,'XXX',48,1,1,0,1,1),
    (206,'XXX',48,1,1,0,1,1),
    (207,'XXX',48,1,1,0,1,1),
    (208,'XXX',48,1,1,0,1,1),
    (209,'98987',9,1,1,0,1,1),
    (210,'98987',9,1,1,0,1,1),
    (211,'98987',9,1,1,0,1,1),
    (212,'98987',9,1,1,0,1,1),
    (213,'98987',9,1,1,0,1,1),
    (214,'98987',9,1,1,0,1,1),
    (215,'91623',29,1,1,0,1,1),
    (216,'91623',29,1,1,0,1,1),
    (217,'91623',29,1,1,0,1,1),
    (218,'91623',29,1,1,0,1,1),
    (219,'10013',29,1,1,0,1,1),
    (220,'10013',29,1,1,0,1,1),
    (221,'10013',29,1,1,0,1,1),
    (222,'10013',29,1,1,0,1,1),
    (223,'10013',29,1,1,0,1,1),
    (224,'10013',29,1,1,0,1,1),
    (225,'10013',29,1,1,0,1,1),
    (226,'10013',29,1,1,0,1,1),
    (227,'10013',29,1,1,0,1,1),
    (228,'10013',29,1,1,0,1,1),
    (229,'10013',29,1,1,0,1,1),
    (230,'10013',29,1,1,0,1,1),
    (231,'10013',29,1,1,0,1,1),
    (232,'10013',29,1,1,0,1,1),
    (233,'10013',29,1,1,0,1,1),
    (234,'XXX',28,1,1,0,1,1),
    (235,'XXX',28,1,1,0,1,1),
    (236,'XXX',28,1,1,0,1,1),
    (237,'XXX',22,1,1,0,1,1),
    (238,'XXX',22,1,1,0,1,1),
    (239,'XXX',22,1,1,0,1,1),
    (240,'XXX',22,1,1,0,1,1),
    (241,'10008',25,1,1,0,1,1),
    (242,'10008',25,1,1,0,1,1),
    (243,'10008',25,1,1,0,1,1),
    (244,'10008',25,1,1,0,1,1),
    (245,'10008',25,1,1,0,1,1),
    (246,'91620',31,1,1,1,1,1),
    (247,'91620',31,1,1,1,1,1),
    (248,'91620',31,1,1,1,1,1),
    (249,'91620',31,1,1,1,1,1),
    (250,'91620',31,1,1,1,1,1);
INSERT INTO APP_WAREHOUSE_ITEMS (ID, CODE, UNITPRICE, USERREG, USERUPDATE, OBSOLETE, APP_SUPPLIERS_ID, APP_WAREHOUSES_ID) VALUES
    (251,'91620',31,1,1,1,1,1),
    (252,'91620',31,1,1,1,1,1),
    (253,'91620',31,1,1,1,1,1),
    (254,'91620',31,1,1,1,1,1),
    (255,'91620',31,1,1,1,1,1),
    (256,'91620',31,1,1,1,1,1),
    (257,'91620',31,1,1,1,1,1),
    (258,'91620',31,1,1,1,1,1),
    (259,'91620',31,1,1,1,1,1),
    (260,'91620',31,1,1,1,1,1),
    (261,'91620',31,1,1,1,1,1),
    (262,'91620',31,1,1,1,1,1),
    (263,'91620',31,1,1,1,1,1),
    (264,'91620',31,1,1,1,1,1),
    (265,'91620',31,1,1,1,1,1),
    (266,'91620',31,1,1,1,1,1),
    (267,'91620',31,1,1,1,1,1),
    (268,'91620',31,1,1,1,1,1),
    (269,'91620',31,1,1,1,1,1),
    (270,'91620',31,1,1,0,1,1),
    (271,'91620',31,1,1,0,1,1),
    (272,'91620',31,1,1,0,1,1),
    (273,'91620',31,1,1,0,1,1),
    (274,'91620',31,1,1,0,1,1),
    (275,'91620',31,1,1,0,1,1),
    (276,'91534',39,1,1,1,1,1),
    (277,'91534',39,1,1,1,1,1),
    (278,'91534',39,1,1,1,1,1),
    (279,'91534',39,1,1,1,1,1),
    (280,'91534',39,1,1,1,1,1),
    (281,'91534',39,1,1,1,1,1),
    (282,'91534',39,1,1,0,1,1),
    (283,'91534',39,1,1,0,1,1),
    (284,'91534',39,1,1,0,1,1),
    (285,'91534',39,1,1,0,1,1),
    (286,'91534',39,1,1,0,1,1),
    (287,'91534',39,1,1,0,1,1),
    (288,'91534',39,1,1,0,1,1),
    (289,'91534',39,1,1,0,1,1),
    (290,'91534',39,1,1,0,1,1),
    (291,'91534',39,1,1,0,1,1),
    (292,'91534',39,1,1,0,1,1),
    (293,'91534',39,1,1,0,1,1),
    (294,'91895',36,1,1,1,1,1),
    (295,'91895',36,1,1,1,1,1),
    (296,'91895',36,1,1,1,1,1),
    (297,'XXX',51,1,1,1,1,1),
    (298,'XXX',51,1,1,1,1,1),
    (299,'XXX',51,1,1,1,1,1),
    (300,'XXX',51,1,1,1,1,1),
    (301,'91704',26,1,1,0,1,1),
    (302,'91704',26,1,1,0,1,1),
    (303,'91704',26,1,1,0,1,1),
    (304,'91704',26,1,1,0,1,1),
    (305,'91704',26,1,1,0,1,1),
    (306,'91536',40,1,1,1,1,1),
    (307,'91536',40,1,1,1,1,1),
    (308,'91536',40,1,1,1,1,1),
    (309,'91536',40,1,1,1,1,1),
    (310,'91536',40,1,1,1,1,1),
    (311,'91536',40,1,1,1,1,1),
    (312,'91536',40,1,1,0,1,1),
    (313,'91536',40,1,1,0,1,1),
    (314,'91536',40,1,1,0,1,1),
    (315,'91536',40,1,1,0,1,1),
    (316,'91536',40,1,1,1,1,1),
    (317,'91536',40,1,1,1,1,1),
    (318,'91536',40,1,1,1,1,1),
    (319,'91536',40,1,1,1,1,1),
    (320,'91536',40,1,1,1,1,1),
    (321,'XXX',28,1,1,0,1,1),
    (322,'XXX',28,1,1,0,1,1),
    (323,'XXX',28,1,1,0,1,1),
    (324,'XXX',28,1,1,0,1,1),
    (325,'91130',28,1,1,1,1,1),
    (326,'91130',28,1,1,1,1,1),
    (327,'91130',28,1,1,1,1,1),
    (328,'91130',28,1,1,1,1,1),
    (329,'91130',28,1,1,1,1,1),
    (330,'91130',28,1,1,1,1,1),
    (331,'91130',28,1,1,1,1,1),
    (332,'91130',28,1,1,1,1,1),
    (333,'91130',28,1,1,1,1,1),
    (334,'91130',28,1,1,1,1,1),
    (335,'91130',28,1,1,1,1,1),
    (336,'91130',28,1,1,1,1,1),
    (337,'91130',28,1,1,1,1,1),
    (338,'91130',28,1,1,1,1,1),
    (339,'91130',28,1,1,1,1,1),
    (340,'95376',42,1,1,0,1,1),
    (341,'95376',42,1,1,0,1,1),
    (342,'95376',42,1,1,0,1,1),
    (343,'95376',42,1,1,0,1,1),
    (344,'95376',42,1,1,0,1,1),
    (345,'95102',42,1,1,0,1,1),
    (346,'95102',42,1,1,0,1,1),
    (347,'95102',42,1,1,0,1,1),
    (348,'95102',42,1,1,0,1,1),
    (349,'95102',42,1,1,0,1,1),
    (350,'95102',42,1,1,0,1,1),
    (351,'95102',42,1,1,0,1,1),
    (352,'95102',42,1,1,0,1,1),
    (353,'95102',42,1,1,0,1,1),
    (354,'95102',42,1,1,0,1,1),
    (355,'95193  (Antonino)',42,1,1,1,1,1),
    (356,'95193  (Antonino)',42,1,1,1,1,1),
    (357,'95193  (Antonino)',42,1,1,1,1,1),
    (358,'95193  (Antonino)',42,1,1,1,1,1),
    (359,'95193  (Antonino)',42,1,1,1,1,1),
    (360,'95193  (Antonino)',42,1,1,1,1,1),
    (361,'95193  (Antonino)',42,1,1,1,1,1),
    (362,'95193  (Antonino)',42,1,1,1,1,1),
    (363,'95193  (Antonino)',42,1,1,1,1,1),
    (364,'95193  (Antonino)',42,1,1,1,1,1),
    (365,'95193  (Antonino)',42,1,1,0,1,1),
    (366,'95193  (Antonino)',42,1,1,0,1,1),
    (367,'95193  (Antonino)',42,1,1,0,1,1),
    (368,'95193  (Antonino)',42,1,1,0,1,1),
    (369,'95193  (Antonino)',42,1,1,0,1,1),
    (370,'95317',42,1,1,1,1,1),
    (371,'95317',42,1,1,1,1,1),
    (372,'95317',42,1,1,1,1,1),
    (373,'95317',42,1,1,1,1,1),
    (374,'95317',42,1,1,1,1,1),
    (375,'95317',42,1,1,0,1,1),
    (376,'95317',42,1,1,0,1,1),
    (377,'95317',42,1,1,0,1,1),
    (378,'95317',42,1,1,0,1,1),
    (379,'95317',42,1,1,0,1,1),
    (380,'95317',42,1,1,0,1,1),
    (381,'95317',42,1,1,0,1,1),
    (382,'95317',42,1,1,0,1,1),
    (383,'95317',42,1,1,0,1,1),
    (384,'95317',42,1,1,0,1,1),
    (385,'XXX',140,1,1,0,1,1),
    (386,'XXX',140,1,1,0,1,1),
    (387,'XXX',140,1,1,0,1,1),
    (388,'XXX',140,1,1,0,1,1),
    (389,'XXX',140,1,1,0,1,1),
    (390,'XXX',140,1,1,0,1,1),
    (391,'XXX',140,1,1,0,1,1),
    (392,'XXX',140,1,1,0,1,1),
    (393,'XXX',140,1,1,0,1,1),
    (394,'XXX',140,1,1,0,1,1),
    (395,'XXX',140,1,1,0,1,1),
    (396,'XXX',140,1,1,0,1,1),
    (397,'97411',30,1,1,0,1,1),
    (398,'97411',30,1,1,0,1,1),
    (399,'97411',30,1,1,0,1,1),
    (400,'97411',30,1,1,0,1,1),
    (401,'97411',30,1,1,0,1,1),
    (402,'97411',30,1,1,0,1,1),
    (403,'97411',30,1,1,0,1,1),
    (404,'97411',30,1,1,0,1,1),
    (405,'97411',30,1,1,0,1,1),
    (406,'97411',30,1,1,0,1,1),
    (407,'97411',30,1,1,0,1,1),
    (408,'97411',30,1,1,0,1,1),
    (409,'97411',30,1,1,0,1,1),
    (410,'97411',30,1,1,0,1,1),
    (411,'97411',30,1,1,0,1,1),
    (412,'97410',35,1,1,0,1,1),
    (413,'97410',35,1,1,0,1,1),
    (414,'97410',35,1,1,0,1,1),
    (415,'97410',35,1,1,0,1,1),
    (416,'97410',35,1,1,0,1,1),
    (417,'97410',35,1,1,1,1,1),
    (418,'97410',35,1,1,1,1,1),
    (419,'97410',35,1,1,1,1,1),
    (420,'97410',35,1,1,1,1,1),
    (421,'97410',35,1,1,1,1,1),
    (422,'97410',35,1,1,1,1,1),
    (423,'97410',35,1,1,1,1,1),
    (424,'97410',35,1,1,1,1,1),
    (425,'97410',35,1,1,1,1,1),
    (426,'97410',35,1,1,1,1,1),
    (427,'97410',35,1,1,0,1,1),
    (428,'97410',35,1,1,0,1,1),
    (429,'97410',35,1,1,0,1,1),
    (430,'97410',35,1,1,0,1,1),
    (431,'97410',35,1,1,0,1,1),
    (432,NULL,30,1,1,0,2,1),
    (433,NULL,40,1,1,0,2,1),
    (434,NULL,30,1,1,0,2,1),
    (435,NULL,45,1,1,0,2,1),
    (436,NULL,45,1,1,0,2,1),
    (437,NULL,40,1,1,0,2,1),
    (438,NULL,16,1,1,0,2,1),
    (439,NULL,20,1,1,0,2,1),
    (440,NULL,16,1,1,0,2,1),
    (441,NULL,45,1,1,0,2,1),
    (442,NULL,60,1,1,0,2,1),
    (443,NULL,60,1,1,0,2,1),
    (444,NULL,55,1,1,0,2,1),
    (445,NULL,70,1,1,0,3,1),
    (446,NULL,70,1,1,0,3,1),
    (447,NULL,70,1,1,0,3,1),
    (448,NULL,65,1,1,0,3,1),
    (449,NULL,65,1,1,0,3,1),
    (450,NULL,80,1,1,0,3,1),
    (451,NULL,45,1,1,0,3,1),
    (452,NULL,60,1,1,0,3,1),
    (453,NULL,60,1,1,0,3,1),
    (454,NULL,60,1,1,0,3,1),
    (455,NULL,60,1,1,0,3,1),
    (456,NULL,60,1,1,0,3,1),
    (457,NULL,60,1,1,0,3,1),
    (458,NULL,60,1,1,0,3,1),
    (459,NULL,60,1,1,0,3,1),
    (460,NULL,58,1,1,0,3,1),
    (461,NULL,55,1,1,0,3,1),
    (462,NULL,55,1,1,0,3,1),
    (463,NULL,58,1,1,0,3,1),
    (464,NULL,55,1,1,0,3,1),
    (465,NULL,58,1,1,0,3,1),
    (466,NULL,70,1,1,0,3,1),
    (467,NULL,68,1,1,0,3,1),
    (468,NULL,68,1,1,0,3,1),
    (469,NULL,68,1,1,0,3,1),
    (470,NULL,68,1,1,0,3,1),
    (471,NULL,70,1,1,0,3,1),
    (472,NULL,80,1,1,0,3,1),
    (473,NULL,80,1,1,0,3,1),
    (474,NULL,85,1,1,0,3,1),
    (475,NULL,85,1,1,0,3,1),
    (476,NULL,60,1,1,0,3,1),
    (477,NULL,60,1,1,0,3,1),
    (478,NULL,60,1,1,0,3,1),
    (479,NULL,58,1,1,0,3,1),
    (480,NULL,58,1,1,0,3,1),
    (481,NULL,58,1,1,0,3,1),
    (482,NULL,60,1,1,0,3,1),
    (483,NULL,60,1,1,0,3,1),
    (484,NULL,60,1,1,0,3,1),
    (485,NULL,58,1,1,0,3,1),
    (486,NULL,58,1,1,0,3,1),
    (487,NULL,60,1,1,0,3,1),
    (488,NULL,60,1,1,0,3,1),
    (489,NULL,60,1,1,0,3,1),
    (490,NULL,58,1,1,0,3,1),
    (491,NULL,60,1,1,0,3,1),
    (492,NULL,60,1,1,0,3,1),
    (493,NULL,60,1,1,0,3,1),
    (494,NULL,60,1,1,0,3,1),
    (495,NULL,60,1,1,0,3,1),
    (496,NULL,58,1,1,0,3,1),
    (497,NULL,60,1,1,0,3,1),
    (498,NULL,58,1,1,0,3,1),
    (499,NULL,58,1,1,0,3,1),
    (500,NULL,60,1,1,0,3,1);
INSERT INTO APP_WAREHOUSE_ITEMS (ID, CODE, UNITPRICE, USERREG, USERUPDATE, OBSOLETE, APP_SUPPLIERS_ID, APP_WAREHOUSES_ID) VALUES
    (501,NULL,60,1,1,0,3,1),
    (502,NULL,60,1,1,0,3,1),
    (503,NULL,65,1,1,0,3,1),
    (504,NULL,65,1,1,0,3,1),
    (505,NULL,60,1,1,0,3,1),
    (506,NULL,60,1,1,0,3,1),
    (507,NULL,60,1,1,0,3,1),
    (508,NULL,60,1,1,0,4,1),
    (509,NULL,60,1,1,0,4,1),
    (510,NULL,60,1,1,0,4,1),
    (511,NULL,60,1,1,0,4,1),
    (512,NULL,60,1,1,0,4,1),
    (513,NULL,60,1,1,0,4,1),
    (514,NULL,88,1,1,0,4,1),
    (515,NULL,88,1,1,0,4,1),
    (516,NULL,64,1,1,0,4,1),
    (517,NULL,65,1,1,0,4,1),
    (518,NULL,65,1,1,0,4,1),
    (519,NULL,65,1,1,0,4,1),
    (520,NULL,39,1,1,0,4,1),
    (521,NULL,39,1,1,0,4,1),
    (522,NULL,39,1,1,0,4,1),
    (523,NULL,44,1,1,0,4,1),
    (524,NULL,40,1,1,0,4,1),
    (525,NULL,40,1,1,0,4,1),
    (526,NULL,40,1,1,0,4,1),
    (527,NULL,40,1,1,0,4,1),
    (528,NULL,0,1,1,0,5,1),
    (529,NULL,0,1,1,0,5,1),
    (530,NULL,0,1,1,0,5,1),
    (531,NULL,0,1,1,0,5,1),
    (532,NULL,0,1,1,0,5,1),
    (533,NULL,0,1,1,0,5,1),
    (534,NULL,0,1,1,0,5,1),
    (535,NULL,0,1,1,0,5,1),
    (536,NULL,0,1,1,0,5,1),
    (537,NULL,0,1,1,0,5,1),
    (538,NULL,0,1,1,0,5,1),
    (539,NULL,0,1,1,0,5,1),
    (540,NULL,0,1,1,0,5,1),
    (541,NULL,0,1,1,0,5,1),
    (542,NULL,0,1,1,0,5,1),
    (543,NULL,0,1,1,0,6,1),
    (544,NULL,0,1,1,0,7,1),
    (545,NULL,0,1,1,0,7,1),
    (546,NULL,0,1,1,0,8,1),
    (547,NULL,0,1,1,0,8,1),
    (548,NULL,0,1,1,0,8,1),
    (549,NULL,0,1,1,0,8,1),
    (550,NULL,0,1,1,0,8,1),
    (551,NULL,0,1,1,0,8,1),
    (552,NULL,0,1,1,0,8,1),
    (553,NULL,0,1,1,0,8,1),
    (554,NULL,0,1,1,0,8,1),
    (555,NULL,0,1,1,0,8,1),
    (556,NULL,0,1,1,0,8,1),
    (557,NULL,0,1,1,0,9,1),
    (558,NULL,0,1,1,0,9,1),
    (559,NULL,0,1,1,0,9,1),
    (560,NULL,0,1,1,0,9,1);

-- Import Articoli Dettaglio
INSERT INTO APP_CUSTOM_WAREHOUSE_ITEMS (APP_WAREHOUSE_ITEMS_ID,TIPO,MODELLO,COLORE,TAGLIA,GENERE) VALUES
    (1,'SCIARPA','CLASSICA','MULTICOLOR','U','UNISEX'),
    (2,'ABITO','BALZE','BLU','XS','DONNA'),
    (3,'ABITO','BALZE','BLU','S','DONNA'),
    (4,'ABITO','BALZE','BLU','M','DONNA'),
    (5,'ABITO','BALZE','BLU','L','DONNA'),
    (6,'ABITO','BALZE','BLU','XL','DONNA'),
    (7,'ABITO','BALZE','ECRU','XS','DONNA'),
    (8,'ABITO','BALZE','ECRU','S','DONNA'),
    (9,'ABITO','BALZE','ECRU','M','DONNA'),
    (10,'ABITO','BALZE','ECRU','L','DONNA'),
    (11,'ABITO','BALZE','ECRU','XL','DONNA'),
    (12,'ABITO','CAFTANO MANICHE','BIANCO STONE','XS','DONNA'),
    (13,'ABITO','CAFTANO MANICHE','BIANCO STONE','S','DONNA'),
    (14,'ABITO','CAFTANO MANICHE','BIANCO STONE','M','DONNA'),
    (15,'ABITO','CAFTANO MANICHE','BIANCO STONE','L','DONNA'),
    (16,'ABITO','CAFTANO MANICHE','BIANCO STONE','XL','DONNA'),
    (17,'ABITO','CAFTANO MANICHE','STONE BIANCO','XS','DONNA'),
    (18,'ABITO','CAFTANO MANICHE','STONE BIANCO','S','DONNA'),
    (19,'ABITO','CAFTANO MANICHE','STONE BIANCO','M','DONNA'),
    (20,'ABITO','CAFTANO MANICHE','STONE BIANCO','L','DONNA'),
    (21,'ABITO','CAFTANO MANICHE','STONE BIANCO','XL','DONNA'),
    (22,'ABITO','CAFTANO SMANICATO','NERO BEIGE','XS','DONNA'),
    (23,'ABITO','CAFTANO SMANICATO','NERO BEIGE','S','DONNA'),
    (24,'ABITO','CAFTANO SMANICATO','NERO BEIGE','M','DONNA'),
    (25,'ABITO','CAFTANO SMANICATO','NERO BEIGE','L','DONNA'),
    (26,'ABITO','CAFTANO SMANICATO','NERO BEIGE','XL','DONNA'),
    (27,'ABITO','CAFTANO SMANICATO','ROSSO BEIGE','XS','DONNA'),
    (28,'ABITO','CAFTANO SMANICATO','ROSSO BEIGE','S','DONNA'),
    (29,'ABITO','CAFTANO SMANICATO','ROSSO BEIGE','M','DONNA'),
    (30,'ABITO','CAFTANO SMANICATO','ROSSO BEIGE','L','DONNA'),
    (31,'ABITO','CAFTANO SMANICATO','ROSSO BEIGE','XL','DONNA'),
    (32,'ABITO','COLLO ANELLO','GRIGIO PERLA','XS','DONNA'),
    (33,'ABITO','COLLO ANELLO','GRIGIO PERLA','S','DONNA'),
    (34,'ABITO','COLLO ANELLO','GRIGIO PERLA','M','DONNA'),
    (35,'ABITO','COLLO ANELLO','GRIGIO PERLA','L','DONNA'),
    (36,'ABITO','COLLO ANELLO','GRIGIO PERLA','XL','DONNA'),
    (37,'ABITO','DOPPIO','BIANCO BEIGE','XS','DONNA'),
    (38,'ABITO','DOPPIO','BIANCO BEIGE','S','DONNA'),
    (39,'ABITO','DOPPIO','BIANCO BEIGE','M','DONNA'),
    (40,'ABITO','DOPPIO','BIANCO BEIGE','L','DONNA'),
    (41,'ABITO','DOPPIO','BIANCO BEIGE','XL','DONNA'),
    (42,'ABITO','CANNELLO','BLU','XS','DONNA'),
    (43,'ABITO','CANNELLO','BLU','S','DONNA'),
    (44,'ABITO','CANNELLO','BLU','M','DONNA'),
    (45,'ABITO','CANNELLO','BLU','L','DONNA'),
    (46,'ABITO','CANNELLO','BLU','XL','DONNA'),
    (47,'ABITO','IMPERO','BIANCO','XS','DONNA'),
    (48,'ABITO','IMPERO','BIANCO','S','DONNA'),
    (49,'ABITO','IMPERO','BIANCO','M','DONNA'),
    (50,'ABITO','IMPERO','BIANCO','L','DONNA'),
    (51,'ABITO','IMPERO','BIANCO','XL','DONNA'),
    (52,'ABITO','IMPERO','BIANCO','XXL','DONNA'),
    (53,'ABITO','IMPERO','GRIGIO MARRONE','XS','DONNA'),
    (54,'ABITO','IMPERO','GRIGIO MARRONE','S','DONNA'),
    (55,'ABITO','IMPERO','GRIGIO MARRONE','M','DONNA'),
    (56,'ABITO','IMPERO','GRIGIO MARRONE','L','DONNA'),
    (57,'ABITO','IMPERO','GRIGIO MARRONE','XL','DONNA'),
    (58,'ABITO','IMPERO','GRIGIO MARRONE','XXL','DONNA'),
    (59,'ABITO','IMPERO','JEANS','XS','DONNA'),
    (60,'ABITO','IMPERO','JEANS','S','DONNA'),
    (61,'ABITO','IMPERO','JEANS','M','DONNA'),
    (62,'ABITO','IMPERO','JEANS','L','DONNA'),
    (63,'ABITO','IMPERO','JEANS','XL','DONNA'),
    (64,'ABITO','IMPERO','JEANS','XXL','DONNA'),
    (65,'ABITO','RIGHRE VERT. SPIGOLI','ECRU','XS','DONNA'),
    (66,'ABITO','RIGHRE VERT. SPIGOLI','ECRU','S','DONNA'),
    (67,'ABITO','RIGHRE VERT. SPIGOLI','ECRU','M','DONNA'),
    (68,'ABITO','RIGHRE VERT. SPIGOLI','ECRU','L','DONNA'),
    (69,'ABITO','RIGHRE VERT. SPIGOLI','ECRU','XL','DONNA'),
    (70,'ABITO','LUNGO RIGHE SPIGATO','BIANCO MARINE','XS','DONNA'),
    (71,'ABITO','LUNGO RIGHE SPIGATO','BIANCO MARINE','S','DONNA'),
    (72,'ABITO','LUNGO RIGHE SPIGATO','BIANCO MARINE','M','DONNA'),
    (73,'ABITO','LUNGO RIGHE SPIGATO','BIANCO MARINE','L','DONNA'),
    (74,'ABITO','LUNGO RIGHE SPIGATO','BIANCO MARINE','XL','DONNA'),
    (75,'ABITO','LUNGO RIGHE ORIZZ.','ECRU','U','DONNA'),
    (76,'ABITO','LUNGO COLLO ANELLO','GRIGIO MARRONE','XS','DONNA'),
    (77,'ABITO','LUNGO COLLO ANELLO','GRIGIO MARRONE','S','DONNA'),
    (78,'ABITO','LUNGO COLLO ANELLO','GRIGIO MARRONE','M','DONNA'),
    (79,'ABITO','LUNGO COLLO ANELLO','GRIGIO MARRONE','L','DONNA'),
    (80,'ABITO','LUNGO COLLO ANELLO','GRIGIO MARRONE','XL','DONNA'),
    (81,'ABITO','LUNGO COLLO COREANA','BLU','XS','DONNA'),
    (82,'ABITO','LUNGO COLLO COREANA','BLU','S','DONNA'),
    (83,'ABITO','LUNGO COLLO COREANA','BLU','M','DONNA'),
    (84,'ABITO','LUNGO COLLO COREANA','BLU','L','DONNA'),
    (85,'ABITO','LUNGO COLLO COREANA','BLU','XL','DONNA'),
    (86,'ABITO','LUNGO SBIEGO RIGATO','MARRONE','XS','DONNA'),
    (87,'ABITO','LUNGO SBIEGO RIGATO','MARRONE','S','DONNA'),
    (88,'ABITO','LUNGO SBIEGO RIGATO','MARRONE','M','DONNA'),
    (89,'ABITO','LUNGO SBIEGO RIGATO','MARRONE','L','DONNA'),
    (90,'ABITO','MARINARO A RIGHE','BLU BIANCO','XS','DONNA'),
    (91,'ABITO','MARINARO A RIGHE','BLU BIANCO','S','DONNA'),
    (92,'ABITO','MARINARO A RIGHE','BLU BIANCO','M','DONNA'),
    (93,'ABITO','MARINARO A RIGHE','BLU BIANCO','L','DONNA'),
    (94,'ABITO','MARINARO A RIGHE','BLU BIANCO','XL','DONNA'),
    (95,'ABITO','PATCHWORK 3 COLORI','BIANCO MARRONE ECRU','XS','DONNA'),
    (96,'ABITO','PATCHWORK 3 COLORI','BIANCO MARRONE ECRU','S','DONNA'),
    (97,'ABITO','PATCHWORK 3 COLORI','BIANCO MARRONE ECRU','M','DONNA'),
    (98,'ABITO','PATCHWORK 3 COLORI','BIANCO MARRONE ECRU','L','DONNA'),
    (99,'ABITO','PATCHWORK 3 COLORI','BIANCO MARRONE ECRU','XL','DONNA'),
    (100,'ABITO','VALENTINA','BLU','XS','DONNA'),
    (101,'ABITO','VALENTINA','BLU','S','DONNA'),
    (102,'ABITO','VALENTINA','BLU','M','DONNA'),
    (103,'ABITO','VALENTINA','BLU','L','DONNA'),
    (104,'ABITO','VALENTINA','BLU','XL','DONNA'),
    (105,'ABITO','VALENTINA','ROSSO','XS','DONNA'),
    (106,'ABITO','VALENTINA','ROSSO','S','DONNA'),
    (107,'ABITO','VALENTINA','ROSSO','M','DONNA'),
    (108,'ABITO','VALENTINA','ROSSO','L','DONNA'),
    (109,'ABITO','VALENTINA','ROSSO','XL','DONNA'),
    (110,'ABITO','AMALTEA','ROSSO','XS','DONNA'),
    (111,'ABITO','AMALTEA','ROSSO','S','DONNA'),
    (112,'ABITO','AMALTEA','ROSSO','M','DONNA'),
    (113,'ABITO','AMALTEA','ROSSO','L','DONNA'),
    (114,'BORSA','LINO','BLU','U','DONNA'),
    (115,'BORSA','LINO','BORSA SPIGATA','U','DONNA'),
    (116,'BORSA','LINO','ECRU','U','DONNA'),
    (117,'BORSA','LINO','MARRONE','U','DONNA'),
    (118,'CAMICIA','VOLANT','BIANCO','XS','DONNA'),
    (119,'CAMICIA','VOLANT','BIANCO','S','DONNA'),
    (120,'CAMICIA','VOLANT','BIANCO','M','DONNA'),
    (121,'CAMICIA','VOLANT','BIANCO','L','DONNA'),
    (122,'CAMICIA','VOLANT','BIANCO','XL','DONNA'),
    (123,'CAMICIA','ALAMARI','BONDY','XS','DONNA'),
    (124,'CAMICIA','ALAMARI','BONDY','S','DONNA'),
    (125,'CAMICIA','ALAMARI','BONDY','M','DONNA'),
    (126,'CAMICIA','ALAMARI','BONDY','L','DONNA'),
    (127,'CAMICIA','ALAMARI','BONDY','XL','DONNA'),
    (128,'CAMICIA','ALAMARI','BONDY','XXL','DONNA'),
    (129,'CAMICIA','ALAMARI','BIANCO','XS','DONNA'),
    (130,'CAMICIA','ALAMARI','BIANCO','S','DONNA'),
    (131,'CAMICIA','ALAMARI','BIANCO','M','DONNA'),
    (132,'CAMICIA','ALAMARI','BIANCO','L','DONNA'),
    (133,'CAMICIA','ALAMARI','BIANCO','XL','DONNA'),
    (134,'CAMICIA','ALAMARI','BIANCO','XXL','DONNA'),
    (135,'CAMICIA','ALAMARI','GRIGIO MARRONE','XS','DONNA'),
    (136,'CAMICIA','ALAMARI','GRIGIO MARRONE','S','DONNA'),
    (137,'CAMICIA','ALAMARI','GRIGIO MARRONE','M','DONNA'),
    (138,'CAMICIA','ALAMARI','GRIGIO MARRONE','L','DONNA'),
    (139,'CAMICIA','ALAMARI','GRIGIO MARRONE','XL','DONNA'),
    (140,'CAMICIA','ALAMARI','GRIGIO MARRONE','XXL','DONNA'),
    (141,'CAMICIA','CHEMISIER','ECRU','XS','DONNA'),
    (142,'CAMICIA','CHEMISIER','ECRU','S','DONNA'),
    (143,'CAMICIA','CHEMISIER','ECRU','M','DONNA'),
    (144,'CAMICIA','CHEMISIER','ECRU','L','DONNA'),
    (145,'CAMICIA','CHEMISIER','ECRU','XL','DONNA'),
    (146,'CAMICIA','CHEMISIER','MARRONE','XS','DONNA'),
    (147,'CAMICIA','CHEMISIER','MARRONE','S','DONNA'),
    (148,'CAMICIA','CHEMISIER','MARRONE','M','DONNA'),
    (149,'CAMICIA','CHEMISIER','MARRONE','L','DONNA'),
    (150,'CAMICIA','CHEMISIER','MARRONE','XL','DONNA'),
    (151,'CAMICIA','CLASSICA','ROYAL','XS','DONNA'),
    (152,'CAMICIA','CLASSICA','ROYAL','S','DONNA'),
    (153,'CAMICIA','CLASSICA','ROYAL','M','DONNA'),
    (154,'CAMICIA','CLASSICA','ROYAL','L','DONNA'),
    (155,'CAMICIA','CLASSICA','ROYAL','XL','DONNA'),
    (156,'CAMICIA','COREANA E POLSINO','ECRU','XS','DONNA'),
    (157,'CAMICIA','COREANA E POLSINO','ECRU','S','DONNA'),
    (158,'CAMICIA','COREANA E POLSINO','ECRU','M','DONNA'),
    (159,'CAMICIA','COREANA E POLSINO','ECRU','L','DONNA'),
    (160,'CAMICIA','FIOCCO','BIANCO ECRU','XS','DONNA'),
    (161,'CAMICIA','FIOCCO','BIANCO ECRU','S','DONNA'),
    (162,'CAMICIA','FIOCCO','BIANCO ECRU','M','DONNA'),
    (163,'CAMICIA','FIOCCO','BIANCO ECRU','L','DONNA'),
    (164,'CAMICIA','FIOCCO','BIANCO ECRU','XL','DONNA'),
    (165,'CAMICIA','OVER','BIANCO','XS','DONNA'),
    (166,'CAMICIA','OVER','BIANCO','S','DONNA'),
    (167,'CAMICIA','OVER','BIANCO','M','DONNA'),
    (168,'CAMICIA','OVER','BIANCO','L','DONNA'),
    (169,'CAMICIA','OVER','BIANCO','XL','DONNA'),
    (170,'CAMICIA','OVER','BIANCO','XXL','DONNA'),
    (171,'CAMICIA','PRINCIPESSA','BIANCO','XS','DONNA'),
    (172,'CAMICIA','PRINCIPESSA','BIANCO','S','DONNA'),
    (173,'CAMICIA','PRINCIPESSA','BIANCO','M','DONNA'),
    (174,'CAMICIA','PRINCIPESSA','BIANCO','L','DONNA'),
    (175,'CAMICIA','PRINCIPESSA','BIANCO','XL','DONNA'),
    (176,'CAMICIA','PRINCIPESSA','BIANCO','XXL','DONNA'),
    (177,'CAMICIA','SPIGATA A RIGHE','BIANCO MARINE','S','DONNA'),
    (178,'CAMICIA','SPIGATA A RIGHE','BIANCO MARINE','L','DONNA'),
    (179,'CAMICIA','SPIGATA A RIGHE','MARRONE ECRU','S','DONNA'),
    (180,'CAMICIA','SPIGATA A RIGHE','MARRONE ECRU','L','DONNA'),
    (181,'CAMICIA','SPIGATA A RIGHE','VERDE BLU','S','DONNA'),
    (182,'CAMICIA','SPIGATA A RIGHE','VERDE BLU','L','DONNA'),
    (183,'CAMICIA','VALENTINA','BIANCO','XS','DONNA'),
    (184,'CAMICIA','VALENTINA','BIANCO','S','DONNA'),
    (185,'CAMICIA','VALENTINA','BIANCO','M','DONNA'),
    (186,'CAMICIA','VALENTINA','BIANCO','L','DONNA'),
    (187,'CAMICIA','VALENTINA','BIANCO','XL','DONNA'),
    (188,'CAMICIA','RIGHINA','BIANCO','XS','DONNA'),
    (189,'CAMICIA','RIGHINA','BIANCO','S','DONNA'),
    (190,'CAMICIA','RIGHINA','BIANCO','M','DONNA'),
    (191,'CAMICIA','RIGHINA','BIANCO','L','DONNA'),
    (192,'CAMICIA','RIGHINA','BIANCO','XL','DONNA'),
    (193,'CAMICIONE','COREANO PLISSET','BIANCO','S','DONNA'),
    (194,'CAMICIONE','COREANO PLISSET','BIANCO','M','DONNA'),
    (195,'CAMICIONE','COREANO PLISSET','BIANCO','L','DONNA'),
    (196,'CAMICIONE','COREANO PLISSET','BIANCO','XL','DONNA'),
    (197,'CAMICIONE','COREANO PLISSET','BLU','S','DONNA'),
    (198,'CAMICIONE','COREANO PLISSET','BLU','M','DONNA'),
    (199,'CAMICIONE','COREANO PLISSET','BLU','L','DONNA'),
    (200,'CAMICIONE','COREANO PLISSET','BLU','XL','DONNA'),
    (201,'CAMICIONE','COREANO PLISSET','ROSSO','S','DONNA'),
    (202,'CAMICIONE','COREANO PLISSET','ROSSO','M','DONNA'),
    (203,'CAMICIONE','COREANO PLISSET','ROSSO','L','DONNA'),
    (204,'CAMICIONE','COREANO PLISSET','ROSSO','XL','DONNA'),
    (205,'CAMICIONE','LUNGHISSIMO','BIANCO','S','DONNA'),
    (206,'CAMICIONE','LUNGHISSIMO','BIANCO','M','DONNA'),
    (207,'CAMICIONE','LUNGHISSIMO','BIANCO','L','DONNA'),
    (208,'CAMICIONE','LUNGHISSIMO','BIANCO','XL','DONNA'),
    (209,'CINTA','LINO','BIANCO','U','DONNA'),
    (210,'CINTA','LINO','BLU','U','DONNA'),
    (211,'CINTA','LINO','ECRU','U','DONNA'),
    (212,'CINTA','LINO','MARRONE','U','DONNA'),
    (213,'CINTA','LINO','NERO','U','DONNA'),
    (214,'CINTA','LINO','ROSSO','U','DONNA'),
    (215,'GONNA','RIGHE','BLU BIANCO','XS','DONNA'),
    (216,'GONNA','RIGHE','BLU BIANCO','S','DONNA'),
    (217,'GONNA','RIGHE','BLU BIANCO','M','DONNA'),
    (218,'GONNA','RIGHE','BLU BIANCO','L','DONNA'),
    (219,'MAGLIA','BOTTONI DIETRO','BEIGE','S','DONNA'),
    (220,'MAGLIA','BOTTONI DIETRO','BEIGE','M','DONNA'),
    (221,'MAGLIA','BOTTONI DIETRO','BEIGE','L','DONNA'),
    (222,'MAGLIA','BOTTONI DIETRO','BLU','S','DONNA'),
    (223,'MAGLIA','BOTTONI DIETRO','BLU','M','DONNA'),
    (224,'MAGLIA','BOTTONI DIETRO','BLU','L','DONNA'),
    (225,'MAGLIA','BOTTONI DIETRO','GRIGIO','S','DONNA'),
    (226,'MAGLIA','BOTTONI DIETRO','GRIGIO','M','DONNA'),
    (227,'MAGLIA','BOTTONI DIETRO','GRIGIO','L','DONNA'),
    (228,'MAGLIA','BOTTONI DIETRO','PIOMBO','S','DONNA'),
    (229,'MAGLIA','BOTTONI DIETRO','PIOMBO','M','DONNA'),
    (230,'MAGLIA','BOTTONI DIETRO','PIOMBO','L','DONNA'),
    (231,'MAGLIA','BOTTONI DIETRO','ROSA','S','DONNA'),
    (232,'MAGLIA','BOTTONI DIETRO','ROSA','M','DONNA'),
    (233,'MAGLIA','BOTTONI DIETRO','ROSA','L','DONNA'),
    (234,'MAGLIA','CARDIGAN','BLU','S','DONNA'),
    (235,'MAGLIA','CARDIGAN','BLU','M','DONNA'),
    (236,'MAGLIA','CARDIGAN','BLU','L','DONNA'),
    (237,'MAGLIA','TOP MAGLINA','BIANCO','S','DONNA'),
    (238,'MAGLIA','TOP MAGLINA','BIANCO','M','DONNA'),
    (239,'MAGLIA','TOP MAGLINA','BIANCO','L','DONNA'),
    (240,'MAGLIA','TOP MAGLINA','BIANCO','XL','DONNA'),
    (241,'MAGLIA','UOVO','BLU','U','DONNA'),
    (242,'MAGLIA','UOVO','PIOMBO','U','DONNA'),
    (243,'MAGLIA','UOVO','ROSSO','U','DONNA'),
    (244,'MAGLIA','UOVO','TERRA','U','DONNA'),
    (245,'MAGLIA','UOVO RIGHE','BLU BIANCO','U','DONNA'),
    (246,'PANTALONE','CAPRI','BIANCO','XS','DONNA'),
    (247,'PANTALONE','CAPRI','BIANCO','S','DONNA'),
    (248,'PANTALONE','CAPRI','BIANCO','M','DONNA'),
    (249,'PANTALONE','CAPRI','BIANCO','L','DONNA'),
    (250,'PANTALONE','CAPRI','BIANCO','XL','DONNA');
INSERT INTO APP_CUSTOM_WAREHOUSE_ITEMS (APP_WAREHOUSE_ITEMS_ID,TIPO,MODELLO,COLORE,TAGLIA,GENERE) VALUES
    (251,'PANTALONE','CAPRI','BIANCO','XXL','DONNA'),
    (252,'PANTALONE','CAPRI','BLU','XS','DONNA'),
    (253,'PANTALONE','CAPRI','BLU','S','DONNA'),
    (254,'PANTALONE','CAPRI','BLU','M','DONNA'),
    (255,'PANTALONE','CAPRI','BLU','L','DONNA'),
    (256,'PANTALONE','CAPRI','BLU','XL','DONNA'),
    (257,'PANTALONE','CAPRI','BLU','XXL','DONNA'),
    (258,'PANTALONE','CAPRI','ECRU','XS','DONNA'),
    (259,'PANTALONE','CAPRI','ECRU','S','DONNA'),
    (260,'PANTALONE','CAPRI','ECRU','M','DONNA'),
    (261,'PANTALONE','CAPRI','ECRU','L','DONNA'),
    (262,'PANTALONE','CAPRI','ECRU','XL','DONNA'),
    (263,'PANTALONE','CAPRI','ECRU','XXL','DONNA'),
    (264,'PANTALONE','CAPRI','MARRONE','XS','DONNA'),
    (265,'PANTALONE','CAPRI','MARRONE','S','DONNA'),
    (266,'PANTALONE','CAPRI','MARRONE','M','DONNA'),
    (267,'PANTALONE','CAPRI','MARRONE','L','DONNA'),
    (268,'PANTALONE','CAPRI','MARRONE','XL','DONNA'),
    (269,'PANTALONE','CAPRI','MARRONE','XXL','DONNA'),
    (270,'PANTALONE','CAPRI QUADRETTO','BLU BIANCO','XS','DONNA'),
    (271,'PANTALONE','CAPRI QUADRETTO','BLU BIANCO','S','DONNA'),
    (272,'PANTALONE','CAPRI QUADRETTO','BLU BIANCO','M','DONNA'),
    (273,'PANTALONE','CAPRI QUADRETTO','BLU BIANCO','L','DONNA'),
    (274,'PANTALONE','CAPRI QUADRETTO','BLU BIANCO','XL','DONNA'),
    (275,'PANTALONE','CAPRI QUADRETTO','BLU BIANCO','XXL','DONNA'),
    (276,'PANTALONE','PALAZZO','BIANCO','XS','DONNA'),
    (277,'PANTALONE','PALAZZO','BIANCO','S','DONNA'),
    (278,'PANTALONE','PALAZZO','BIANCO','M','DONNA'),
    (279,'PANTALONE','PALAZZO','BIANCO','L','DONNA'),
    (280,'PANTALONE','PALAZZO','BIANCO','XL','DONNA'),
    (281,'PANTALONE','PALAZZO','BIANCO','XXL','DONNA'),
    (282,'PANTALONE','PALAZZO','STONE','XS','DONNA'),
    (283,'PANTALONE','PALAZZO','STONE','S','DONNA'),
    (284,'PANTALONE','PALAZZO','STONE','M','DONNA'),
    (285,'PANTALONE','PALAZZO','STONE','L','DONNA'),
    (286,'PANTALONE','PALAZZO','STONE','XL','DONNA'),
    (287,'PANTALONE','PALAZZO','STONE','XXL','DONNA'),
    (288,'PANTALONE','PALAZZO','VERDE','XS','DONNA'),
    (289,'PANTALONE','PALAZZO','VERDE','S','DONNA'),
    (290,'PANTALONE','PALAZZO','VERDE','M','DONNA'),
    (291,'PANTALONE','PALAZZO','VERDE','L','DONNA'),
    (292,'PANTALONE','PALAZZO','VERDE','XL','DONNA'),
    (293,'PANTALONE','PALAZZO','VERDE','XXL','DONNA'),
    (294,'PONCHO','LINO','MILITARE','U','DONNA'),
    (295,'PONCHO','LINO','SABBIA','U','DONNA'),
    (296,'PONCHO','LINO','MARRONE','U','DONNA'),
    (297,'PONCHO','CACHEMER','BLU','U','DONNA'),
    (298,'PONCHO','CACHEMER','BEIGE','U','DONNA'),
    (299,'PONCHO','CACHEMER','PANNA','U','DONNA'),
    (300,'PONCHO','CACHEMER','VERDE','U','DONNA'),
    (301,'TOP','CANNELLO','BIANCO','XS','DONNA'),
    (302,'TOP','CANNELLO','BIANCO','S','DONNA'),
    (303,'TOP','CANNELLO','BIANCO','M','DONNA'),
    (304,'TOP','CANNELLO','BIANCO','L','DONNA'),
    (305,'TOP','CANNELLO','BIANCO','XL','DONNA'),
    (306,'TOP','COLLO ANELLO','BIANCO ECRU','XS','DONNA'),
    (307,'TOP','COLLO ANELLO','BIANCO ECRU','S','DONNA'),
    (308,'TOP','COLLO ANELLO','BIANCO ECRU','M','DONNA'),
    (309,'TOP','COLLO ANELLO','BIANCO ECRU','L','DONNA'),
    (310,'TOP','COLLO ANELLO','BIANCO ECRU','XL','DONNA'),
    (311,'TOP','COLLO ANELLO','BLU BIANCO','XS','DONNA'),
    (312,'TOP','COLLO ANELLO','BLU BIANCO','S','DONNA'),
    (313,'TOP','COLLO ANELLO','BLU BIANCO','M','DONNA'),
    (314,'TOP','COLLO ANELLO','BLU BIANCO','L','DONNA'),
    (315,'TOP','COLLO ANELLO','BLU BIANCO','XL','DONNA'),
    (316,'TOP','COLLO ANELLO','PERLA BIANCO','XS','DONNA'),
    (317,'TOP','COLLO ANELLO','PERLA BIANCO','S','DONNA'),
    (318,'TOP','COLLO ANELLO','PERLA BIANCO','M','DONNA'),
    (319,'TOP','COLLO ANELLO','PERLA BIANCO','L','DONNA'),
    (320,'TOP','COLLO ANELLO','PERLA BIANCO','XL','DONNA'),
    (321,'TOP','LINO MISTO MAGLINA','NERO','XS','DONNA'),
    (322,'TOP','LINO MISTO MAGLINA','NERO','S','DONNA'),
    (323,'TOP','LINO MISTO MAGLINA','NERO','M','DONNA'),
    (324,'TOP','LINO MISTO MAGLINA','NERO','L','DONNA'),
    (325,'TOP','PLISSET','BIANCO','XS','DONNA'),
    (326,'TOP','PLISSET','BIANCO','S','DONNA'),
    (327,'TOP','PLISSET','BIANCO','M','DONNA'),
    (328,'TOP','PLISSET','BIANCO','L','DONNA'),
    (329,'TOP','PLISSET','BIANCO','XL','DONNA'),
    (330,'TOP','PLISSET','ECRU','XS','DONNA'),
    (331,'TOP','PLISSET','ECRU','S','DONNA'),
    (332,'TOP','PLISSET','ECRU','M','DONNA'),
    (333,'TOP','PLISSET','ECRU','L','DONNA'),
    (334,'TOP','PLISSET','ECRU','XL','DONNA'),
    (335,'TOP','PLISSET','MARRONE','XS','DONNA'),
    (336,'TOP','PLISSET','MARRONE','S','DONNA'),
    (337,'TOP','PLISSET','MARRONE','M','DONNA'),
    (338,'TOP','PLISSET','MARRONE','L','DONNA'),
    (339,'TOP','PLISSET','MARRONE','XL','DONNA'),
    (340,'CAMICIA','CLASSICO','BIANCO','S','UOMO'),
    (341,'CAMICIA','CLASSICO','BIANCO','M','UOMO'),
    (342,'CAMICIA','CLASSICO','BIANCO','L','UOMO'),
    (343,'CAMICIA','CLASSICO','BIANCO','XL','UOMO'),
    (344,'CAMICIA','CLASSICO','BIANCO','XXL','UOMO'),
    (345,'CAMICIA','CLASSICO','BLU','S','UOMO'),
    (346,'CAMICIA','CLASSICO','BLU','M','UOMO'),
    (347,'CAMICIA','CLASSICO','BLU','L','UOMO'),
    (348,'CAMICIA','CLASSICO','BLU','XL','UOMO'),
    (349,'CAMICIA','CLASSICO','BLU','XXL','UOMO'),
    (350,'CAMICIA','CLASSICO','ROSSO','S','UOMO'),
    (351,'CAMICIA','CLASSICO','ROSSO','M','UOMO'),
    (352,'CAMICIA','CLASSICO','ROSSO','L','UOMO'),
    (353,'CAMICIA','CLASSICO','ROSSO','XL','UOMO'),
    (354,'CAMICIA','CLASSICO','ROSSO','XXL','UOMO'),
    (355,'CAMICIA','COREANA APERTO','BIANCO','S','UOMO'),
    (356,'CAMICIA','COREANA APERTO','BIANCO','M','UOMO'),
    (357,'CAMICIA','COREANA APERTO','BIANCO','L','UOMO'),
    (358,'CAMICIA','COREANA APERTO','BIANCO','XL','UOMO'),
    (359,'CAMICIA','COREANA APERTO','BIANCO','XXL','UOMO'),
    (360,'CAMICIA','COREANA APERTO','MARINE','S','UOMO'),
    (361,'CAMICIA','COREANA APERTO','MARINE','M','UOMO'),
    (362,'CAMICIA','COREANA APERTO','MARINE','L','UOMO'),
    (363,'CAMICIA','COREANA APERTO','MARINE','XL','UOMO'),
    (364,'CAMICIA','COREANA APERTO','MARINE','XXL','UOMO'),
    (365,'CAMICIA','COREANA APERTO RIGA','BIANCO BEIGE','S','UOMO'),
    (366,'CAMICIA','COREANA APERTO RIGA','BIANCO BEIGE','M','UOMO'),
    (367,'CAMICIA','COREANA APERTO RIGA','BIANCO BEIGE','L','UOMO'),
    (368,'CAMICIA','COREANA APERTO RIGA','BIANCO BEIGE','XL','UOMO'),
    (369,'CAMICIA','COREANA APERTO RIGA','BIANCO BEIGE','XXL','UOMO'),
    (370,'CAMICIA','COREANA CHIUSO','BONDY','S','UOMO'),
    (371,'CAMICIA','COREANA CHIUSO','BONDY','M','UOMO'),
    (372,'CAMICIA','COREANA CHIUSO','BONDY','L','UOMO'),
    (373,'CAMICIA','COREANA CHIUSO','BONDY','XL','UOMO'),
    (374,'CAMICIA','COREANA CHIUSO','BONDY','XXL','UOMO'),
    (375,'CAMICIA','COREANA CHIUSO RIGA','BIANCO BEIGE','S','UOMO'),
    (376,'CAMICIA','COREANA CHIUSO RIGA','BIANCO BEIGE','M','UOMO'),
    (377,'CAMICIA','COREANA CHIUSO RIGA','BIANCO BEIGE','L','UOMO'),
    (378,'CAMICIA','COREANA CHIUSO RIGA','BIANCO BEIGE','XL','UOMO'),
    (379,'CAMICIA','COREANA CHIUSO RIGA','BIANCO BEIGE','XXL','UOMO'),
    (380,'CAMICIA','COREANA CHIUSO RIGA','BLU BIANCO','S','UOMO'),
    (381,'CAMICIA','COREANA CHIUSO RIGA','BLU BIANCO','M','UOMO'),
    (382,'CAMICIA','COREANA CHIUSO RIGA','BLU BIANCO','L','UOMO'),
    (383,'CAMICIA','COREANA CHIUSO RIGA','BLU BIANCO','XL','UOMO'),
    (384,'CAMICIA','COREANA CHIUSO RIGA','BLU BIANCO','XXL','UOMO'),
    (385,'GIACCA','CLASSICA','BLU','48','UOMO'),
    (386,'GIACCA','CLASSICA','BLU','50','UOMO'),
    (387,'GIACCA','CLASSICA','BLU','52','UOMO'),
    (388,'GIACCA','CLASSICA','BLU','54','UOMO'),
    (389,'GIACCA','CLASSICA','BLU','56','UOMO'),
    (390,'GIACCA','CLASSICA','BLU','58','UOMO'),
    (391,'GIACCA','CLASSICA','ECRU','48','UOMO'),
    (392,'GIACCA','CLASSICA','ECRU','50','UOMO'),
    (393,'GIACCA','CLASSICA','ECRU','52','UOMO'),
    (394,'GIACCA','CLASSICA','ECRU','54','UOMO'),
    (395,'GIACCA','CLASSICA','ECRU','56','UOMO'),
    (396,'GIACCA','CLASSICA','ECRU','58','UOMO'),
    (397,'PANTALONE','BERMUDA','BIANCO','S','UOMO'),
    (398,'PANTALONE','BERMUDA','BIANCO','M','UOMO'),
    (399,'PANTALONE','BERMUDA','BIANCO','L','UOMO'),
    (400,'PANTALONE','BERMUDA','BIANCO','XL','UOMO'),
    (401,'PANTALONE','BERMUDA','BIANCO','XXL','UOMO'),
    (402,'PANTALONE','BERMUDA','BLU','S','UOMO'),
    (403,'PANTALONE','BERMUDA','BLU','M','UOMO'),
    (404,'PANTALONE','BERMUDA','BLU','L','UOMO'),
    (405,'PANTALONE','BERMUDA','BLU','XL','UOMO'),
    (406,'PANTALONE','BERMUDA','BLU','XXL','UOMO'),
    (407,'PANTALONE','BERMUDA','ECRU','S','UOMO'),
    (408,'PANTALONE','BERMUDA','ECRU','M','UOMO'),
    (409,'PANTALONE','BERMUDA','ECRU','L','UOMO'),
    (410,'PANTALONE','BERMUDA','ECRU','XL','UOMO'),
    (411,'PANTALONE','BERMUDA','ECRU','XXL','UOMO'),
    (412,'PANTALONE','PANTALACCIO','BIANCO','S','UOMO'),
    (413,'PANTALONE','PANTALACCIO','BIANCO','M','UOMO'),
    (414,'PANTALONE','PANTALACCIO','BIANCO','L','UOMO'),
    (415,'PANTALONE','PANTALACCIO','BIANCO','XL','UOMO'),
    (416,'PANTALONE','PANTALACCIO','BIANCO','XXL','UOMO'),
    (417,'PANTALONE','PANTALACCIO','BLU','S','UOMO'),
    (418,'PANTALONE','PANTALACCIO','BLU','M','UOMO'),
    (419,'PANTALONE','PANTALACCIO','BLU','L','UOMO'),
    (420,'PANTALONE','PANTALACCIO','BLU','XL','UOMO'),
    (421,'PANTALONE','PANTALACCIO','BLU','XXL','UOMO'),
    (422,'PANTALONE','PANTALACCIO','ECRU','S','UOMO'),
    (423,'PANTALONE','PANTALACCIO','ECRU','M','UOMO'),
    (424,'PANTALONE','PANTALACCIO','ECRU','L','UOMO'),
    (425,'PANTALONE','PANTALACCIO','ECRU','XL','UOMO'),
    (426,'PANTALONE','PANTALACCIO','ECRU','XXL','UOMO'),
    (427,'PANTALONE','PANTALACCIO','VERDE','S','UOMO'),
    (428,'PANTALONE','PANTALACCIO','VERDE','M','UOMO'),
    (429,'PANTALONE','PANTALACCIO','VERDE','L','UOMO'),
    (430,'PANTALONE','PANTALACCIO','VERDE','XL','UOMO'),
    (431,'PANTALONE','PANTALACCIO','VERDE','XXL','UOMO'),
    (432,'COPRISPALLE','ESTIVO',NULL,'U','DONNA'),
    (433,'COPRISPALLE','ESTIVO DAMASCATO',NULL,'U','DONNA'),
    (434,'COPRISPALLE','INVERNALE',NULL,'U','DONNA'),
    (435,'CAPRI','ESTIVO',NULL,'U','DONNA'),
    (436,'CAPRI','INVERNALE',NULL,'U','DONNA'),
    (437,'PONCHO','INVERNALE',NULL,'U','DONNA'),
    (438,'SCIARPA','ESTIVO',NULL,'U','DONNA'),
    (439,'SCIARPA','ESTIVO DAMASCATO',NULL,'U','DONNA'),
    (440,'SCIARPA','INVERNALE',NULL,'U','DONNA'),
    (441,'SCIALLE','ESTIVO',NULL,'U','DONNA'),
    (442,'MESSICO','ESTIVO',NULL,'U','DONNA'),
    (443,'MESSICO','INVERNALE',NULL,'U','DONNA'),
    (444,'SMANICATO','ESTIVO',NULL,'U','DONNA'),
    (445,'GIACCA','VATICANO AIDA','PANNA','U','DONNA'),
    (446,'GIACCA','BELLA','PEPE NERO','U','DONNA'),
    (447,'GIACCA','BELLA','LUCE','U','DONNA'),
    (448,'GIACCA','BENEDETTA','NATURALE','XS','DONNA'),
    (449,'GIACCA','BENEDETTA','NATURALE','XL','DONNA'),
    (450,'CAPPOTTO','VATICANO','NATURALE','U','DONNA'),
    (451,'TOP','PESCE','MIX CIELO','S','DONNA'),
    (452,'PANTALONE','ISTANTE','PEPE NERO','S','DONNA'),
    (453,'PANTALONE','ISTANTE','PEPE NERO','L','DONNA'),
    (454,'PANTALONE','ISTANTE','OCEANO','S','DONNA'),
    (455,'PANTALONE','ISTANTE','PANNA','S','DONNA'),
    (456,'PANTALONE','ISTANTE','PANNA','L','DONNA'),
    (457,'PANTALONE','ISTANTE','NATURALE','S','DONNA'),
    (458,'PANTALONE','ISTANTE','TELA NEUTRA','S','DONNA'),
    (459,'PANTALONE','ISTANTE','OMBRA','S','DONNA'),
    (460,'PANTALONE','BAROLO SEQUENZA','NATURALE','U','DONNA'),
    (461,'PANTALONE','TRITONE CESTINATO','MARE RIGATO','U','DONNA'),
    (462,'PANTALONE','FARO ROVESCIA','BLU','U','DONNA'),
    (463,'PANTALONE','ULISSE BATTISTA','PANNA','M','DONNA'),
    (464,'PANTALONE','CIPRESSO SPIGATO','BLU','S','DONNA'),
    (465,'PANTALONE','VINCENTE BATTISTA','NATURALE','L','DONNA'),
    (466,'SPOLVERINO','ARIENZO DIAMANTE','NATURALE','U','DONNA'),
    (467,'ABITO','EGG','INFINITO GIGATO','U','DONNA'),
    (468,'ABITO','EGG','ACCORDO BLU','U','DONNA'),
    (469,'ABITO','EGG','ARENA','U','DONNA'),
    (470,'ABITO','EGG','NEUTRA','U','DONNA'),
    (471,'ABITO','PIEGA','PACIFICA','U','DONNA'),
    (472,'ABITO','NEBBIOLO','NEUTRA','U','DONNA'),
    (473,'ABITO','NEBBIOLO','PACIFICA','U','DONNA'),
    (474,'TUTA','VESUVIO','TEMPESTA','U','DONNA'),
    (475,'TUTA','VESUVIO','ESSENZA','U','DONNA'),
    (476,'CAMICIA','TEMA DIAMANTE','PANNA','U','DONNA'),
    (477,'CAMICIA','TEMA FINEZZA','NATURALE','U','DONNA'),
    (478,'CAMICIA','TEMA','SABBIA','M','DONNA'),
    (479,'CASACCA','TAO','CIELO NERO','U','DONNA'),
    (480,'CASACCA','TAO','PANNA','U','DONNA'),
    (481,'CASACCA','TAO','CIELO','U','DONNA'),
    (482,'CASACCA','MAXI TAO RETE','PANNA','U','DONNA'),
    (483,'CASACCA','MAXI TAO','CIELO','U','DONNA'),
    (484,'CASACCA','LIFE RETE PESANTE','NATURALE','U','DONNA'),
    (485,'CASACCA','QUADRA','LUCE','U','DONNA'),
    (486,'CASACCA','CAMPANA RETE','PANNA','U','DONNA'),
    (487,'CASACCA','BARCA','BRASILIA','U','DONNA'),
    (488,'CASACCA','BARCA','SABBIA','U','DONNA'),
    (489,'CASACCA','BARCA','CIELO NERO','U','DONNA'),
    (490,'CASACCA','RETE','PANNA','U','DONNA'),
    (491,'CASACCA','RIUSCITA CESTINATA','MARE RIGATO','U','DONNA'),
    (492,'CASACCA','MARINA','VESUVIO PEPE','U','DONNA'),
    (493,'CASACCA','NERANO','NATURALE','U','DONNA'),
    (494,'CASACCA','NERANO','AUTUNNO','U','DONNA'),
    (495,'CASACCA','SCALA','PANNA','U','DONNA'),
    (496,'CASACCA','POLLA','MINI INFINITO','U','DONNA'),
    (497,'CASACCA','CRAPOLLA RETE','PANNA','U','DONNA'),
    (498,'CASACCA','IERI','NATURALE','U','DONNA'),
    (499,'CASACCA','ONDA RETE','BLU PANNA','U','DONNA'),
    (500,'CASACCA','CAMPANA RETE','PANNA','M','DONNA');
INSERT INTO APP_CUSTOM_WAREHOUSE_ITEMS (APP_WAREHOUSE_ITEMS_ID,TIPO,MODELLO,COLORE,TAGLIA,GENERE) VALUES
    (501,'CASACCA','ANELLO','VESUVIO','U','DONNA'),
    (502,'CASACCA','ANELLO','PANNA','U','DONNA'),
    (503,'CASACCA','SEMPLICE','SILVER','U','DONNA'),
    (504,'CASACCA','SEMPLICE','PANNA','U','DONNA'),
    (505,'CASACCA','BOMBA','GHIACCIO','U','DONNA'),
    (506,'CASACCA','ASTRATTA','SILVER ESSENZA','U','DONNA'),
    (507,'CASACCA','SVOLTA','MARINA','U','DONNA'),
    (508,'GIACCA','GILA','BIA','S','DONNA'),
    (509,'GIACCA','GILA','BIA','M','DONNA'),
    (510,'GIACCA','GILA','BIA','L','DONNA'),
    (511,'GIACCA','GILA','AMBRA','S','DONNA'),
    (512,'GIACCA','GILA','AMBRA','M','DONNA'),
    (513,'GIACCA','GILA','AMBRA','L','DONNA'),
    (514,'SPOLVERINO','SHERLOCK','RIGA AMETISTA','U','DONNA'),
    (515,'SPOLVERINO','SHERLOCK','RIGA AMBRA','U','DONNA'),
    (516,'ABITO','SAPRI','AMBRA','U','DONNA'),
    (517,'ABITO','OLIVIA','AMETISTA','S','DONNA'),
    (518,'ABITO','OLIVIA','AMETISTA','M','DONNA'),
    (519,'ABITO','OLIVIA','AMETISTA','L','DONNA'),
    (520,'PANTALONE','MARTE','AMETISTA','S','DONNA'),
    (521,'PANTALONE','MARTE','AMETISTA','M','DONNA'),
    (522,'PANTALONE','MARTE','AMETISTA','L','DONNA'),
    (523,'CASACCA','ALMA','RIGA AMETISTA','U','DONNA'),
    (524,'CAMICIA','VERA','AMETISTA','S','DONNA'),
    (525,'ABITO','VERA','AMETISTA','M','DONNA'),
    (526,'ABITO','VERA','AMETISTA','L','DONNA'),
    (527,'ABITO','VERA','AMETISTA','XL','DONNA'),
    (528,'BORSA',NULL,NULL,'U','DONNA'),
    (529,'CARTELLA',NULL,NULL,'U','UNISEX'),
    (530,'ZAINO',NULL,NULL,'U','UNISEX'),
    (531,'BORSELLO',NULL,NULL,'U','UNISEX'),
    (532,'PORTAFOGLIO',NULL,NULL,'U','DONNA'),
    (533,'PORTAFOGLIO',NULL,NULL,'U','UOMO'),
    (534,'CINTURA',NULL,NULL,'U','UNISEX'),
    (535,'CUSTODIA',NULL,NULL,'U','DONNA'),
    (536,'VENTAGLIO',NULL,NULL,'U','DONNA'),
    (537,'PAPILLON',NULL,NULL,'U','UNISEX'),
    (538,'CRAVATTE',NULL,NULL,'U','UNISEX'),
    (539,'OMBRELLO',NULL,NULL,'U','UNISEX'),
    (540,'PORTADOCU',NULL,NULL,'U','UNISEX'),
    (541,'PORTAMON',NULL,NULL,'U','UNISEX'),
    (542,'ALTRO',NULL,NULL,'U','UNISEX'),
    (543,'SCIARPA','SCIARPA',NULL,'U','UNISEX'),
    (544,'ESTIVO','CAPPELO',NULL,'U','UNISEX'),
    (545,'INVERNALE','CAPPELLO',NULL,'U','UNISEX'),
    (546,'PANTALONE',NULL,NULL,'U','DONNA'),
    (547,'CAMICIA','CHIUSA',NULL,'U','DONNA'),
    (548,'MAGLIA',NULL,NULL,'U','DONNA'),
    (549,'TOP',NULL,NULL,'U','DONNA'),
    (550,'ABITO',NULL,NULL,'U','DONNA'),
    (551,'GIACCA',NULL,NULL,'U','DONNA'),
    (552,'CAPPOTTO',NULL,NULL,'U','DONNA'),
    (553,'MANTELLA',NULL,NULL,'U','DONNA'),
    (554,'GONNA',NULL,NULL,'U','DONNA'),
    (555,'COPRISPALLE',NULL,NULL,'U','DONNA'),
    (556,'ALTRO',NULL,NULL,'U','DONNA'),
    (557,'COLLANE',NULL,NULL,'U','DONNA'),
    (558,'ORECCHINI',NULL,NULL,'U','DONNA'),
    (559,'BRACCIALE',NULL,NULL,'U','DONNA'),
    (560,'SPILLA',NULL,NULL,'U','DONNA');

-- Import movimenti di rettifica per prima giacenza
INSERT INTO APP_WAREHOUSE_MOVEMENTS (APP_WAREHOUSE_ITEMS_ID,QUANTITY,USERREG,USERUPDATE,APP_WAREHOUSE_CAUSALS_ID,APP_WAREHOUSES_ID) VALUES
    (1,210,1,1,7,1),
    (2,3,1,1,7,1),
    (3,3,1,1,7,1),
    (4,7,1,1,7,1),
    (5,3,1,1,7,1),
    (6,2,1,1,7,1),
    (7,3,1,1,7,1),
    (8,3,1,1,7,1),
    (9,5,1,1,7,1),
    (10,5,1,1,7,1),
    (11,2,1,1,7,1),
    (12,2,1,1,7,1),
    (13,3,1,1,7,1),
    (14,3,1,1,7,1),
    (15,4,1,1,7,1),
    (16,1,1,1,7,1),
    (17,2,1,1,7,1),
    (18,0,1,1,7,1),
    (19,0,1,1,7,1),
    (20,0,1,1,7,1),
    (21,1,1,1,7,1),
    (22,0,1,1,7,1),
    (23,3,1,1,7,1),
    (24,8,1,1,7,1),
    (25,5,1,1,7,1),
    (26,4,1,1,7,1),
    (27,0,1,1,7,1),
    (28,2,1,1,7,1),
    (29,2,1,1,7,1),
    (30,4,1,1,7,1),
    (31,1,1,1,7,1),
    (32,3,1,1,7,1),
    (33,2,1,1,7,1),
    (34,3,1,1,7,1),
    (35,2,1,1,7,1),
    (36,2,1,1,7,1),
    (37,0,1,1,7,1),
    (38,3,1,1,7,1),
    (39,0,1,1,7,1),
    (40,0,1,1,7,1),
    (41,0,1,1,7,1),
    (42,0,1,1,7,1),
    (43,0,1,1,7,1),
    (44,0,1,1,7,1),
    (45,0,1,1,7,1),
    (46,0,1,1,7,1),
    (47,0,1,1,7,1),
    (48,0,1,1,7,1),
    (49,4,1,1,7,1),
    (50,6,1,1,7,1),
    (51,1,1,1,7,1),
    (52,1,1,1,7,1),
    (53,1,1,1,7,1),
    (54,1,1,1,7,1),
    (55,2,1,1,7,1),
    (56,1,1,1,7,1),
    (57,3,1,1,7,1),
    (58,0,1,1,7,1),
    (59,0,1,1,7,1),
    (60,4,1,1,7,1),
    (61,3,1,1,7,1),
    (62,2,1,1,7,1),
    (63,0,1,1,7,1),
    (64,0,1,1,7,1),
    (65,0,1,1,7,1),
    (66,0,1,1,7,1),
    (67,0,1,1,7,1),
    (68,0,1,1,7,1),
    (69,0,1,1,7,1),
    (70,0,1,1,7,1),
    (71,0,1,1,7,1),
    (72,0,1,1,7,1),
    (73,0,1,1,7,1),
    (74,0,1,1,7,1),
    (75,0,1,1,7,1),
    (76,1,1,1,7,1),
    (77,2,1,1,7,1),
    (78,1,1,1,7,1),
    (79,1,1,1,7,1),
    (80,0,1,1,7,1),
    (81,0,1,1,7,1),
    (82,2,1,1,7,1),
    (83,0,1,1,7,1),
    (84,0,1,1,7,1),
    (85,0,1,1,7,1),
    (86,0,1,1,7,1),
    (87,1,1,1,7,1),
    (88,0,1,1,7,1),
    (89,0,1,1,7,1),
    (90,1,1,1,7,1),
    (91,5,1,1,7,1),
    (92,5,1,1,7,1),
    (93,6,1,1,7,1),
    (94,0,1,1,7,1),
    (95,0,1,1,7,1),
    (96,1,1,1,7,1),
    (97,5,1,1,7,1),
    (98,2,1,1,7,1),
    (99,0,1,1,7,1),
    (100,1,1,1,7,1),
    (101,3,1,1,7,1),
    (102,2,1,1,7,1),
    (103,2,1,1,7,1),
    (104,0,1,1,7,1),
    (105,0,1,1,7,1),
    (106,2,1,1,7,1),
    (107,1,1,1,7,1),
    (108,0,1,1,7,1),
    (109,0,1,1,7,1),
    (110,2,1,1,7,1),
    (111,3,1,1,7,1),
    (112,2,1,1,7,1),
    (113,1,1,1,7,1),
    (114,0,1,1,7,1),
    (115,0,1,1,7,1),
    (116,1,1,1,7,1),
    (117,0,1,1,7,1),
    (118,0,1,1,7,1),
    (119,1,1,1,7,1),
    (120,3,1,1,7,1),
    (121,2,1,1,7,1),
    (122,4,1,1,7,1),
    (123,6,1,1,7,1),
    (124,0,1,1,7,1),
    (125,1,1,1,7,1),
    (126,1,1,1,7,1),
    (127,0,1,1,7,1),
    (128,0,1,1,7,1),
    (129,0,1,1,7,1),
    (130,0,1,1,7,1),
    (131,0,1,1,7,1),
    (132,0,1,1,7,1),
    (133,0,1,1,7,1),
    (134,0,1,1,7,1),
    (135,3,1,1,7,1),
    (136,5,1,1,7,1),
    (137,8,1,1,7,1),
    (138,5,1,1,7,1),
    (139,3,1,1,7,1),
    (140,2,1,1,7,1),
    (141,2,1,1,7,1),
    (142,1,1,1,7,1),
    (143,1,1,1,7,1),
    (144,2,1,1,7,1),
    (145,2,1,1,7,1),
    (146,1,1,1,7,1),
    (147,7,1,1,7,1),
    (148,0,1,1,7,1),
    (149,2,1,1,7,1),
    (150,0,1,1,7,1),
    (151,0,1,1,7,1),
    (152,1,1,1,7,1),
    (153,1,1,1,7,1),
    (154,3,1,1,7,1),
    (155,2,1,1,7,1),
    (156,0,1,1,7,1),
    (157,1,1,1,7,1),
    (158,1,1,1,7,1),
    (159,1,1,1,7,1),
    (160,0,1,1,7,1),
    (161,0,1,1,7,1),
    (162,0,1,1,7,1),
    (163,2,1,1,7,1),
    (164,1,1,1,7,1),
    (165,1,1,1,7,1),
    (166,1,1,1,7,1),
    (167,0,1,1,7,1),
    (168,1,1,1,7,1),
    (169,1,1,1,7,1),
    (170,0,1,1,7,1),
    (171,0,1,1,7,1),
    (172,1,1,1,7,1),
    (173,1,1,1,7,1),
    (174,3,1,1,7,1),
    (175,2,1,1,7,1),
    (176,0,1,1,7,1),
    (177,4,1,1,7,1),
    (178,6,1,1,7,1),
    (179,1,1,1,7,1),
    (180,0,1,1,7,1),
    (181,1,1,1,7,1),
    (182,0,1,1,7,1),
    (183,1,1,1,7,1),
    (184,0,1,1,7,1),
    (185,3,1,1,7,1),
    (186,3,1,1,7,1),
    (187,0,1,1,7,1),
    (188,0,1,1,7,1),
    (189,0,1,1,7,1),
    (190,0,1,1,7,1),
    (191,0,1,1,7,1),
    (192,0,1,1,7,1),
    (193,2,1,1,7,1),
    (194,4,1,1,7,1),
    (195,3,1,1,7,1),
    (196,1,1,1,7,1),
    (197,0,1,1,7,1),
    (198,1,1,1,7,1),
    (199,1,1,1,7,1),
    (200,0,1,1,7,1),
    (201,3,1,1,7,1),
    (202,0,1,1,7,1),
    (203,1,1,1,7,1),
    (204,0,1,1,7,1),
    (205,0,1,1,7,1),
    (206,3,1,1,7,1),
    (207,4,1,1,7,1),
    (208,0,1,1,7,1),
    (209,4,1,1,7,1),
    (210,1,1,1,7,1),
    (211,1,1,1,7,1),
    (212,1,1,1,7,1),
    (213,1,1,1,7,1),
    (214,1,1,1,7,1),
    (215,0,1,1,7,1),
    (216,2,1,1,7,1),
    (217,3,1,1,7,1),
    (218,0,1,1,7,1),
    (219,7,1,1,7,1),
    (220,7,1,1,7,1),
    (221,5,1,1,7,1),
    (222,0,1,1,7,1),
    (223,3,1,1,7,1),
    (224,1,1,1,7,1),
    (225,4,1,1,7,1),
    (226,5,1,1,7,1),
    (227,3,1,1,7,1),
    (228,0,1,1,7,1),
    (229,0,1,1,7,1),
    (230,1,1,1,7,1),
    (231,2,1,1,7,1),
    (232,4,1,1,7,1),
    (233,2,1,1,7,1),
    (234,3,1,1,7,1),
    (235,1,1,1,7,1),
    (236,0,1,1,7,1),
    (237,1,1,1,7,1),
    (238,2,1,1,7,1),
    (239,2,1,1,7,1),
    (240,0,1,1,7,1),
    (241,1,1,1,7,1),
    (242,1,1,1,7,1),
    (243,1,1,1,7,1),
    (244,3,1,1,7,1),
    (245,1,1,1,7,1),
    (246,7,1,1,7,1),
    (247,9,1,1,7,1),
    (248,9,1,1,7,1),
    (249,7,1,1,7,1),
    (250,6,1,1,7,1);
INSERT INTO APP_WAREHOUSE_MOVEMENTS (APP_WAREHOUSE_ITEMS_ID,QUANTITY,USERREG,USERUPDATE,APP_WAREHOUSE_CAUSALS_ID,APP_WAREHOUSES_ID) VALUES
    (251,2,1,1,7,1),
    (252,0,1,1,7,1),
    (253,6,1,1,7,1),
    (254,3,1,1,7,1),
    (255,4,1,1,7,1),
    (256,2,1,1,7,1),
    (257,0,1,1,7,1),
    (258,5,1,1,7,1),
    (259,8,1,1,7,1),
    (260,5,1,1,7,1),
    (261,5,1,1,7,1),
    (262,5,1,1,7,1),
    (263,2,1,1,7,1),
    (264,5,1,1,7,1),
    (265,7,1,1,7,1),
    (266,8,1,1,7,1),
    (267,5,1,1,7,1),
    (268,4,1,1,7,1),
    (269,1,1,1,7,1),
    (270,3,1,1,7,1),
    (271,4,1,1,7,1),
    (272,0,1,1,7,1),
    (273,4,1,1,7,1),
    (274,1,1,1,7,1),
    (275,0,1,1,7,1),
    (276,3,1,1,7,1),
    (277,8,1,1,7,1),
    (278,6,1,1,7,1),
    (279,3,1,1,7,1),
    (280,5,1,1,7,1),
    (281,2,1,1,7,1),
    (282,3,1,1,7,1),
    (283,1,1,1,7,1),
    (284,4,1,1,7,1),
    (285,1,1,1,7,1),
    (286,5,1,1,7,1),
    (287,0,1,1,7,1),
    (288,1,1,1,7,1),
    (289,1,1,1,7,1),
    (290,0,1,1,7,1),
    (291,0,1,1,7,1),
    (292,0,1,1,7,1),
    (293,0,1,1,7,1),
    (294,0,1,1,7,1),
    (295,0,1,1,7,1),
    (296,0,1,1,7,1),
    (297,1,1,1,7,1),
    (298,2,1,1,7,1),
    (299,2,1,1,7,1),
    (300,0,1,1,7,1),
    (301,1,1,1,7,1),
    (302,3,1,1,7,1),
    (303,4,1,1,7,1),
    (304,5,1,1,7,1),
    (305,4,1,1,7,1),
    (306,2,1,1,7,1),
    (307,3,1,1,7,1),
    (308,2,1,1,7,1),
    (309,5,1,1,7,1),
    (310,6,1,1,7,1),
    (311,0,1,1,7,1),
    (312,4,1,1,7,1),
    (313,3,1,1,7,1),
    (314,3,1,1,7,1),
    (315,5,1,1,7,1),
    (316,1,1,1,7,1),
    (317,2,1,1,7,1),
    (318,3,1,1,7,1),
    (319,3,1,1,7,1),
    (320,1,1,1,7,1),
    (321,1,1,1,7,1),
    (322,0,1,1,7,1),
    (323,0,1,1,7,1),
    (324,4,1,1,7,1),
    (325,2,1,1,7,1),
    (326,6,1,1,7,1),
    (327,4,1,1,7,1),
    (328,7,1,1,7,1),
    (329,4,1,1,7,1),
    (330,5,1,1,7,1),
    (331,7,1,1,7,1),
    (332,7,1,1,7,1),
    (333,9,1,1,7,1),
    (334,5,1,1,7,1),
    (335,3,1,1,7,1),
    (336,4,1,1,7,1),
    (337,3,1,1,7,1),
    (338,4,1,1,7,1),
    (339,4,1,1,7,1),
    (340,2,1,1,7,1),
    (341,4,1,1,7,1),
    (342,6,1,1,7,1),
    (343,1,1,1,7,1),
    (344,2,1,1,7,1),
    (345,2,1,1,7,1),
    (346,3,1,1,7,1),
    (347,3,1,1,7,1),
    (348,3,1,1,7,1),
    (349,0,1,1,7,1),
    (350,1,1,1,7,1),
    (351,2,1,1,7,1),
    (352,3,1,1,7,1),
    (353,1,1,1,7,1),
    (354,0,1,1,7,1),
    (355,1,1,1,7,1),
    (356,5,1,1,7,1),
    (357,4,1,1,7,1),
    (358,6,1,1,7,1),
    (359,6,1,1,7,1),
    (360,2,1,1,7,1),
    (361,5,1,1,7,1),
    (362,3,1,1,7,1),
    (363,4,1,1,7,1),
    (364,2,1,1,7,1),
    (365,0,1,1,7,1),
    (366,1,1,1,7,1),
    (367,1,1,1,7,1),
    (368,3,1,1,7,1),
    (369,0,1,1,7,1),
    (370,2,1,1,7,1),
    (371,4,1,1,7,1),
    (372,4,1,1,7,1),
    (373,3,1,1,7,1),
    (374,1,1,1,7,1),
    (375,3,1,1,7,1),
    (376,4,1,1,7,1),
    (377,5,1,1,7,1),
    (378,3,1,1,7,1),
    (379,1,1,1,7,1),
    (380,2,1,1,7,1),
    (381,4,1,1,7,1),
    (382,4,1,1,7,1),
    (383,3,1,1,7,1),
    (384,1,1,1,7,1),
    (385,0,1,1,7,1),
    (386,1,1,1,7,1),
    (387,1,1,1,7,1),
    (388,1,1,1,7,1),
    (389,1,1,1,7,1),
    (390,1,1,1,7,1),
    (391,0,1,1,7,1),
    (392,1,1,1,7,1),
    (393,0,1,1,7,1),
    (394,1,1,1,7,1),
    (395,1,1,1,7,1),
    (396,0,1,1,7,1),
    (397,0,1,1,7,1),
    (398,2,1,1,7,1),
    (399,0,1,1,7,1),
    (400,1,1,1,7,1),
    (401,0,1,1,7,1),
    (402,0,1,1,7,1),
    (403,2,1,1,7,1),
    (404,4,1,1,7,1),
    (405,4,1,1,7,1),
    (406,2,1,1,7,1),
    (407,2,1,1,7,1),
    (408,4,1,1,7,1),
    (409,3,1,1,7,1),
    (410,3,1,1,7,1),
    (411,4,1,1,7,1),
    (412,0,1,1,7,1),
    (413,2,1,1,7,1),
    (414,2,1,1,7,1),
    (415,3,1,1,7,1),
    (416,4,1,1,7,1),
    (417,1,1,1,7,1),
    (418,6,1,1,7,1),
    (419,6,1,1,7,1),
    (420,7,1,1,7,1),
    (421,3,1,1,7,1),
    (422,1,1,1,7,1),
    (423,5,1,1,7,1),
    (424,4,1,1,7,1),
    (425,4,1,1,7,1),
    (426,5,1,1,7,1),
    (427,1,1,1,7,1),
    (428,0,1,1,7,1),
    (429,4,1,1,7,1),
    (430,1,1,1,7,1),
    (431,0,1,1,7,1),
    (432,37,1,1,7,1),
    (433,5,1,1,7,1),
    (434,9,1,1,7,1),
    (435,18,1,1,7,1),
    (436,12,1,1,7,1),
    (437,5,1,1,7,1),
    (438,9,1,1,7,1),
    (439,4,1,1,7,1),
    (440,12,1,1,7,1),
    (441,4,1,1,7,1),
    (442,1,1,1,7,1),
    (443,0,1,1,7,1),
    (444,1,1,1,7,1),
    (445,1,1,1,7,1),
    (446,1,1,1,7,1),
    (447,1,1,1,7,1),
    (448,1,1,1,7,1),
    (449,1,1,1,7,1),
    (450,1,1,1,7,1),
    (451,1,1,1,7,1),
    (452,1,1,1,7,1),
    (453,1,1,1,7,1),
    (454,1,1,1,7,1),
    (455,1,1,1,7,1),
    (456,1,1,1,7,1),
    (457,1,1,1,7,1),
    (458,1,1,1,7,1),
    (459,1,1,1,7,1),
    (460,1,1,1,7,1),
    (461,1,1,1,7,1),
    (462,1,1,1,7,1),
    (463,1,1,1,7,1),
    (464,1,1,1,7,1),
    (465,1,1,1,7,1),
    (466,3,1,1,7,1),
    (467,1,1,1,7,1),
    (468,1,1,1,7,1),
    (469,1,1,1,7,1),
    (470,1,1,1,7,1),
    (471,1,1,1,7,1),
    (472,1,1,1,7,1),
    (473,1,1,1,7,1),
    (474,1,1,1,7,1),
    (475,1,1,1,7,1),
    (476,1,1,1,7,1),
    (477,1,1,1,7,1),
    (478,1,1,1,7,1),
    (479,1,1,1,7,1),
    (480,1,1,1,7,1),
    (481,1,1,1,7,1),
    (482,1,1,1,7,1),
    (483,1,1,1,7,1),
    (484,1,1,1,7,1),
    (485,1,1,1,7,1),
    (486,1,1,1,7,1),
    (487,1,1,1,7,1),
    (488,1,1,1,7,1),
    (489,1,1,1,7,1),
    (490,1,1,1,7,1),
    (491,1,1,1,7,1),
    (492,1,1,1,7,1),
    (493,1,1,1,7,1),
    (494,1,1,1,7,1),
    (495,1,1,1,7,1),
    (496,1,1,1,7,1),
    (497,1,1,1,7,1),
    (498,1,1,1,7,1),
    (499,1,1,1,7,1),
    (500,1,1,1,7,1);
INSERT INTO APP_WAREHOUSE_MOVEMENTS (APP_WAREHOUSE_ITEMS_ID,QUANTITY,USERREG,USERUPDATE,APP_WAREHOUSE_CAUSALS_ID,APP_WAREHOUSES_ID) VALUES
    (501,1,1,1,7,1),
    (502,1,1,1,7,1),
    (503,1,1,1,7,1),
    (504,1,1,1,7,1),
    (505,1,1,1,7,1),
    (506,1,1,1,7,1),
    (507,1,1,1,7,1),
    (508,0,1,1,7,1),
    (509,0,1,1,7,1),
    (510,0,1,1,7,1),
    (511,0,1,1,7,1),
    (512,0,1,1,7,1),
    (513,0,1,1,7,1),
    (514,0,1,1,7,1),
    (515,0,1,1,7,1),
    (516,0,1,1,7,1),
    (517,0,1,1,7,1),
    (518,0,1,1,7,1),
    (519,0,1,1,7,1),
    (520,0,1,1,7,1),
    (521,0,1,1,7,1),
    (522,0,1,1,7,1),
    (523,0,1,1,7,1),
    (524,0,1,1,7,1),
    (525,0,1,1,7,1),
    (526,0,1,1,7,1),
    (527,0,1,1,7,1),
    (528,54,1,1,7,1),
    (529,2,1,1,7,1),
    (530,7,1,1,7,1),
    (531,5,1,1,7,1),
    (532,17,1,1,7,1),
    (533,6,1,1,7,1),
    (534,11,1,1,7,1),
    (535,11,1,1,7,1),
    (536,12,1,1,7,1),
    (537,17,1,1,7,1),
    (538,6,1,1,7,1),
    (539,1,1,1,7,1),
    (540,1,1,1,7,1),
    (541,1,1,1,7,1),
    (542,0,1,1,7,1),
    (543,90,1,1,7,1),
    (544,288,1,1,7,1),
    (545,154,1,1,7,1),
    (546,18,1,1,7,1),
    (547,65,1,1,7,1),
    (548,35,1,1,7,1),
    (549,28,1,1,7,1),
    (550,15,1,1,7,1),
    (551,14,1,1,7,1),
    (552,4,1,1,7,1),
    (553,10,1,1,7,1),
    (554,2,1,1,7,1),
    (555,4,1,1,7,1),
    (556,0,1,1,7,1),
    (557,48,1,1,7,1),
    (558,45,1,1,7,1),
    (559,1,1,1,7,1),
    (560,2,1,1,7,1);